step,omega,grad_hat,grad_se,grad_norm,true_grad_norm,bellman_error,distance_to_target,omega_0,grad_hat_0,grad_se_0,omega_star_0,omega_1,grad_hat_1,grad_se_1,omega_star_1,omega_2,grad_hat_2,grad_se_2,omega_star_2,omega_3,grad_hat_3,grad_se_3,omega_star_3
0,"[0, 0, 0, 0]","[-0.1997015189, 0.07879079301, -0.276850361, -0.2218364291]","[0.004065527294, 0.003960337745, 0.006868130697, 0.01322913932]",0.4146639716907658,0.42141125594112316,0.12117899424250103,0.714142842854285,0.0,-0.19970151893482752,0.004065527293574149,0.55,0.0,0.07879079301058907,0.003960337745056213,-0.35,0.0,-0.27685036103976224,0.006868130696928863,0.25,0.0,-0.22183642911478432,0.013229139324018703,0.15
1,"[0.009985075947, -0.003939539651, 0.01384251805, 0.01109182146]","[-0.1919217961, 0.07998909947, -0.265844626, -0.2090973943]","[0.003930412025, 0.003873339782, 0.006598290447, 0.01266617301]",0.39702306899053097,0.40319439664447115,0.11263142686267091,0.6974523630786865,0.009985075946741376,-0.1919217960544449,0.003930412025004442,0.55,-0.003939539650529454,0.07998909946607666,0.0038733397822158845,-0.35,0.013842518051988113,-0.26584462599035064,0.006598290447310223,0.25,0.011091821455739217,-0.20909739431315896,0.012666173006007824,0.15
2,"[0.01958116575, -0.007938994624, 0.02713474935, 0.02154669117]","[-0.1844934589, 0.08102806764, -0.2553386013, -0.1970318574]","[0.003803235079, 0.003791003587, 0.006343391214, 0.01213192786]",0.38029296374598603,0.3859182012970269,0.10479971912540706,0.6815563392869914,0.01958116574946362,-0.1844934588981779,0.0038032350794928497,0.55,-0.007938994623833287,0.08102806763750753,0.0037910035866344327,-0.35,0.027134749351505644,-0.2553386013000687,0.006343391214012561,0.25,0.021546691171397167,-0.19703185742297677,0.012131927858241746,0.15
3,"[0.02880583869, -0.01199039801, 0.03990167942, 0.03139828404]","[-0.1773995097, 0.08191764459, -0.2453080609, -0.18560517]","[0.003683569051, 0.003713081045, 0.006102692936, 0.01162501765]",0.3644261385152099,0.36953382143716873,0.09761799424255856,0.6664094208213683,0.028805838694372518,-0.17739950971102977,0.0036835690511246655,0.55,-0.011990398005708662,0.08191764458830764,0.003713081044620662,-0.35,0.03990167941650908,-0.24530806094624594,0.006102692936234857,0.25,0.03139828404254601,-0.1856051699907354,0.011625017648926029,0.15
4,"[0.03767581418, -0.01608628024, 0.05216708246, 0.04067854254]","[-0.1706237968, 0.08266723781, -0.2357299857, -0.1747844489]","[0.003571005595, 0.003639336046, 0.005875490108, 0.01114412578]",0.349377420546411,0.3539948206196639,0.09102670063338938,0.6519689317329619,0.03767581417992401,-0.17062379676559739,0.0035710055952798427,0.55,-0.016086280235124043,0.08266723780898952,0.0036393360462998706,-0.35,0.052167082463821374,-0.23572998573694995,0.005875490107730664,0.25,0.04067854254208278,-0.17478444891478534,0.011144125782904836,0.15
5,"[0.04620700402, -0.02021964213, 0.06395358175, 0.04941776499]","[-0.1641509718, 0.08328574323, -0.2265825026, -0.1645384868]","[0.003465154614, 0.003569543996, 0.005661109836, 0.01068800161]",0.33510386549607823,0.3392570538271898,0.08497199403255379,0.6381947375085044,0.04620700401820388,-0.16415097178323174,0.003465154613691188,0.55,-0.02021964212557352,0.08328574323113404,0.003569543996165518,-0.35,0.06395358175066887,-0.22658250255419024,0.005661109835605092,0.25,0.04941776498782205,-0.16453848681616204,0.010688001606543467,0.15
6,"[0.05441455261, -0.02438392929, 0.07528270688, 0.05764468933]","[-0.1579664495, 0.08378157181, -0.2178448267, -0.154837667]","[0.003365643511, 0.003503491345, 0.005458910016, 0.01025545688]",0.3215646475571491,0.3252785534670556,0.07940518036520905,0.6250491157491531,0.05441455260736547,-0.15796644950711583,0.0033656435110463647,0.55,-0.02438392928713022,0.08378157180917734,0.003503491345030221,-0.35,0.07528270687837837,-0.21784482666810814,0.00545891001593625,0.25,0.05764468932863015,-0.1548376669541198,0.010255456884361072,0.15
7,"[0.06231287508, -0.02857300788, 0.08617494821, 0.06538657268]","[-0.1520563693, 0.08416267474, -0.209497207, -0.1456538825]","[0.003272116517, 0.003440975141, 0.005268277625, 0.009845362439]",0.3087209556727619,0.3120194216305391,0.07428221339763301,0.612496630808538,0.062312875082721264,-0.15205636931834252,0.003272116516796379,0.55,-0.02857300787758909,0.08416267474280083,0.0034409751411180745,-0.35,0.08617494821178379,-0.20949720696671456,0.005268277624727937,0.25,0.06538657267633614,-0.14565388245601402,0.009845362439101281,0.15
8,"[0.06991569355, -0.03278114161, 0.09664980856, 0.0726692668]","[-0.1464075588, 0.08443656741, -0.201520874, -0.1369604596]","[0.003184234065, 0.003381802598, 0.005088627123, 0.009456644948]",0.29653589551981385,0.2994417283022477,0.06956324176307212,0.600504012416379,0.06991569354863839,-0.14640755879157125,0.003184234065404818,0.55,-0.03278114161472913,0.08443656740904966,0.0033818025982984617,-0.35,0.09664980856011951,-0.2015208739535777,0.00508862712266198,0.25,0.07266926679913685,-0.1369604596428978,0.009456644947670944,0.15
9,"[0.07723607149, -0.03700296999, 0.1067258523, 0.07951728978]","[-0.1410074991, 0.08461035207, -0.1938979904, -0.1287320852]","[0.003101672228, 0.00332579068, 0.004919398972, 0.009088283886]",0.28497439695431465,0.2875094152157672,0.06521220049551997,0.5890400383259371,0.07723607148821694,-0.14100749909209634,0.0031016722279724133,0.55,-0.037002969985181614,0.08461035206978185,0.0033257906797205866,-0.35,0.1067258522577984,-0.1938979903733515,0.004919398971926182,0.25,0.07951728978128174,-0.1287320852432329,0.009088283886121692,0.15
10,"[0.08428644644, -0.04123348759, 0.1164207518, 0.08595389404]","[-0.1358442921, 0.08469073942, -0.1866116043, -0.1209447373]","[0.003024122188, 0.003272765695, 0.004760058263, 0.008739308618]",0.27400312661766685,0.2761882050597398,0.06119644268447528,0.5780754210288422,0.08428644644282177,-0.135844292121115,0.003024122188024446,0.55,-0.04123348758867071,0.08469073941672832,0.003272765695362221,-0.35,0.11642075177646598,-0.18661160433213703,0.004760058263047957,0.25,0.08595389404344339,-0.120944737297677,0.008739308617591908,0.15
11,"[0.09107866105, -0.04546802456, 0.125751332, 0.09200113091]","[-0.1309066293, 0.08468406901, -0.1796456048, -0.1135756196]","[0.002951289754, 0.003222562912, 0.004610093449, 0.008408795618]",0.26359040540970563,0.26544551574563685,0.05748640729665219,0.5675826985803819,0.09107866104887752,-0.13090662932073252,0.0029512897542688086,0.55,-0.045468024559507124,0.08468406901328611,0.003222562912250316,-0.35,0.12575133199307284,-0.17964560478640118,0.004610093449171944,0.25,0.09200113090832725,-0.11357561956783886,0.008408795617861483,0.15
12,"[0.09762399251, -0.04970222801, 0.1347336122, 0.09767991189]","[-0.1261837621, 0.08459632869, -0.1729846793, -0.1066030993]","[0.002882894903, 0.003175026176, 0.004469015185, 0.008095865834]",0.253706130540899,0.2552503794550725,0.05405531960079571,0.5575361295731205,0.09762399251491415,-0.1261837620546769,0.0028828949033255957,0.55,-0.04970222801017143,0.08459632868916267,0.0031750261763408877,-0.35,0.13473361223239289,-0.17298467928056913,0.00446901518459995,0.25,0.09767991188671919,-0.10660309927144793,0.008095865833889982,0.15
13,"[0.1039331806, -0.05393204444, 0.1433828462, 0.1030100669]","[-0.1216654735, 0.08443317294, -0.1666142738, -0.100006648]","[0.002818671346, 0.003130007545, 0.004336355264, 0.007799682171]",0.24432170188275582,0.24557336619078432,0.050878920983415205,0.5479115922876744,0.10393318061764799,-0.12166547348500567,0.0028186713457898343,0.55,-0.05393204444462956,0.08443317294114304,0.0031300075452569236,-0.35,0.14338284619642133,-0.16661427381947075,0.004336355263688661,0.25,0.10301006685029158,-0.10000664797530733,0.0077996821713990526,0.15
14,"[0.1100164543, -0.05815370309, 0.1517135599, 0.1080103992]","[-0.1173420519, 0.08419994039, -0.1605205548, -0.09376678549]","[0.00275836611, 0.003087366931, 0.004211665655, 0.007519447108]",0.23540995234250195,0.23638651156162555,0.04793522526018768,0.5386864880375235,0.11001645429189827,-0.11734205186907637,0.0027583661095028134,0.55,-0.058153703091686715,0.08419994039055306,0.0030873669312733885,-0.35,0.15171355988739488,-0.16052055476762256,0.00421166565540947,0.25,0.10801039924905695,-0.09376678548599195,0.007519447108209086,0.15
15,"[0.1158835569, -0.06236370011, 0.1597395876, 0.1126987385]","[-0.1132042652, 0.08390167035, -0.1546903727, -0.08786502659]","[0.002701739135, 0.003046971754, 0.004094517628, 0.007254400431]",0.22694508199560012,0.2276632485382926,0.04520429887343505,0.5298396487107573,0.11588355688535208,-0.11320426520492201,0.002701739134551576,0.55,-0.062363700111214365,0.0839016703454163,0.003046971754105675,-0.35,0.159739587625776,-0.15469037267274086,0.004094517628055958,0.25,0.11269873852335655,-0.08786502658635569,0.007254400430631904,0.15
16,"[0.1215437701, -0.06655878363, 0.1674741063, 0.1170919899]","[-0.1092433372, 0.08354311851, -0.1491112279, -0.08228383047]","[0.002648562875, 0.003008696603, 0.003984500958, 0.007003817091]",0.21890259571798515,0.21937834292328642,0.042668062623529665,0.5213512484963961,0.12154377014559818,-0.10924333715678575,0.0026485628752609693,0.55,-0.06655878362848518,0.0835431185128766,0.0030086966032010502,-0.35,0.16747410625941306,-0.14911122791613524,0.0039845009577837275,0.25,0.11709198985267433,-0.08228383047358892,0.007003817090739271,0.15
17,"[0.127005937, -0.07073593955, 0.1749296677, 0.1212061814]","[-0.1054509242, 0.08312877191, -0.1437712381, -0.07700655276]","[0.002598621905, 0.002972422909, 0.003881223214, 0.006767005183]",0.2112592440690352,0.2115078322859591,0.04031011281411829,0.5132027197670939,0.12700593700343746,-0.1054509241960502,0.002598621905254905,0.55,-0.070735939554129,0.08312877190513616,0.002972422909351703,-0.35,0.17492966765521983,-0.14377123809750908,0.003881223213931427,0.25,0.12120618137635378,-0.07700655276190627,0.006767005182752522,0.15
18,"[0.1322784832, -0.07489237815, 0.1821182296, 0.125056509]","[-0.1018190939, 0.08266286298, -0.1386591071, -0.07201739992]","[0.002551712523, 0.002938038626, 0.003784309113, 0.006543304037]",0.20399296718646404,0.2040289681215983,0.03811555990018483,0.5053766730741875,0.13227848321323996,-0.10181909389605612,0.0025517125225078753,0.55,-0.07489237814938582,0.08266286297997262,0.002938038625543304,-0.35,0.1821182295600953,-0.13865910706643156,0.0037843091134464194,0.25,0.1250565090144491,-0.07201739991986683,0.006543304037114421,0.15
19,"[0.1373694379, -0.0790255213, 0.1890511849, 0.128657379]","[-0.09834030432, 0.08214938305, -0.1337640955, -0.06730138602]","[0.002507642352, 0.002905437917, 0.003693399936, 0.006332082431]",0.1970828414654521,0.1969201610024717,0.03607088291645776,0.4978568211957122,0.13736943790804276,-0.09834030432242762,0.002507642352150052,0.55,-0.07902552129838444,0.08214938305480567,0.0029054379170259576,-0.35,0.18905118491341688,-0.13376409551713409,0.00369339993626425,0.25,0.12865737901044244,-0.06730138601891258,0.006332082430993986,0.15
20,"[0.1422864531, -0.08313299045, 0.1957393897, 0.1320224483]","[-0.09500738446, 0.08159209503, -0.1290759931, -0.06284429168]","[0.002466229946, 0.002874520861, 0.003608152993, 0.006132736914]",0.19050902880655807,0.19016092849867156,0.0341637981335488,0.4906279071635073,0.14228645312416416,-0.09500738446348139,0.002466229945597918,0.55,-0.08313299045112472,0.08159209503131015,0.002874520860646492,-0.35,0.1957393896892736,-0.1290759930675406,0.003608152993200432,0.25,0.13202244831138807,-0.06284429167598332,0.0061327369140249995,0.15
21,"[0.1470368223, -0.0872125952, 0.2021931893, 0.1351646629]","[-0.09181351565, 0.08099454547, -0.1245850917, -0.05863262508]","[0.002427304375, 0.002845193154, 0.003528241138, 0.005944690248]",0.18425272823009642,0.1837318456574858,0.032383140542321984,0.48367563618222176,0.14703682234733823,-0.09181351564810285,0.0024273043753306077,0.55,-0.08721259520269023,0.0809945454657009,0.0028451931535145194,-0.35,0.20219318934265063,-0.12458509174745228,0.003528241137828046,0.25,0.13516466289518725,-0.05863262507898436,0.005944690247980247,0.15
22,"[0.1516274981, -0.09126232248, 0.2084224439, 0.1380962941]","[-0.0887522139, 0.08036007602, -0.1202821608, -0.05465358499]","[0.002390704825, 0.002817365831, 0.003453352314, 0.005767389959]",0.17829612966860447,0.17761449784185904,0.03071875690499092,0.4769866113410625,0.15162749812974335,-0.08875221390112151,0.0023907048252985634,0.55,-0.09126232247597528,0.08036007601801141,0.0028173658310916847,-0.35,0.20842244393002324,-0.12028216082456092,0.0034533523139454003,0.25,0.13809629414913646,-0.05465358498952544,0.005767389958833385,0.15
23,"[0.1560651088, -0.09528032628, 0.214436552, 0.1408289734]","[-0.08581731319, 0.07969183431, -0.1161584229, -0.05089502562]","[0.002356280178, 0.002790954995, 0.003383189131, 0.005600306999]",0.17262236976376166,0.1717914357412104,0.029161409235821657,0.47054827300867746,0.15606510882479943,-0.0858173131887791,0.002356280177521067,0.55,-0.09528032627687585,0.07969183431202406,0.0027909549947965208,-0.35,0.21443655197125128,-0.11615842290064404,0.003383189130581344,0.25,0.14082897339861272,-0.05089502562270597,0.005600306999261191,0.15
24,"[0.1603559745, -0.09926491799, 0.2202444731, 0.1433737247]","[-0.08300294951, 0.07899278424, -0.1122055312, -0.04734542331]","[0.002323888596, 0.002765881549, 0.003317468457, 0.005442934519]",0.16721548950919143,0.16624613238132563,0.02770268768642158,0.46434884179267005,0.16035597448423838,-0.08300294950925008,0.0023238885958939536,0.55,-0.09926491799247705,0.07899278423587913,0.002765881549208787,-0.35,0.22024447311628348,-0.11220553121365677,0.0033174684570268357,0.25,0.14337372467974802,-0.047345423308788014,0.005442934519103856,0.15
25,"[0.164506122, -0.1032145572, 0.2258547497, 0.1457409958]","[-0.08030354579, 0.07826571571, -0.1084155481, -0.04399384485]","[0.002293397109, 0.002742070949, 0.003255921031, 0.005294786741]",0.16206039359603208,0.16096294197407116,0.026334931911634597,0.45837726493793923,0.16450612195970088,-0.08030354578548046,0.002293397108585782,0.55,-0.10321455720427102,0.07826571571187299,0.0027420709489394,-0.35,0.2258547496769663,-0.10841554808474625,0.0032559210310938074,0.25,0.1457409958451874,-0.043993844846437695,0.005294786740648274,0.15
26,"[0.1685212992, -0.107127843, 0.2312755271, 0.1479406881]","[-0.07771379752, 0.07751325396, -0.1047809245, -0.04082991746]","[0.002264681191, 0.002719452955, 0.003198291075, 0.005155397935]",0.15714281133352853,0.15592706046209082,0.025051160083131158,0.4526231660322808,0.1685212992489749,-0.07771379751976201,0.0022646811906524506,0.55,-0.10712784298986466,0.07751325396251735,0.0027194529552072863,-0.35,0.23127552708120364,-0.1047809244522562,0.0031982910746515937,0.25,0.1479406880875093,-0.04082991746177358,0.005155397934857316,0.15
27,"[0.1724069891, -0.1110035057, 0.2365145733, 0.149982184]","[-0.07522865917, 0.0767378683, -0.1012944804, -0.03784380029]","[0.002237624349, 0.002697961402, 0.003144335911, 0.005024321494]",0.15244925903207565,0.15112448762822084,0.023845004799863446,0.44707679788342364,0.17240698912496302,-0.07522865917151446,0.0022376243486534352,0.55,-0.11100350568799053,0.07673786829854042,0.002697961402134851,-0.35,0.23651457330381645,-0.10129448043774968,0.0031443359114369444,0.25,0.14998218396059798,-0.03784380029182095,0.005024321493871227,0.15
28,"[0.1761684221, -0.1148403991, 0.2415792973, 0.151874374]","[-0.07284333122, 0.07594188045, -0.09794938689, -0.03502615732]","[0.002212117709, 0.002677533973, 0.003093825583, 0.004901129094]",0.14796700375083072,0.14654199065386248,0.022710655218538087,0.44172899842880375,0.17616842208353875,-0.07284333122170934,0.002212117709117527,0.55,-0.11484039910291755,0.07594188045321495,0.0026775339727408676,-0.35,0.24157929732570393,-0.0979493868918565,0.003093825583132561,0.25,0.15187437397518902,-0.035026157315093946,0.004901129094294693,0.15
29,"[0.1798105886, -0.1186374931, 0.2464767667, 0.1536256818]","[-0.07055324789, 0.07512747249, -0.09473914787, -0.03236813166]","[0.002188059613, 0.002658111985, 0.003046542461, 0.004785409945]",0.143684028325969,0.14216706902474807,0.02164280479394092,0.43657114953780873,0.1798105886446242,-0.07055324788920228,0.002188059612694037,0.55,-0.1186374931255783,0.07512747248616537,0.002658111984575341,-0.35,0.24647676667029675,-0.09473914787038812,0.0030465424607190083,0.25,0.15362568184094372,-0.03236813165593332,0.004785409944999548,0.15
30,"[0.183338251, -0.1223938667, 0.2512137241, 0.1552440884]","[-0.06835406547, 0.07429669428, -0.09165758399, -0.02986132119]","[0.002165355216, 0.002639640185, 0.003002280849, 0.004676770112]",0.13958899760872867,0.13798792069620647,0.020636604079051327,0.431595138565815,0.18333825103908433,-0.0683540654660167,0.0021653552157502253,0.55,-0.12239386674988656,0.07429669427861513,0.002639640184906244,-0.35,0.25121372406381615,-0.09165758399367638,0.00300228084908568,0.25,0.15524408842374038,-0.029861321192963235,0.004676770112459499,0.15
31,"[0.1867559543, -0.1261087015, 0.2557966033, 0.1567371545]","[-0.06624165124, 0.07345147064, -0.08869881664, -0.02749775541]","[0.002143916101, 0.002622066555, 0.002960846584, 0.004574831916]",0.1356712258543751,0.13399340944296226,0.019687618089057043,0.4267933225199893,0.18675595431238518,-0.06624165124028346,0.002143916101050415,0.55,-0.1261087014638173,0.07345147064093534,0.0026220665553344305,-0.35,0.25579660326349996,-0.08869881664447568,0.0029608465838043578,0.25,0.15673715448338854,-0.027497755405541995,0.004574831916032471,0.15
32,"[0.1900680369, -0.129781275, 0.2602315441, 0.1581120423]","[-0.06421207298, 0.07259360805, -0.08585725296, -0.0252698734]","[0.002123659899, 0.002605342126, 0.00292205662, 0.004479233385]",0.13192064521398655,0.13017303333052083,0.018791787782209097,0.42215849469838224,0.19006803687439935,-0.06421207297711846,0.0021236598989900213,0.55,-0.1297812749958641,0.07259360805228361,0.002605342125681115,-0.35,0.26023154409572374,-0.08585725296202518,0.002922056619796168,0.25,0.15811204225366565,-0.02526987339544797,0.0044792333851533216,0.15
33,"[0.1932786405, -0.1334109554, 0.2645244067, 0.1593755359]","[-0.06226158893, 0.07172480105, -0.08312757159, -0.02317050302]","[0.002104509921, 0.002589420797, 0.002885738612, 0.00438962777]",0.12832777529045883,0.12651689425614382,0.017945395254468893,0.4176838536662013,0.19327864052325527,-0.062261588929240864,0.0021045099206702753,0.55,-0.13341095539847828,0.07172480105112455,0.002589420796962804,-0.35,0.264524406743825,-0.08312757159202054,0.002885738612339359,0.25,0.15937553592343806,-0.023170503024207915,0.004389627770121983,0.15
34,"[0.19639172, -0.1369971955, 0.2686807853, 0.1605340611]","[-0.06038663835, 0.07084663829, -0.08050470915, -0.02119284111]","[0.002086394804, 0.002574259173, 0.002851730491, 0.004305683098]",0.12488369372826028,0.12301566851720291,0.017145032284570486,0.4133629744361776,0.19639171996971733,-0.06038663835054591,0.0020863948038976634,0.55,-0.1369971954510345,0.07084663829446693,0.0025742591732420047,-0.35,0.26868078532342604,-0.08050470915427418,0.0028517304914593257,0.25,0.16053406107464846,-0.021192841109511137,0.004305683098088274,0.15
35,"[0.1994110519, -0.1405395274, 0.2727060208, 0.1615937031]","[-0.05858383249, 0.0699606083, -0.07798384739, -0.01933043463]","[0.002069248173, 0.002559816402, 0.002819880031, 0.004227081766]",0.12158000781326256,0.11966057837324011,0.01638757190187899,0.4091897817235316,0.19941105188724462,-0.05858383248720962,0.002069248172984945,0.55,-0.14053952736575784,0.06996060830274103,0.0025598164021186096,-0.35,0.27270602078113976,-0.07798384739178453,0.002819880031208797,0.25,0.16159370313012403,-0.019330434627003366,0.004227081765952147,0.15
36,"[0.2023402435, -0.1440375578, 0.2766052132, 0.1625602249]","[-0.05684994602, 0.06906810491, -0.07556040097, -0.01757716287]","[0.002053008313, 0.002546054024, 0.002790044416, 0.004153520162]",0.118408827064455,0.11644336457533037,0.015670142681658183,0.4051585251500884,0.2023402435116051,-0.05684994602219411,0.002053008313025674,0.55,-0.1440375577808949,0.06906810490638404,0.0025460540236068164,-0.35,0.276605213150729,-0.07556040096677205,0.002790044415686416,0.25,0.1625602248614742,-0.017577162866486494,0.004153520162211738,0.15
37,"[0.2051827408, -0.147490963, 0.2803832332, 0.163439083]","[-0.05518190895, 0.06817043241, -0.07323000587, -0.01592722049]","[0.002037617859, 0.002532935827, 0.002762089804, 0.00408470831]",0.11536273680355702,0.11335625984234132,0.01499010550141328,0.4012637562764925,0.20518274081271481,-0.0551819089502329,0.0020376178591173183,0.55,-0.1474909630262141,0.06817043240939097,0.002532935827125798,-0.35,0.2803832331990676,-0.07323000587097454,0.0027620898038634416,0.25,0.16343908300479854,-0.015927220494130968,0.004084708310287994,0.15
38,"[0.2079418363, -0.1508994846, 0.2840447335, 0.164235444]","[-0.05357679886, 0.06726881048, -0.07098850842, -0.01437510147]","[0.002023023501, 0.002520427716, 0.002735890895, 0.004020369527]",0.11243477269158998,0.11039196326845163,0.014345032518163683,0.3975003073461483,0.20794183626022647,-0.05357679886154697,0.0020230235008238365,0.55,-0.15089948464668362,0.06726881048429136,0.0025204277163189395,-0.35,0.28404473349261633,-0.0709885084191637,0.0027358908954014834,0.25,0.16423544402950507,-0.014375101474760555,0.004020369526508339,0.15
39,"[0.2106206762, -0.1542629252, 0.2875941589, 0.1649541991]","[-0.05203183361, 0.06636437881, -0.0688319548, -0.01291558381]","[0.002009175702, 0.002508497581, 0.0027113305, 0.003960240087]",0.10961839622345408,0.1075436156498952,0.013732688150106882,0.39386327162937484,0.21062067620330382,-0.052031833613630646,0.0020091757019999193,0.55,-0.15426292517089818,0.06636437881230763,0.0025084975814065533,-0.35,0.28759415891357454,-0.06883195479640065,0.0027113304996634908,0.25,0.1649541991032431,-0.012915583810591715,0.003960240086715022,0.15
40,"[0.2132222679, -0.1575811441, 0.2910357567, 0.1655999783]","[-0.05054436437, 0.06545820148, -0.06675658113, -0.01154371506]","[0.001996028436, 0.002497115179, 0.00268829911, 0.003904068896]",0.10690747117260353,0.10480477572142724,0.01315101186741431,0.3903479852612577,0.21322226788398535,-0.050544364371509734,0.0019960284359481703,0.55,-0.15758114411151355,0.06545820148172518,0.0024971151787696695,-0.35,0.2910357566533946,-0.06675658113105543,0.0026882991100596948,0.25,0.16559997829377268,-0.011543715055033134,0.0039040688963342075,0.15
41,"[0.2157494861, -0.1608540542, 0.2943735857, 0.166177164]","[-0.049111869, 0.06455127116, -0.06475880407, -0.01025479856]","[0.001983538936, 0.002486252017, 0.002666694486, 0.00385161716]",0.10429624097813754,0.10216939729457311,0.012598102616081675,0.3869500104717306,0.21574948610256084,-0.049111868997846975,0.001983538935748052,0.55,-0.1608540541855998,0.06455127115685198,0.002486252017458461,-0.35,0.29437358570994737,-0.0647588040670192,0.002666694485747294,0.25,0.16617716404652433,-0.010254798562236206,0.003851617159669969,0.15
42,"[0.2182050796, -0.1640816177, 0.2976115259, 0.166689904]","[-0.04773194578, 0.06364451303, -0.06283521181, -0.009044380435]","[0.001971667459, 0.002475881252, 0.002646421243, 0.003802658045]",0.10177930706620628,0.09963180729043772,0.012072204716047953,0.38366512011149084,0.2182050795524532,-0.04773194577522742,0.001971667459481781,0.55,-0.1640816177434424,0.06364451302932189,0.0024758812523170567,-0.35,0.2976115259132983,-0.06283521180989031,0.002646421242531133,0.25,0.16668990397463615,-0.009044380435085318,0.0038026580451278784,0.15
43,"[0.2205916768, -0.1672638434, 0.3007532865, 0.167142123]","[-0.04640230744, 0.06273878856, -0.06098255562, -0.007908237136]","[0.00196037707, 0.002465977583, 0.002627390455, 0.003756976344]",0.09935160809664001,0.09718668465985084,0.011571695090384564,0.3804892833823876,0.22059167684121456,-0.046402307443838386,0.0019603770699870497,0.55,-0.1672638433949085,0.06273878856288223,0.0024659775834171603,-0.35,0.30075328650379285,-0.06098255562318848,0.002627390454607864,0.25,0.16714212299639042,-0.007908237136209703,0.0037569763439952194,0.15
44,"[0.2229117922, -0.1704007828, 0.3038024143, 0.1675375349]","[-0.04512077554, 0.06183489904, -0.05919774175, -0.006842363728]","[0.001949633429, 0.002456517161, 0.002609519269, 0.003714368121]",0.09700840012434979,0.09482904018302751,0.011095071696407994,0.3774186526858933,0.22291179221340648,-0.04512077553862536,0.0019496334286885138,0.55,-0.1704007828230526,0.06183489904225985,0.0024565171614954894,-0.35,0.30380241428495225,-0.059197741751868316,0.002609519268570477,0.25,0.16753753485320091,-0.006842363728389057,0.00371436812127678,0.15
45,"[0.225167831, -0.1734925278, 0.3067623014, 0.167879653]","[-0.04388527501, 0.06093358894, -0.05747782375, -0.005842962712]","[0.001939404603, 0.002447477499, 0.002592730531, 0.003674640358]",0.09474523766333914,0.09255419713985807,0.010640943042236473,0.37444955150814024,0.22516783099033774,-0.04388527501078531,0.0019394046029983663,0.55,-0.17349252777516558,0.060933588936140565,0.0024474774990945495,-0.35,0.3067623013725457,-0.05747782375153854,0.0025927305308549773,0.25,0.16787965303962038,-0.005842962712432838,0.0036746403578825633,0.15
46,"[0.2273620947, -0.1765392072, 0.3096361926, 0.1681718012]","[-0.04269382912, 0.06003554908, -0.0558199952, -0.004906433432]","[0.001929660887, 0.002438837387, 0.00257695243, 0.003637610584]",0.09255795563934723,0.09035777284052965,0.010208018683731139,0.3715784632647554,0.227362094740877,-0.04269382911925269,0.0019296608867293912,0.55,-0.1765392072219726,0.06003554908379964,0.002438837387112073,-0.35,0.3096361925601226,-0.05581999520291273,0.0025769524295751883,0.25,0.16817180117524202,-0.0049064334322298595,0.003637610584166122,0.15
47,"[0.2294967862, -0.1795409847, 0.3124271923, 0.1684171228]","[-0.04154455458, 0.05914141971, -0.05422158279, -0.004029362018]","[0.001920374633, 0.002430576816, 0.002562118151, 0.003603106505]",0.09044265221516827,0.08823566100452564,0.009795100607057022,0.3688020210333376,0.22949678619683964,-0.0415445545785376,0.001920374632930304,0.55,-0.17954098467616258,0.05914141971443246,0.0024305768164717347,-0.35,0.3124271923202682,-0.05422158279202489,0.0025621181514631336,0.25,0.1684171228468535,-0.004029362018201493,0.0036031065054100155,0.15
48,"[0.2315740139, -0.1824980557, 0.3151382715, 0.1686185909]","[-0.04043565695, 0.05825179331, -0.05268003974, -0.003208511842]","[0.001911520099, 0.002422676905, 0.002548165554, 0.00357096562]",0.08839567247075657,0.08618401497425461,0.009401075411380808,0.3661169981058746,0.23157401392576651,-0.04043565694997899,0.0019115200985312846,0.55,-0.1824980556618842,0.058251793307768786,0.0024226769046359745,-0.35,0.31513827145986945,-0.05268003973774692,0.002548165554416316,0.25,0.16861859094776357,-0.00320851184184728,0.003570965620340771,0.15
49,"[0.2335957968, -0.1854106453, 0.3177722734, 0.1687790165]","[-0.03936542626, 0.0573672173, -0.05119293955, -0.002440814455]","[0.0019030733, 0.002415119827, 0.002535036856, 0.003541034834]",0.08641359291833788,0.08419923174770703,0.00902490721458991,0.36352029929768126,0.23359579677326547,-0.03936542626412341,0.0019030733001758422,0.55,-0.18541064532727264,0.057367217304125404,0.0024151198266907496,-0.35,0.3177722734467568,-0.05119293954907587,0.0025350368559533616,0.25,0.16877901653985594,-0.0024408144554625712,0.0035410348341277614,0.15
50,"[0.2355640681, -0.1882790062, 0.3203319204, 0.1689010573]","[-0.03833223286, 0.05648819667, -0.0497579701, -0.001723360992]","[0.001895011881, 0.002407888751, 0.002522678338, 0.003513170068]",0.08449320683097075,0.08227793681270446,0.008665631212461665,0.3610089529535576,0.23556406808647165,-0.038332232862564146,0.0018950118806120954,0.55,-0.18827900619247892,0.056488196671630735,0.0024078887507418714,-0.35,0.3203319204242106,-0.049757970095537056,0.0025226783376995333,0.25,0.16890105726262908,-0.001723360992412045,0.0035131700675887756,0.15
51,"[0.2374806797, -0.191103416, 0.3228198189, 0.1689872253]","[-0.03733452345, 0.05561519634, -0.04837292797, -0.001053394005]","[0.001887314985, 0.002400967777, 0.002511040066, 0.003487235864]",0.08263151036139815,0.08041696976354783,0.008322347828513366,0.35858010359579184,0.23748067972959985,-0.037334523448166776,0.0018873149850207563,0.55,-0.19110341602606046,0.05561519633796047,0.0024009677773726623,-0.35,0.3228198189289875,-0.04837292797490468,0.0025110400658633317,0.25,0.1689872253122497,-0.001053394004599413,0.0034872358644892957,0.15
52,"[0.2393474059, -0.1938841758, 0.3252384653, 0.169039895]","[-0.03637081733, 0.05474864349, -0.04703571316, -0.000428299715]","[0.001879963147, 0.002394341883, 0.002500075628, 0.003463104999]",0.08082568942660892,0.07861337067924043,0.00799421739789637,0.3562310051623843,0.2393474059020082,-0.03637081733316458,0.0018799631466673455,0.55,-0.19388417584295847,0.054748643493556244,0.0023943418829231906,-0.35,0.3252384653277327,-0.04703571316323236,0.002500075627526902,0.25,0.16903989501247965,-0.000428299714952371,0.0034631049989015134,0.15
53,"[0.2411659468, -0.196621608, 0.327590251, 0.16906131]","[-0.03543970288, 0.05388892977, -0.04574432393, 0.0001543993361]","[0.001872938181, 0.002387996866, 0.002489741882, 0.003440658085]",0.07907310733231784,0.0768643672409917,0.007680455334227392,0.35395901478743613,0.24116594676866643,-0.03543970287514323,0.00187293818128124,0.55,-0.19662160801763628,0.05388892977293583,0.0023879968663620054,-0.35,0.32759025098589434,-0.045744323932947306,0.0024897418824548012,0.25,0.16906130999822727,0.00015439933612811175,0.0034406580845896136,0.15
54,"[0.2429379319, -0.1993160545, 0.3298774672, 0.16905359]","[-0.03453983409, 0.05303641332, -0.04449685203, 0.0006970512704]","[0.00186622309, 0.0023819193, 0.00247999873, 0.003419783188]",0.07737129311058573,0.07516736256542483,0.007380327733235768,0.35176158707902766,0.24293793191242358,-0.034539834091432506,0.0018662230895830788,0.55,-0.19931605450628306,0.05303641332037147,0.002381919299532127,-0.35,0.3298774671825417,-0.04449685202548282,0.002479998730028031,0.25,0.16905359003142087,0.0006970512703502514,0.0034197831883278516,0.15
55,"[0.2446649236, -0.2019678752, 0.3321023098, 0.1690187375]","[-0.03366992744, 0.05219142075, -0.04329147807, 0.001201881496]","[0.001859801967, 0.002376096481, 0.002470808891, 0.003400375449]",0.07571793054304869,0.07351992372883352,0.007093147371601356,0.3496362688531173,0.2446649236169952,-0.033669927442912376,0.001859801967403857,0.55,-0.20196787517230164,0.05219142074589469,0.002376096480563584,-0.35,0.33210230978381583,-0.0432914780656109,0.0024708088908302703,0.25,0.16901873746790336,0.001201881496107546,0.003400375448942744,0.15
56,"[0.24634842, -0.2045774462, 0.3342668837, 0.1689586434]","[-0.03282875878, 0.05135424898, -0.04212646721, 0.001670998996]","[0.001853659923, 0.00237051639, 0.002462137702, 0.003382336704]",0.07411084784166962,0.07191977095696553,0.006818270063411941,0.34758069428501837,0.24634841998914084,-0.032828758778684325,0.0018536599228630454,0.55,-0.20457744620959636,0.051354248977274336,0.0023705163902556204,-0.35,0.3342668836870964,-0.04212646720527727,0.002462137702351861,0.25,0.168958643393098,0.0016709989960735736,0.003382336703725102,0.15
57,"[0.2479898579, -0.2071451587, 0.336373207, 0.1688750934]","[-0.03201516043, 0.05052516701, -0.04100016499, 0.002106402295]","[0.001847783, 0.002365167651, 0.002453952928, 0.003365575124]",0.0725480079586204,0.07036476745415658,0.006555091340324643,0.3455925804428679,0.24798985792807504,-0.03201516043350166,0.001847783000098437,0.55,-0.2071451586584601,0.050525167013335794,0.00236516765124188,-0.35,0.33637320704736023,-0.04100016498537222,0.0024539529282296907,0.25,0.16887509344329432,0.002106402294904881,0.003365575123678377,0.15
58,"[0.2495906159, -0.209671417, 0.3384232153, 0.1687697733]","[-0.03122801847, 0.04970441758, -0.0399109934, 0.002509985123]","[0.001842158109, 0.00236003949, 0.00244622458, 0.003350004859]",0.07102749949676623,0.0688529098451923,0.006303043424812784,0.3436697231701914,0.24959061594975013,-0.031228018470252493,0.0018421581090667775,0.55,-0.20967141700912686,0.049704417583714015,0.0023600394897622372,-0.35,0.33842321529662883,-0.03991099340444114,0.002446224580408759,0.25,0.1687697733285491,0.0025099851232892913,0.0033500048588806564,0.15
59,"[0.2511520169, -0.2121566379, 0.340418765, 0.1686442741]","[-0.03046627006, 0.04889221872, -0.03885744718, 0.002883541794]","[0.001836772961, 0.0023551217, 0.002438924754, 0.003335545695]",0.06954752819228913,0.06738231920302841,0.006061592468852989,0.34180999328719053,0.2511520168732628,-0.030466270060189492,0.001836772960960921,0.55,-0.21215663788831257,0.048892218719861005,0.0023551216998747527,-0.35,0.34041876496685086,-0.03885744718390311,0.0024389247535901845,0.25,0.16864427407238464,0.0028835417937504845,0.003335545695038456,0.15
60,"[0.2526753304, -0.2146012488, 0.3423616373, 0.168500097]","[-0.02972890099, 0.04808876524, -0.03783809022, 0.003228772303]","[0.001831616009, 0.00235040461, 0.002432027471, 0.003322122722]",0.06810640894123511,0.06595123263543994,0.005830236033088691,0.3400113330827573,0.25267533037627227,-0.029728900993960066,0.0018316160088159732,0.55,-0.21460124882430562,0.04808876524190549,0.002350404609950729,-0.35,0.342361637326046,-0.03783809021987559,0.0024320274713195613,0.25,0.1685000969826971,0.0032287723028308663,0.003322122722109995,0.15
61,"[0.2541617754, -0.2170056871, 0.3442535418, 0.1683386584]","[-0.02901494332, 0.04729423017, -0.03685155221, 0.003547287174]","[0.001826676393, 0.002345879051, 0.002425508543, 0.003309666016]",0.06670255834213704,0.06455799540378114,0.005608500783924849,0.3382717530714365,0.2541617754259703,-0.029014943316848656,0.001826676392903328,0.55,-0.2170056870864009,0.04729423016570426,0.0023458790513052087,-0.35,0.3442535418370398,-0.03685155221219365,0.0024255085430683727,0.25,0.16833865836755557,0.0035472871735467357,0.003309666015685293,0.15
62,"[0.2556125226, -0.2193703986, 0.3460961194, 0.168161294]","[-0.02832347308, 0.04650876603, -0.03589652546, 0.003840612051]","[0.001821943891, 0.002341536329, 0.002419345432, 0.003298110332]",0.06533448772739932,0.06320105354730625,0.005395940388190078,0.33658932899163785,0.2556125225918127,-0.028323473081971456,0.0018219438905373207,0.55,-0.2193703985946861,0.046508766034218565,0.002341536328823967,-0.35,0.3460961194476495,-0.035896525461697484,0.002419345431666378,0.25,0.16816129400887825,0.0038406120512948197,0.003298110331625905,0.15
63,"[0.2570286962, -0.2216958369, 0.3478909457, 0.1679692634]","[-0.02765360822, 0.04573250618, -0.03497176183, 0.004110192066]","[0.00181740887, 0.002337368193, 0.00241351713, 0.003287394814]",0.06400079665676447,0.06187894698690541,0.005192133586970185,0.3349621990233401,0.2570286962459113,-0.02765360821548573,0.001817408869944342,0.55,-0.22169583689639702,0.04573250617713243,0.0023373681934565353,-0.35,0.34789094572073437,-0.0349717618273137,0.0024135171304542733,0.25,0.16796926340631352,0.00411019206572189,0.0032873948142970342,0.15
64,"[0.2584113767, -0.2239824622, 0.3496395338, 0.1677637538]","[-0.02700450649, 0.0449655659, -0.03407606983, 0.00435739597]","[0.001813062248, 0.002333366816, 0.00240800405, 0.003277462719]",0.06270016684690786,0.060590303082637305,0.004996682431992055,0.33338856120534016,0.25841137665668557,-0.027004506488168774,0.0018130622478684131,0.55,-0.22398246220525364,0.044965565902431164,0.0023333668164529256,-0.35,0.34963953381210006,-0.034076069834877,0.002408004049542746,0.25,0.1677637538030274,0.004357395970443988,0.0032774627185725626,0.15
65,"[0.259761602, -0.2262307405, 0.3513433373, 0.167545884]","[-0.02637536359, 0.04420804362, -0.03320831193, 0.004583520072]","[0.001808895451, 0.002329524765, 0.002402787911, 0.003268261146]",0.061431356512015874,0.059333830620068986,0.004809210669538172,0.33186667103378525,0.259761601981094,-0.026375363588013845,0.0018088954506104084,0.55,-0.2262307405003752,0.044208043623461576,0.0023295247652293355,-0.35,0.35134333730384393,-0.033208311930045364,0.002402787910583737,0.25,0.1675458840045052,0.00458352007188725,0.0032682611456540914,0.15
66,"[0.2610803702, -0.2284411427, 0.3530037529, 0.167316708]","[-0.02576541129, 0.04346002192, -0.03236740187, 0.004789791958]","[0.001804900378, 0.002325834981, 0.002397851649, 0.003259740793]",0.060193195091099855,0.058108314201149217,0.004629362258316721,0.3303948392252955,0.2610803701604947,-0.02576541128875702,0.0018049003782201318,0.55,-0.22844114268154828,0.04346002192483085,0.002325834980755376,-0.35,0.3530037529003462,-0.03236740186806952,0.0023978516494825,0.25,0.16731670800091084,0.004789791957957158,0.0032597407926242697,0.15
67,"[0.2623686407, -0.2306141438, 0.354622123, 0.1670772184]","[-0.02517391571, 0.04272156857, -0.03155230223, 0.004977374037]","[0.001801069372, 0.002322290756, 0.002393179327, 0.003251855716]",0.05898457833869008,0.056912609016127866,0.004456800009015651,0.32897142962943865,0.26236864072493254,-0.025173915709506826,0.0018010693715814084,0.55,-0.23061414377778983,0.042721568570314304,0.002322290756362365,-0.35,0.3546221229937497,-0.031552302233504644,0.002393179326504452,0.25,0.16707721840301298,0.004977374036700807,0.003251855715552194,0.15
68,"[0.2636273365, -0.2327502222, 0.3561997381, 0.1668283497]","[-0.02460017566, 0.04199273746, -0.03076202208, 0.005147366895]","[0.001797395182, 0.002318885718, 0.002388756043, 0.003244563106]",0.0578044637565388,0.055745635973875905,0.004291204334445213,0.3275948572766671,0.2636273365104079,-0.02460017566089319,0.0017973951821500889,0.55,-0.23275022220630553,0.04199273745578375,0.0023188857178786317,-0.35,0.35619973810542493,-0.03076202208334355,0.002388756043256532,0.25,0.16682834970117794,0.005147366894607983,0.0032445631058792843,0.15
69,"[0.2648573453, -0.2348498591, 0.3577378392, 0.1665709814]","[-0.02404352107, 0.04127356951, -0.02999561471, 0.005300812484]","[0.001793870944, 0.002315613805, 0.002384567866, 0.00323782308]",0.05665186634493188,0.05460637716884401,0.0041322721002348,0.3262635865490806,0.2648573452934525,-0.024043521073382826,0.0017938709441234376,0.55,-0.23484985907909472,0.04127356951002261,0.0023156138050040003,-0.35,0.3577378392095921,-0.02999561470734833,0.002384567866050191,0.25,0.16657098135644754,0.0053008124837105285,0.0032378230797424305,0.15
70,"[0.2660595213, -0.2369135376, 0.3592376199, 0.1663059407]","[-0.0235033115, 0.04056409355, -0.0292521755, 0.005438697146]","[0.001790490149, 0.002312469254, 0.002380601755, 0.00323159848]",0.055525854653204226,0.05349387166381079,0.00397971556700772,0.32497612946252674,0.26605952134712163,-0.023503311503629408,0.0017904901488368186,0.55,-0.23691353755459585,0.04056409354613563,0.002312469253841386,-0.35,0.35923761994495956,-0.029252175499690457,0.0023806017551803167,0.25,0.16630594073226201,0.005438697146172889,0.0032315984798325106,0.15
71,"[0.2672346869, -0.2389417422, 0.3607002287, 0.1660340059]","[-0.02297893471, 0.03986432707, -0.02853083994, 0.005561954485]","[0.001787246621, 0.002309446581, 0.0023768455, 0.003225854689]",0.054425547110050126,0.05240721156850281,0.0038332614158219504,0.3237310440496232,0.2672346869223031,-0.022978934714933563,0.0017872466211998766,0.55,-0.23894174223190262,0.039864327066131355,0.002309446580508892,-0.35,0.36070022871994406,-0.02853083993629598,0.002376845499681785,0.25,0.16603400587495337,0.005561954484627869,0.0032258546893408476,0.15
72,"[0.2683836337, -0.2409349586, 0.3621267707, 0.1657559082]","[-0.02246980533, 0.03917427702, -0.02783078165, 0.005671468086]","[0.001784134498, 0.002306540566, 0.002373287657, 0.003220559458]",0.05335010861521251,0.05134553839510846,0.0036926498494452473,0.32252693283426137,0.2683836336580498,-0.022469805328090106,0.0017841344979995933,0.55,-0.2409349585852092,0.039174277021116956,0.002306540565760894,-0.35,0.36212677071675886,-0.027830781652586272,0.002373287657152126,0.25,0.16575590815072197,0.005671468086092112,0.0032205594575123423,0.15
73,"[0.2695071239, -0.2428936724, 0.3635183098, 0.1654723347]","[-0.02197536354, 0.03849394053, -0.02715121062, 0.005768074107]","[0.001781148208, 0.002303746241, 0.002369917498, 0.003215682736]",0.052298747375106654,0.05030803967264618,0.0035576337627373123,0.32136244138905934,0.2695071239244543,-0.021975363539081583,0.0017811482079117442,0.55,-0.24289367243626503,0.03849394052942492,0.002303746240551433,-0.35,0.36351830979938815,-0.027151210616561235,0.002369917498255203,0.25,0.16547233474641737,0.0057680741068972955,0.0032156827363000037,0.15
74,"[0.2706058921, -0.2448183695, 0.3648758703, 0.165183931]","[-0.0214950739, 0.03782330555, -0.02649137139, 0.005852563726]","[0.001778282453, 0.002301058872, 0.002366724956, 0.003211196528]",0.05127071196589877,0.04929394580307999,0.0034279779760476633,0.3202362569680579,0.2706058921014084,-0.0214950739002626,0.0017782824530753996,0.55,-0.24481836946273627,0.037823305554870415,0.0023010588724777198,-0.35,0.36487587033021623,-0.026491371392435115,0.0023667249555462096,0.25,0.1651839310410725,0.005852563725700387,0.0032111965276011754,0.15
75,"[0.2716806458, -0.2467095347, 0.3662004389, 0.1648913029]","[-0.02102842416, 0.03716235155, -0.02585054149, 0.005925685471]","[0.001775532192, 0.002298473953, 0.002363700576, 0.003207074741]",0.0502652886084921,0.04830252714299218,0.003303458526112011,0.3191471072077156,0.27168064579642154,-0.021028424161844708,0.0017755321920972368,0.55,-0.2467095347404798,0.03716235154722531,0.002298473953045704,-0.35,0.366200438899838,-0.025850541490278,0.0023637005762825944,0.25,0.16489130285478748,0.005925685471268935,0.003207074740547079,0.15
76,"[0.272732067, -0.2485676523, 0.367492966, 0.1645950186]","[-0.02057492417, 0.03651105005, -0.0252280298, 0.005988147431]","[0.001772892624, 0.002295987186, 0.002360835479, 0.003203293058]",0.04928179864077742,0.04733309129552129,0.003183862009448495,0.31809375888995417,0.2727320670045138,-0.02057492417065458,0.001772892624363711,0.55,-0.24856765231784106,0.03651105004688783,0.002295987185703731,-0.35,0.3674929659743519,-0.025228029797336144,0.002360835478909378,0.25,0.16459501858122402,0.005988147431411184,0.003203293058318722,0.15
77,"[0.2737608132, -0.2503932048, 0.3687543675, 0.1642956112]","[-0.02013410482, 0.03586936526, -0.02462317509, 0.006040619349]","[0.001770359176, 0.002293594475, 0.002358121313, 0.003199828814]",0.04831959617338674,0.04638498059814833,0.003068984973723318,0.3170750167616414,0.2737608132130465,-0.02013410482329045,0.0017703591755494508,0.55,-0.25039320482018546,0.03586936525562491,0.0022935944745938537,-0.35,0.3687543674642187,-0.024623175086937177,0.0023581213129291955,0.25,0.16429561120965347,0.006040619349083945,0.003199828813964614,0.15
78,"[0.2747675185, -0.2521866731, 0.3699855262, 0.1639935802]","[-0.01970551707, 0.03523725458, -0.0240353446, 0.006083734611]","[0.001767927484, 0.002291291914, 0.002355550222, 0.003196660875]",0.04737806591602668,0.04545756979276159,0.002958633352978461,0.3160897224054785,0.27476751845421105,-0.019705517070945658,0.0017679274842198577,0.55,-0.2521866730829667,0.03523725457517112,0.0022912919139738866,-0.35,0.36998552621856556,-0.024035344601076147,0.0023555502218888316,0.25,0.16399358024219926,0.006083734611415892,0.0031966608747060646,0.15
79,"[0.2757527943, -0.2539485358, 0.3711872934, 0.1636893935]","[-0.01928873097, 0.03461466912, -0.0234639327, 0.006118092137]","[0.001765593389, 0.002289075778, 0.002353114809, 0.003193769534]",0.04645662116228182,0.044550263865248296,0.0028526219429961088,0.3151367531577873,0.27575279430775834,-0.01928873097331016,0.001765593389434635,0.55,-0.2539485358117253,0.034614669115370256,0.0022890757782664463,-0.35,0.3711872934486194,-0.023463932702993514,0.0023531148092337654,0.25,0.16368939351162848,0.006118092137084979,0.0031937695342277375,0.15
80,"[0.2767172309, -0.2556792693, 0.3723604901, 0.1633834889]","[-0.0188833348, 0.03400155417, -0.0229083596, 0.006144258167]","[0.001763352919, 0.002286942513, 0.002350808107, 0.003191136412]",0.045554701921547536,0.04366249604264713,0.0027507739134198426,0.3142150210691708,0.27671723085642386,-0.01888333479908651,0.0017633529192671005,0.55,-0.2556792692674938,0.034001554173466744,0.0022869425126942605,-0.35,0.3723604900837691,-0.02290835959622642,0.002350808106801194,0.25,0.16338348890477422,0.006144258167219397,0.0031911364124670677,0.15
81,"[0.2776613976, -0.257379347, 0.3735059081, 0.163076276]","[-0.01848893417, 0.03339784969, -0.02236807011, 0.006162767965]","[0.00176120228, 0.002284888724, 0.002348623546, 0.003188744362]",0.044671773187489515,0.04279372593664884,0.0026529203535645626,0.31332347190445725,0.2776613975963782,-0.018488934170783653,0.0017612022801615345,0.55,-0.25737934697616716,0.03339784968606584,0.002284888724463741,-0.35,0.3735059080635804,-0.02236807010680328,0.0023486235457393463,0.25,0.16307627599641325,0.0061627679647234205,0.0031887443624326784,0.15
82,"[0.2785858443, -0.2590492395, 0.3746243116, 0.1627681376]","[-0.01810515125, 0.03280349066, -0.02184253253, 0.006174127427]","[0.001759137847, 0.002282911174, 0.00234655493, 0.003186577384]",0.043807323333124676,0.04194343782295099,0.0025588998491291905,0.31246108417872903,0.2785858443049174,-0.018105151251571173,0.0017591378470576396,0.55,-0.2590492394604704,0.032803490655203014,0.0022829111744615345,-0.35,0.37462431156892056,-0.02184253252541248,0.002346554929657772,0.25,0.16276813759817707,0.006174127426686847,0.0031865773836028894,0.15
83,"[0.2794911019, -0.260689414, 0.3757164382, 0.1624594312]","[-0.01773162397, 0.03221840755, -0.02133123751, 0.006178814614]","[0.001757156154, 0.002281006769, 0.00234459641, 0.003184620541]",0.04296086262328655,0.04111113904665676,0.0024685580872811355,0.3116268682265953,0.27949110186749593,-0.017731623972084457,0.001757156154217418,0.55,-0.2606894139932306,0.03221840754989541,0.002281006769431017,-0.35,0.3757164381951912,-0.021331237506542713,0.0023445964098280352,0.25,0.16245943122684273,0.00617881461429351,0.003184620541472737,0.15
84,"[0.2803776831, -0.2623003344, 0.3767830001, 0.1621504905]","[-0.0173680053, 0.03164252668, -0.02083369702, 0.006177281204]","[0.001755253887, 0.002279172555, 0.002342742462, 0.003182859893]",0.042131921835859946,0.0402963585445583,0.0023817474878120005,0.310819865302185,0.28037768306610017,-0.01736800529518307,0.001755253886695482,0.55,-0.26230033437072536,0.031642526684470255,0.002279172554598113,-0.35,0.3767830000705183,-0.020833697021736593,0.0023427424622691965,0.25,0.16215049049612806,0.006177281204427774,0.0031828598928417304,0.15
85,"[0.2812460833, -0.2638824607, 0.3778246849, 0.1618416264]","[-0.01701396252, 0.03107577057, -0.02034944336, 0.006169953867]","[0.001753427872, 0.002277405707, 0.002340987867, 0.003181282416]",0.041320050983764574,0.03949864547575975,0.0022983268582725492,0.3100391467076268,0.2812460833308593,-0.01701396251675906,0.0017534278723990433,0.55,-0.26388246070494886,0.031075770574902826,0.002277405706717784,-0.35,0.37782468492160515,-0.020349443364250836,0.002340987866565123,0.25,0.1618416264359067,0.006169953866956625,0.003181282416452848,0.15
86,"[0.2820967815, -0.2654362492, 0.3788421571, 0.1615331287]","[-0.0166691766, 0.03051805827, -0.0198780282, 0.006157235571]","[0.001751675075, 0.002275703528, 0.002339327686, 0.003179875949]",0.040524818130223225,0.03871756795267752,0.0022181610711835046,0.30928381294803686,0.28209678145669725,-0.01666917660079485,0.0017516750746885757,0.55,-0.265436249233694,0.03051805827432974,0.002275703527514593,-0.35,0.37884215708981767,-0.019878028202545014,0.002339327686273567,0.25,0.16153312874255885,0.006157235571473745,0.003179875948617208,0.15
87,"[0.2829302403, -0.2669621521, 0.3798360585, 0.161225267]","[-0.01633334155, 0.02996930569, -0.01941902168, 0.006139506827]","[0.001749992585, 0.002274063437, 0.002337757251, 0.003178629123]",0.039745808290378375,0.037952711865003534,0.002141120761589424,0.30855299291127236,0.282930240286737,-0.016333341546954934,0.0017499925854745242,0.55,-0.2669621521474105,0.029969305688847835,0.0022740634374924422,-0.35,0.3798360584999449,-0.01941902168016113,0.002337757250797688,0.25,0.16122526696398515,0.006139506827087227,0.0031786291234765507,0.15
88,"[0.2837469074, -0.2684606174, 0.3808070096, 0.1609182916]","[-0.01600616379, 0.02942942587, -0.01897201156, 0.006117126859]","[0.001748377619, 0.00227248297, 0.002336272139, 0.003177531318]",0.03898262241280725,0.03720367978973394,0.0020670820433773035,0.30784584307090634,0.28374690736408475,-0.016006163789085617,0.0017483776187694011,0.55,-0.2684606174318529,0.029429425874648807,0.002272482970090398,-0.35,0.38080700958395297,-0.018972011559664863,0.0023362721386019467,0.25,0.1609182916226308,0.006117126858661694,0.003177531317579236,0.15
89,"[0.2845472156, -0.2699320887, 0.3817556102, 0.1606124353]","[-0.01568736162, 0.02889832932, -0.01853660241, 0.006090434723]","[0.001746827505, 0.002270959766, 0.002334868162, 0.003176572598]",0.038234876434952096,0.0364700899808515,0.001995926242921413,0.3071615467110698,0.284547215553539,-0.015687361623079366,0.0017468275046582044,0.55,-0.26993208872558533,0.028898329317482006,0.002270959766162979,-0.35,0.3817556101619362,-0.01853660240845372,0.0023348681616634,0.25,0.1606124352796977,0.00609043472274842,0.003176572598463312,0.15
90,"[0.2853315836, -0.2713770052, 0.3826824403, 0.1603079135]","[-0.01537666466, 0.0283759242, -0.01811241482, 0.006059750366]","[0.001745339684, 0.002269491569, 0.002333541351, 0.003175743677]",0.037502200406913176,0.03575157543270463,0.0019275396487424162,0.3064993131719655,0.28533158363469296,-0.015376664662635313,0.0017453396836534447,0.55,-0.2713770051914594,0.02837592419539664,0.0022694915687647673,-0.35,0.38268244028235887,-0.018112414824334493,0.00233354135105864,0.25,0.16030791354356028,0.00605975036626699,0.003175743676959407,0.15
91,"[0.2861004169, -0.2727958014, 0.383588061, 0.160004926]","[-0.01507381332, 0.02786211663, -0.0176990847, 0.006025375631]","[0.001743911701, 0.002268076218, 0.002332287944, 0.003175035863]",0.03678423767845165,0.035047783011553785,0.0018618132759835565,0.3058583771150033,0.2861004168678247,-0.01507381332152303,0.0017439117014040285,0.55,-0.2727958014012292,0.02786211662565342,0.00226807621822065,-0.35,0.3835880610235756,-0.01769908469888179,0.002332287943595212,0.25,0.16000492602524694,0.006025375630862611,0.0031750358629473443,0.15
92,"[0.2868541075, -0.2741889072, 0.3844730153, 0.1597036572]","[-0.01477855832, 0.0273568109, -0.01729626252, 0.005987595206]","[0.001742541204, 0.002266711647, 0.002331104369, 0.003174441024]",0.03608064414443533,0.03435837265015464,0.0017986426446105661,0.30523799780663263,0.2868541075339009,-0.014778558321029757,0.0017425412037300044,0.55,-0.2741889072325119,0.027356810896659194,0.002266711647464066,-0.35,0.38447301525851973,-0.017296262516696807,0.002331104369403104,0.25,0.1597036572437038,0.00598759520569278,0.003174441024313523,0.15
93,"[0.2875930354, -0.2755567478, 0.3853378284, 0.1594042775]","[-0.01449066022, 0.02685990969, -0.01690361269, 0.005946677531]","[0.001741225932, 0.002265395878, 0.00232998724, 0.003173951549]",0.035391087544300856,0.03368301660062082,0.0017379275703361162,0.3046374584200603,0.2875930354499524,-0.014490660221330214,0.001741225931957659,0.55,-0.27555674777734485,0.0268599096857283,0.0022653958776270374,-0.35,0.3853378283843546,-0.01690361268876654,0.0023299872404099384,0.25,0.15940427748341918,0.0059466775312787415,0.003173951548877971,0.15
94,"[0.2883175685, -0.2768997433, 0.386183009, 0.1591069436]","[-0.01420988898, 0.02637131426, -0.01652081292, 0.005902875657]","[0.001739963719, 0.002264127014, 0.00232893334, 0.003173560309]",0.034715246811446006,0.03302139874115733,0.0016795719673550987,0.30405606535413837,0.2883175684610189,-0.01420988897559139,0.0017399637185317135,0.55,-0.27689974326163125,0.02637131426343622,0.002264127013866627,-0.35,0.38618300901879293,-0.016520812918229964,0.0023289333396289257,0.25,0.15910694360685523,0.005902875656907367,0.003173560309071659,0.15
95,"[0.2890280629, -0.278218309, 0.3870090497, 0.1588117998]","[-0.01393602351, 0.02589092469, -0.0161475536, 0.005856428054]","[0.001738752483, 0.002262903241, 0.002327939611, 0.003173260629]",0.03405281146875829,0.03237321393258048,0.0016234836620543508,0.3034931475687924,0.2890280629097985,-0.013936023505675348,0.001738752482883455,0.55,-0.27821830897480304,0.02589092468528852,0.0022629032414136652,-0.35,0.38700904966470445,-0.01614755359692823,0.0023279396111953138,0.25,0.15881179982400986,0.005856428053951344,0.003173260629162816,0.15
96,"[0.2897248641, -0.2795128552, 0.3878164273, 0.1585189784]","[-0.0136688513, 0.02541863997, -0.01578353723, 0.005807559387]","[0.001737590228, 0.002261722822, 0.002327003151, 0.003173046255]",0.03340348106678079,0.03173816742084292,0.0015695742169308897,0.3029480559364352,0.28972486408508225,-0.013668851298367604,0.0017375902275354393,0.55,-0.2795128552090675,0.025418639971391974,0.002261722821830402,-0.35,0.38781642734455085,-0.015783537231210343,0.0023270031510919252,0.25,0.1585189784213123,0.005807559387354379,0.003173046254843648,0.15
97,"[0.2904083067, -0.2807837872, 0.3886056042, 0.1582286005]","[-0.01340816802, 0.02495435827, -0.0154284779, 0.005756481247]","[0.001736475034, 0.002260584089, 0.002326121199, 0.003172911325]",0.03276696466127335,0.03111597428206344,0.0015177587640163436,0.3024201626088722,0.2904083066500006,-0.01340816802110705,0.0017364750344251916,0.55,-0.2807837872076371,0.024954358274782117,0.0022605840894646925,-0.35,0.38860560420611134,-0.015428477895532044,0.0023261211985097334,0.25,0.1582286004519446,0.005756481247410706,0.003172911325003011,0.15
98,"[0.2910787151, -0.2820315051, 0.3893770281, 0.1579407764]","[-0.01315377716, 0.02449797704, -0.01508210071, 0.005703392844]","[0.001735405061, 0.002259485448, 0.002325291128, 0.003172850346]",0.032142980327172666,0.030506358906823156,0.0014679558471633596,0.30190886039926473,0.291078715051056,-0.013153777156248929,0.001735405061431804,0.55,-0.2820315051213762,0.024497977039018803,0.0022594854480890653,-0.35,0.3893770281008879,-0.015082100712468332,0.002325291127793566,0.25,0.15794077638957404,0.005703392843862557,0.0031728503455222884,0.15
99,"[0.2917364039, -0.283256404, 0.3901311331, 0.1576556067]","[-0.01290548965, 0.02404939315, -0.01474414136, 0.005648481664]","[0.001734378539, 0.002258425368, 0.002324510441, 0.003172858165]",0.031531254706187645,0.029909054520733006,0.001420087272602322,0.3014135621787581,0.2917364039088684,-0.012905489652939492,0.00173437853909075,0.55,-0.28325640397332713,0.024049393145641768,0.002258425367713883,-0.35,0.3901311331365113,-0.014744141357823242,0.0023245104409276044,0.25,0.1576556067473809,0.0056484816642383626,0.003172858164945118,0.15
100,"[0.2923816784, -0.2844588736, 0.3908683402, 0.1573731827]","[-0.0126631236, 0.02360850305, -0.01441434559, 0.005591924098]","[0.001733393767, 0.002257402382, 0.002323776761, 0.003172929952]",0.030931522585467688,0.029323802738502647,0.0013740779672245863,0.30093370028742805,0.29238167839151535,-0.01266312359572581,0.0017333937674835365,0.55,-0.28445887363060923,0.023608503052035924,0.0022574023815643877,-0.35,0.3908683402044025,-0.01441434558958811,0.0023237767605188394,0.25,0.157373182664169,0.0055919240982511805,0.0031729299518807007,0.15
101,"[0.2930148346, -0.2856392988, 0.3915890575, 0.1570935865]","[-0.01242650389, 0.02317520292, -0.0140924688, 0.00553388603]","[0.001732449113, 0.002256415083, 0.002323087823, 0.003173061174]",0.030343526504987405,0.028750353148950816,0.0013298558440920098,0.3004687259592273,0.2930148345713016,-0.012426503889072214,0.0017324491132899122,0.55,-0.28563929878321104,0.023175202920235092,0.002256415083212185,-0.35,0.3915890574838819,-0.014092468799566094,0.0023230878232402344,0.25,0.15709358645925645,0.00553388602999097,0.003173061174012295,0.15
102,"[0.2936361598, -0.2867980589, 0.3922936809, 0.1568168922]","[-0.01219546196, 0.02274938874, -0.01377827559, 0.0054745234]","[0.001731543007, 0.002255462124, 0.002322441474, 0.003173247579]",0.029767016391463744,0.028188462928590743,0.0012873516747120765,0.30001810876064666,0.29363615976575524,-0.012195461956992133,0.0017315430069914561,0.55,-0.2867980589292228,0.022749388737161858,0.002255462123852253,-0.35,0.3922936809238602,-0.013778275586534224,0.0023224414736985927,0.25,0.1568168921577569,0.005474523399551502,0.003173247578591117,0.15
103,"[0.2942459329, -0.2879355284, 0.3929825947, 0.156543166]","[-0.01196983546, 0.02233095643, -0.01347153935, 0.005413982736]","[0.00173067394, 0.00225454221, 0.002321835659, 0.003173485174]",0.0292017492167931,0.02763789648160421,0.0012464989676540508,0.29958133604282616,0.29424593286360484,-0.011969835457046146,0.001730673940216293,0.55,-0.2879355283660809,0.022330956426776176,0.0022545422097171993,-0.35,0.3929825947031869,-0.013471539349873914,0.00232183565869503,0.25,0.15654316598777934,0.005413982735652182,0.0031734851743055684,0.15
104,"[0.2948444246, -0.2890520762, 0.3936561717, 0.1562724669]","[-0.01174946801, 0.02191980195, -0.0131720419, 0.005352401661]","[0.001729840463, 0.0022536541, 0.002321268422, 0.003173770214]",0.02864748867915296,0.027098425104184407,0.001207233853114401,0.29915791240687184,0.29484442463645716,-0.01174946800799622,0.0017298404632155283,0.55,-0.2890520761874197,0.021919801954581156,0.0022536540996209143,-0.35,0.3936561716706806,-0.013172041902658853,0.0023212684218483597,0.25,0.15627246685099674,0.005352401660732296,0.003173770214422635,0.15
105,"[0.295431898, -0.2901480663, 0.3943147738, 0.1560048468]","[-0.01153420893, 0.02151582142, -0.0128795731, 0.00528990937]","[0.001729041182, 0.002252796603, 0.002320737899, 0.003174099181]",0.028104004905051067,0.026569826671381244,0.0011694949730696863,0.29874735918215045,0.295431898036857,-0.011534208930438473,0.0017290411824628237,0.55,-0.2901480662851487,0.021515821424909373,0.002252796602624407,-0.35,0.3943147737658136,-0.012879573103232306,0.0023207378985546055,0.25,0.15600484676796014,0.005289909369926269,0.003174099181108042,0.15
106,"[0.2960086085, -0.2912238574, 0.3949587524, 0.1557403513]","[-0.011323913, 0.02111891117, -0.0125939305, 0.005226627085]","[0.001728274758, 0.002251968576, 0.002320242311, 0.003174468771]",0.027571074170738643,0.026051885344725828,0.0011332233766824216,0.2983492139173453,0.2960086084833789,-0.011323912999770631,0.001728274758369214,0.55,-0.29122385735639417,0.021118911171392963,0.00225196857581693,-0.35,0.3949587524209752,-0.012593930504355644,0.002320242311257795,0.25,0.15574035129946384,0.005226627085250213,0.0031744687708372,0.15
107,"[0.2965748041, -0.2922798029, 0.3955884489, 0.1554790199]","[-0.01111844021, 0.02072896784, -0.01231491902, 0.005162668486]","[0.001727539903, 0.002251168922, 0.002319779965, 0.003174875881]",0.027048478641534084,0.025544391299041964,0.001098362420650347,0.29796302988406914,0.29657480413336745,-0.011118440210889168,0.0017275399031059099,0.55,-0.2922798029149638,0.020728967840999143,0.002251168922206017,-0.35,0.395588448946193,-0.01231491901906513,0.0023197799650091317,0.25,0.15547901994520133,0.0051626684862675215,0.0031748758808162704,0.15
108,"[0.2971307261, -0.2933162513, 0.3962041949, 0.1552208865]","[-0.01091765555, 0.02034588847, -0.0120423506, 0.005098140118]","[0.001726835379, 0.002250396589, 0.002319349243, 0.003175317596]",0.026536006127704244,0.025047140466974194,0.0010648576742123231,0.297588375592834,0.2971307261439119,-0.010917655554031635,0.001726835378528439,0.55,-0.2933162513070138,0.020345888471989808,0.0022503965887103812,-0.35,0.39620419489714626,-0.012042350602405997,0.0023193492432937264,0.25,0.15522088652088795,0.005098140118431769,0.0031753175963384864,0.15
109,"[0.2976766089, -0.2943335457, 0.3968063124, 0.1549659795]","[-0.0107214288, 0.01996957057, -0.01177604395, 0.00503314178]","[0.001726159994, 0.002249650564, 0.002318948604, 0.003175791179]",0.02603344985566758,0.024559934299874634,0.0010326568285448359,0.29722483432118757,0.29767660892161346,-0.010721428801218055,0.0017261599941959798,0.55,-0.29433354573061327,0.01996957056615152,0.002249650564250092,-0.35,0.39680631242726655,-0.01177604394825978,0.0023189486041057254,0.25,0.15496597951496635,0.005033141780252106,0.003175791179007379,0.15
110,"[0.2982126804, -0.2953320243, 0.3973951146, 0.1547143224]","[-0.0105296343, 0.01959991216, -0.0115158242, 0.00496776689]","[0.001725512605, 0.002248929878, 0.002318576576, 0.003176294056]",0.02554060825336897,0.024082579543793718,0.001001709610302207,0.296872003653827,0.29821268036167436,-0.010529634302765347,0.0017255126054802712,0.55,-0.29533202425892086,0.019599912155615892,0.002248929877928694,-0.35,0.3973951146246795,-0.011515824200520112,0.0023185765762541604,0.25,0.15471432242595373,0.0049677668903584955,0.0031762940557626693,0.15
111,"[0.2987391621, -0.2963120199, 0.3979709058, 0.1544659341]","[-0.01034215079, 0.01923681186, -0.01126152268, 0.004902102835]","[0.001724892112, 0.002248233597, 0.002318231756, 0.003176823809]",0.02505728474877519,0.023614888029416543,0.0009719676990709399,0.2965294950345053,0.2987391620768126,-0.01034215079338193,0.0017248921117588609,0.55,-0.29631201986670164,0.019236811864580643,0.002248233597302298,-0.35,0.3979709058347055,-0.011261522677910243,0.002318231755883225,0.25,0.1544659340814358,0.004902102835497641,0.0031768238086501252,0.15
112,"[0.2992562696, -0.2972738605, 0.398533982, 0.1542208289]","[-0.01015886121, 0.01888016897, -0.01101297661, 0.0048362313]","[0.001724297455, 0.002247560827, 0.002317912803, 0.003177378165]",0.024583287580513504,0.02315667647487374,0.0009433846485246756,0.2961969333295468,0.2992562696164817,-0.010158861207367658,0.0017242974546879128,0.55,-0.29727386045993065,0.01888016896622077,0.002247560826731003,-0.35,0.398533981968601,-0.011012976611767695,0.002317912803192189,0.25,0.1542208289396609,0.004836231300432403,0.0031773781652811705,0.15
113,"[0.2997642127, -0.2982178689, 0.3990846308, 0.1539790174]","[-0.009979652502, 0.01852988344, -0.0107700289, 0.004770228581]","[0.001723727617, 0.002246910706, 0.002317618439, 0.00317795499]",0.02411842961975782,0.022707766300438043,0.0009159158110808092,0.29587395640278824,0.2997642126768501,-0.009979652502473466,0.0017237276165501159,0.55,-0.2982178689082417,0.018529883435065727,0.0022469107058082274,-0.35,0.3990846307991894,-0.010770028896159006,0.0023176184393411113,0.25,0.1539790173746393,0.004770228580672348,0.0031779549899318728,0.15
114,"[0.3002631953, -0.2991443631, 0.3996231322, 0.1537405059]","[-0.009804415492, 0.018185856, -0.01053252785, 0.004704165879]","[0.001723181619, 0.002246282408, 0.002317347444, 0.003178552275]",0.02366252820253388,0.0222679834541919,0.0008895182658733025,0.2955602147017648,0.30026319530197376,-0.009804415491994537,0.0017231816186735916,0.55,-0.299144363079995,0.01818585599510388,0.002246282407863849,-0.35,0.3996231322439973,-0.01053252784971722,0.0023173474435297923,0.25,0.15374050594560568,0.004704165878912461,0.003178552275235112,0.15
115,"[0.3007534161, -0.3000536559, 0.4001497586, 0.1535052977]","[-0.009633044685, 0.01784798816, -0.01030032699, 0.004638109586]","[0.00172265852, 0.002245675139, 0.00231709865, 0.003179168134]",0.023215404971680842,0.0218371582478209,0.0008641507498684938,0.295255370854955,0.30075341607657347,-0.009633044684692785,0.0017226585199179802,0.55,-0.3000536558797502,0.01784798816386183,0.0022456751385372393,-0.35,0.40014975863648317,-0.010300326988627024,0.0023170986502381637,0.25,0.15350529765166004,0.004638109586012958,0.0031791681344225313,0.15
116,"[0.3012350683, -0.3009460553, 0.400664775, 0.1532733922]","[-0.009465438132, 0.01751618229, -0.01007328481, 0.004572121547]","[0.001722157415, 0.002245088134, 0.002316870947, 0.003179800794]",0.022776885727763627,0.021415125201751307,0.0008397735919621461,0.2949590992799038,0.3012350683108081,-0.009465438132164893,0.001722157415224177,0.55,-0.30094605528794327,0.017516182292690953,0.002245088134416595,-0.35,0.4006647749859145,-0.010073284810207387,0.0023168709466176466,0.25,0.15327339217235939,0.004572121547315455,0.0031798007940777476,0.15
117,"[0.3017083402, -0.3018218644, 0.4011684392, 0.1530447861]","[-0.009301497283, 0.0171903416, -0.009851264587, 0.004506259315]","[0.001721677434, 0.002244520662, 0.00231666327, 0.003180448587]",0.02234680028828966,0.021001722898908465,0.0008163486499063079,0.29467108580203705,0.3017083402174163,-0.00930149728329107,0.001721677434224436,0.55,-0.3018218644025778,0.017190341603485447,0.002244520661741056,-0.35,0.40116843922642487,-0.009851264586575243,0.002316663270023247,0.25,0.1530447860949936,0.004506259315041423,0.0031804485873628842,0.15
118,"[0.3021734151, -0.3026813815, 0.4016610025, 0.1528194731]","[-0.009141126845, 0.01687037022, -0.009634134168, 0.004440576387]","[0.00172121774, 0.002243972015, 0.002316474606, 0.003181109948]",0.021924982354629793,0.020596793846426664,0.0007938392499242365,0.2943910272839814,0.30217341508158085,-0.009141126845418169,0.001721217739909764,0.55,-0.3026813814827521,0.016870370222039868,0.002243972015162438,-0.35,0.40166100245575365,-0.009634134167893747,0.002316474605677503,0.25,0.15281947312924155,0.004440576387490229,0.003181109947685785,0.15
119,"[0.3026304714, -0.3035249, 0.4021427092, 0.1525974443]","[-0.008984234652, 0.01655617321, -0.009421765795, 0.004375122436]","[0.001720777527, 0.002243441517, 0.002316303984, 0.003181783403]",0.021511269386092328,0.020200184344690883,0.0007722101288804922,0.29411863126520327,0.30263047142385174,-0.008984234651948577,0.001720777527351777,0.55,-0.30352489999385407,0.016556173208245404,0.00224344151656349,-0.35,0.40214270916414835,-0.00942176579473691,0.0023163039844576972,0.25,0.15259744430986705,0.004375122435711035,0.0031817834027759125,0.15
120,"[0.3030796832, -0.3043527087, 0.4026137975, 0.1523786882]","[-0.008830731536, 0.01624765658, -0.009214035919, 0.004309943518]","[0.001720356022, 0.002242928514, 0.002316150481, 0.003182467569]",0.02110550248064061,0.01981174436313593,0.0007514273788814473,0.2938536156117761,0.3030796831564492,-0.00883073153602095,0.0017203560224763425,0.55,-0.30435270865426634,0.016247656583312946,0.002242928513929814,-0.35,0.4026137974538852,-0.009214035919124569,0.002316150480798561,0.25,0.1523786881880815,0.004309943518291366,0.0031824675691403802,0.15
121,"[0.3035212197, -0.3051650915, 0.4030744992, 0.152163191]","[-0.00868053121, 0.01594472735, -0.009010825034, 0.004245082285]","[0.001719952481, 0.00224243238, 0.002316013211, 0.003183161147]",0.020707526261785306,0.019431327422271074,0.0007314583941890584,0.29359570817608793,0.30352121973325025,-0.008680531209986625,0.0017199524808865355,0.55,-0.30516509148343196,0.015944727354201278,0.0022424323802727386,-0.35,0.40307449924984146,-0.00901082503380352,0.0023160132107032812,0.25,0.15216319101216694,0.004245082284872887,0.003183161146873339,0.15
122,"[0.3039552463, -0.3059623279, 0.4035250405, 0.1519509369]","[-0.00853355015, 0.01564729354, -0.008812017509, 0.004180578169]","[0.001719566187, 0.002241952513, 0.00231589133, 0.003183862915]",0.020317188771219217,0.01905879048143635,0.0007122718203377038,0.2933446464662963,0.3039552462937496,-0.008533550150400008,0.0017195661867325635,0.55,-0.305962327851142,0.015647293535418935,0.0022419525126005702,-0.35,0.40352504050153165,-0.008812017509375018,0.002315891329856007,0.25,0.1519509368979233,0.004180578168970088,0.0031838629147937325,0.15
123,"[0.3043819238, -0.3067446925, 0.4039656414, 0.151741908]","[-0.008389707488, 0.01535526417, -0.008617501439, 0.004116467571]","[0.001719196452, 0.002241488331, 0.002315784032, 0.003184571726]",0.019934341366792313,0.01869399383183245,0.000693837505350362,0.2931001773253388,0.3043819238012696,-0.008389707488252832,0.0017191964516264984,0.55,-0.306744692527913,0.015355264168357662,0.002241488330935856,-0.35,0.4039656413770004,-0.00861750143888183,0.0023157840318298976,0.25,0.1517419079894748,0.004116467570646261,0.0031845717258893857,0.15
124,"[0.3048014092, -0.3075124557, 0.4043965164, 0.1515360846]","[-0.008248924904, 0.01506854934, -0.008427168489, 0.00405278403]","[0.001718842614, 0.002241039277, 0.002315690546, 0.003185286503]",0.01955883862546252,0.018336800994398685,0.0006761264529564141,0.29286205661930603,0.30480140917568227,-0.008248924904199968,0.0017188426135997597,0.55,-0.30751245573633085,0.01506854933831132,0.00224103927737631,-0.35,0.40439651644894453,-0.008427168489496735,0.0023156905463846437,0.25,0.15153608461094248,0.004052784029561033,0.0031852865030449914,0.15
125,"[0.3052138554, -0.3082658832, 0.4048178749, 0.1513334454]","[-0.008111126529, 0.01478706019, -0.008240913761, 0.003989558389]","[0.001718504036, 0.002240604815, 0.002315610138, 0.003186006235]",0.019190538250879036,0.01798707862214361,0.0006591107777188901,0.29263004893498323,0.30521385542089224,-0.008111126528533024,0.0017185040361014205,0.55,-0.30826588320324644,0.014787060189319894,0.0022406048151973105,-0.35,0.40481787487341936,-0.008240913760964261,0.002315610137848384,0.25,0.15133344540946442,0.00398955838888965,0.0031860062350355513,0.15
126,"[0.3056194117, -0.3090052362, 0.4052299206, 0.1511339675]","[-0.007976238846, 0.01451070894, -0.00805863565, 0.003926818951]","[0.001718180107, 0.002240184428, 0.002315542104, 0.003186729973]",0.018829300985285197,0.017644696406560627,0.0006427636619841507,0.2924039272863652,0.3056194117473189,-0.007976238845671883,0.001718180107035543,0.55,-0.3090052362127124,0.014510708936975635,0.0022401844279939078,-0.35,0.40522992056146756,-0.008058635650467848,0.002315542103579014,0.25,0.15113396749001992,0.003926818950580873,0.0031867299727666807,0.15
127,"[0.3060182237, -0.3097307717, 0.4056328523, 0.1509376265]","[-0.007844190603, 0.01423940888, -0.007880235724, 0.003864591622]","[0.001717870238, 0.002239777619, 0.002315485773, 0.003187456826]",0.018474990525451915,0.017309526987786053,0.0006270593145718063,0.2921834728299514,0.30601822368960246,-0.007844190602956805,0.0017178702378358086,0.55,-0.3097307716595612,0.014239408879317711,0.002239777618860432,-0.35,0.40563285234399094,-0.007880235723612992,0.0023154857725001888,0.25,0.15093762654249088,0.0038645916223999407,0.0031874568257449433,0.15
128,"[0.3064104332, -0.3104427421, 0.4060268641, 0.150744397]","[-0.007714912724, 0.01397307441, -0.007705618591, 0.003802900057]","[0.001717573863, 0.00223938391, 0.002315440504, 0.003188185959]",0.018127473442373136,0.016981445868181223,0.0006119729311271269,0.2919684745886256,0.3064104332197503,-0.007714912723531596,0.001717573862575876,0.55,-0.31044274210352707,0.013973074405937914,0.00223938390960587,-0.35,0.4060268641301716,-0.007705618591227775,0.0023154405037078764,0.25,0.15074439696137087,0.003802900057177596,0.003188185958762827,0.15
129,"[0.3067961789, -0.3111413958, 0.4064121451, 0.150554252]","[-0.007588338223, 0.01371162101, -0.007534691792, 0.003741765785]","[0.001717290437, 0.00223900284, 0.002315405685, 0.003188916589]",0.017786619104477295,0.01666033132904129,0.0005974806560623598,0.29175872918392604,0.3067961788559269,-0.007588338223122385,0.0017172904371138922,0.55,-0.31114139582382394,0.013711621005409352,0.0022390028400033003,-0.35,0.406412145059733,-0.007534691791702739,0.0023154056851433123,0.25,0.150554251958512,0.0037417657846691684,0.0031889165887837236,0.15
130,"[0.3071755958, -0.3118269769, 0.4067888796, 0.1503671637]","[-0.007464402131, 0.01345496527, -0.007367365679, 0.003681208336]","[0.001717019438, 0.002238633967, 0.002315380732, 0.003189647982]",0.017452299604124887,0.016346064350153924,0.0005835595460172736,0.291554040576512,0.30717559576708303,-0.00746440213052297,0.0017170194382697722,0.55,-0.3118269768740944,0.013454965271147921,0.0022386339670717728,-0.35,0.40678887964931815,-0.0073673656785983,0.0023153807323288717,0.25,0.15036716366927855,0.0036812083364021896,0.00318964798201396,0.15
131,"[0.3075488159, -0.3124997251, 0.4071572479, 0.1501831033]","[-0.007343041412, 0.01320302491, -0.007203553313, 0.003621245364]","[0.001716760363, 0.002238276864, 0.002315365087, 0.003190379451]",0.01712438968718346,0.01603852853194947,0.000570187534772836,0.2913542198146342,0.30754881587360916,-0.007343041411609441,0.0017167603630338386,0.55,-0.3124997251376518,0.01320302490580755,0.0022382768643890664,-0.35,0.40715724793324803,-0.007203553313271229,0.0023153650871631346,0.25,0.15018310325245843,0.0036212453638753347,0.0031903794511490276,0.15
132,"[0.3079159679, -0.3131598764, 0.4075174256, 0.150002041]","[-0.007224194897, 0.01295571872, -0.007043170362, 0.00356189275]","[0.001716512728, 0.002237931121, 0.002315358217, 0.003191110353]",0.016802766685483046,0.01573761002000171,0.0005573433995553495,0.2911590847904166,0.30791596794418963,-0.007224194896713956,0.0017165127278055631,0.55,-0.3131598763829422,0.012955718724306573,0.002237931121433897,-0.35,0.4075174255989116,-0.00704317036227331,0.0023153582167721575,0.25,0.15000204098426467,0.003561892750451348,0.0031911103527829353,0.15
133,"[0.3082771777, -0.3138076623, 0.4078695841, 0.1498239463]","[-0.007107803211, 0.01271296666, -0.006886134999, 0.003503164717]","[0.001716276068, 0.002237596343, 0.002315359612, 0.003191840085]",0.01648731045197328,0.015443197431654015,0.0005450067286715441,0.290968460003758,0.30827717768902535,-0.007107803211197725,0.001716276067661164,0.55,-0.3138076623191575,0.012712966655575347,0.0022375963429561653,-0.35,0.40786958411702523,-0.006886134999297572,0.0023153596124137346,0.25,0.1498239463467421,0.003503164717268236,0.0031918400849696394,0.15
134,"[0.3086325678, -0.3144433107, 0.4082138909, 0.1496487881]","[-0.006993808709, 0.01247468974, -0.006732367811, 0.003445073923]","[0.001716049936, 0.002237272148, 0.002315368788, 0.003192568085]",0.016177903298414432,0.015155181784561465,0.0005331578904180623,0.2907821763336651,0.30863256784958526,-0.006993808709068934,0.0017160499356488972,0.55,-0.3144433106519363,0.012474689743111866,0.002237272148373956,-0.35,0.4082138908669901,-0.006732367811450938,0.0023153687884319516,0.25,0.14964878811087867,0.0034450739234795874,0.003192568084926985,0.15
135,"[0.3089822583, -0.3150670451, 0.4085505093, 0.1494765344]","[-0.00688215541, 0.01224081014, -0.00658179171, 0.003387631561]","[0.001715833902, 0.002236958171, 0.002315385281, 0.003193293827]",0.015874429935450032,0.014873456426953176,0.0005217780032115883,0.2906000708168281,0.3089822582850387,-0.006882155409501853,0.0017158339021109362,0.55,-0.3150670451390919,0.012240810144427324,0.0022369581711960316,-0.35,0.40855050925756264,-0.006581791709648468,0.002315385281259288,0.25,0.14947653441470468,0.003387631561115277,0.0031932938268735738,0.15
136,"[0.3093263661, -0.3156790856, 0.4088795988, 0.1493071528]","[-0.006772788936, 0.01201125113, -0.006434331843, 0.003330847445]","[0.001715627554, 0.002236654058, 0.002315408648, 0.00319401682]",0.015576777414914436,0.014597916969432724,0.0005108489068884784,0.29042198643325257,0.30932636605551384,-0.006772788936116597,0.0017156275540307906,0.55,-0.31567908564631325,0.012011251129456245,0.002236654058468679,-0.35,0.4088795988430451,-0.006434331842928564,0.0023154086484639957,0.25,0.14930715283664892,0.0033308474448429308,0.0031940168199908136,0.15
137,"[0.3096650055, -0.3162796482, 0.4092013154, 0.1491406105]","[-0.006665656459, 0.01178593708, -0.006289915517, 0.003274730097]","[0.001715430494, 0.00223635947, 0.002315438468, 0.003194736607]",0.015284835074248736,0.014328461218147449,0.0005003531351252003,0.2902477718987644,0.3096650055023197,-0.006665656458890872,0.0017154304944052331,0.55,-0.3162796482027861,0.011785937078007114,0.0022363594702457254,-0.35,0.4092013154351915,-0.0062899155165078375,0.002315438467840096,0.25,0.14914061046440677,0.00327473009689071,0.003194736606500924,0.15
138,"[0.3099982883, -0.3168689451, 0.4095158112, 0.148976874]","[-0.006560706639, 0.01156479348, -0.006148472113, 0.003219286827]","[0.001715242342, 0.002236074079, 0.002315474337, 0.00319545276]",0.014998494482896934,0.014064989109169587,0.0004902738889332051,0.2900772814642045,0.3099982883252642,-0.006560706638576464,0.0017152423416398137,0.55,-0.31686894505668645,0.011564793476318433,0.0022360740790807456,-0.35,0.4095158112110169,-0.006148472113391218,0.0023154743365381963,0.25,0.14897687395956224,0.0032192868273860933,0.003195452759854969,0.15
139,"[0.3103263237, -0.3174471847, 0.4098232348, 0.1488159096]","[-0.006457889574, 0.01134774691, -0.006009933019, 0.00316452381]","[0.001715062729, 0.00223579757, 0.00231551587, 0.003196164883]",0.014717649390573649,0.013807402643943778,0.0004805950111840315,0.2899103747211345,0.31032632365719304,-0.006457889573503699,0.001715062728967003,0.55,-0.3174471847305024,0.011347746912787778,0.002235797569540377,-0.35,0.4098232348166864,-0.006009933019374451,0.0023155158702347447,0.25,0.14881590961819294,0.0031645238103438656,0.0031961648830226793,0.15
140,"[0.3106492181, -0.3180145721, 0.4101237315, 0.1486576834]","[-0.006357156749, 0.01113472507, -0.005874231551, 0.003110446156]","[0.001714891304, 0.002235529638, 0.002315562702, 0.003196872607]",0.014442195677294097,0.013555605825667654,0.00047130096212248896,0.28974691641387595,0.3106492181358682,-0.006357156748659009,0.0017148913038861245,0.55,-0.31801457207614175,0.011134725072932687,0.0022355296377378573,-0.35,0.41012373146765513,-0.005874231551272271,0.0023155627023381093,0.25,0.14865768342767574,0.00311044615553348,0.0031968726068790057,0.15
141,"[0.310967076, -0.3185713083, 0.410417443, 0.1485021611]","[-0.006258460987, 0.01092565673, -0.005741302888, 0.003057057976]","[0.001714727728, 0.002235269991, 0.002315614483, 0.003197575589]",0.014172031305072094,0.01330950459648253,0.00046237679582770817,0.28958677625770757,0.31096707597330114,-0.006258460986930575,0.0017147277276242186,0.55,-0.3185713083297884,0.010925656733642408,0.0022352699908858185,-0.35,0.41041744304521877,-0.005741302888224588,0.002315614483229417,0.25,0.14850216111989906,0.003057057976435797,0.0031975755886802805,0.15
142,"[0.311279999, -0.3191175912, 0.4107045082, 0.1483493082]","[-0.006161756402, 0.01072047176, -0.005611084006, 0.003004362454]","[0.001714571675, 0.002235018347, 0.00231567088, 0.003198273511]",0.013907056271193447,0.013069006775363308,0.0004538081375836588,0.2894298287630496,0.3112799990226477,-0.006161756402417971,0.0017145716746170448,0.55,-0.31911759116647054,0.010720471756774605,0.0022350183468675066,-0.35,0.41070450818963,-0.005611084005932091,0.0023156708795365874,0.25,0.14834930822107725,0.0030043624544940028,0.0031982735106250836,0.15
143,"[0.3115880868, -0.3196536148, 0.4109850624, 0.1481990901]","[-0.006066998356, 0.01051910108, -0.005483513614, 0.0029523619]","[0.001714422832, 0.002234774434, 0.002315731573, 0.003198966078]",0.013647172562980639,0.012834021996607133,0.00044558116212248093,0.2892759530654658,0.31158808684276856,-0.006066998355710281,0.0017144228320094517,0.55,-0.31965361475430926,0.01051910108214624,0.0022347744338256175,-0.35,0.4109850623899266,-0.005483513613684614,0.002315731573439999,0.25,0.14819909009835255,0.0029523618998533317,0.0031989660784948535,0.15
144,"[0.3118914368, -0.3201795698, 0.4112592381, 0.148051472]","[-0.005974143411, 0.01032147672, -0.005358532094, 0.002901057809]","[0.001714280899, 0.00223453799, 0.002315796262, 0.00319965302]",0.013392284113972351,0.012604461648831621,0.00043768257270558565,0.28912503276131585,0.3118914367605541,-0.0059741434110399845,0.0017142808991743885,0.55,-0.32017956980841655,0.01032147671997075,0.0022345379897679082,-0.35,0.4112592380706108,-0.0053585320940516025,0.0023157962620080582,0.25,0.14805147200335989,0.002901057808766412,0.0031996530203683435,0.15
145,"[0.3121901439, -0.3206956436, 0.4115271647, 0.1479064191]","[-0.005883149295, 0.01012753174, -0.005236081445, 0.002850450918]","[0.001714145587, 0.002234308762, 0.002315864657, 0.003200334085]",0.013142296761442022,0.012380238814404929,0.00043009958100905546,0.2889769557488966,0.3121901439311061,-0.005883149295224357,0.0017141455872498445,0.55,-0.3206956436444151,0.010127531742782478,0.0022343087621889447,-0.35,0.4115271646753134,-0.005236081445106594,0.0023158646565616093,0.25,0.14790641911292157,0.0028504509178469196,0.0032003340854071818,0.15
146,"[0.3124843014, -0.3212020202, 0.4117889687, 0.1477638966]","[-0.005793974858, 0.009937200277, -0.005116105225, 0.002800541255]","[0.001714016619, 0.002234086508, 0.002315936482, 0.003201009043]",0.01289711820519133,0.012161268209240966,0.00042281988778130014,0.28883161407491004,0.3124843013958673,-0.005793974858312322,0.0017140166186930517,0.55,-0.32120202023155425,0.009937200276895273,0.0022340865077071664,-0.35,0.41178896874756876,-0.005116105225072076,0.0023159364820654386,0.25,0.14776389656702923,0.002800541255326387,0.0032010090427064815,0.15
147,"[0.3127740001, -0.3216988802, 0.412044774, 0.1476238695]","[-0.005706580036, 0.009750417493, -0.004998548499, 0.002751328189]","[0.001713893727, 0.002233870992, 0.002316011477, 0.00320167768]",0.012656657967552243,0.011947466122904727,0.00041583166424235743,0.2886889037861025,0.3127740001387829,-0.005706580035856159,0.0017138937268512916,0.55,-0.321698880245399,0.009750417493432292,0.002233870991716689,-0.35,0.4120447740088224,-0.004998548499267303,0.0023160114765459093,0.25,0.14762386950426293,0.002751328189477533,0.003201677680207967,0.15
148,"[0.3130593291, -0.3221864011, 0.4122947014, 0.1474863031]","[-0.005620925813, 0.009567119599, -0.004883357789, 0.002702810474]","[0.001713776656, 0.002233661988, 0.002316089391, 0.003202339804]",0.012420827354540767,0.011738750358984747,0.00040912353419550717,0.28854872478592,0.3130593291405757,-0.005620925812733095,0.0017137766555487032,0.55,-0.32218640112007063,0.009567119598967451,0.0022336619880531524,-0.35,0.41229470143378577,-0.004883357789253367,0.0023160893905334007,0.25,0.14748630309478905,0.0027028104743489403,0.003202339803671384,0.15
149,"[0.3133403754, -0.3226647571, 0.4125388693, 0.1473511626]","[-0.005536974188, 0.009387243826, -0.004770481024, 0.002654986293]","[0.001713665159, 0.002233459279, 0.002316169987, 0.003202995236]",0.01218953941810804,0.011535040175701738,0.00040268455682312986,0.2884109806960294,0.31334037543121235,-0.005536974188446051,0.0017136651586884663,0.55,-0.322664757100019,0.00938724382581281,0.002233459278673011,-0.35,0.41253886932324846,-0.004770481024075838,0.0023161699865283363,0.25,0.14735116257107161,0.002654986292952091,0.003202995235700643,0.15
150,"[0.3136172241, -0.3231341193, 0.4127773934, 0.1472184133]","[-0.005454688144, 0.009210728422, -0.004659867494, 0.002607853298]","[0.001713559, 0.002233262653, 0.002316253038, 0.003203643815]",0.011962708919434965,0.01133625622673472,0.0003965042101399607,0.28827557872255805,0.31361722414063464,-0.0054546881438333845,0.0017135589998698228,0.55,-0.32313411929130964,0.009210728421985847,0.002233262653345725,-0.35,0.41277739337445224,-0.004659867493502403,0.002316253038489957,0.25,0.147218413256424,0.0026078532980353983,0.003203643814822126,0.15
151,"[0.3138899585, -0.3235946557, 0.4130103867, 0.1470880206]","[-0.005374031609, 0.009037512641, -0.004551467803, 0.002561408651]","[0.001713457952, 0.002233071909, 0.002316338331, 0.003204285395]",0.011740252293226073,0.011142320502259185,0.0003905723750779486,0.28814242952690755,0.3138899585478263,-0.00537403160912458,0.0017134579520193536,0.55,-0.3235946557124089,0.009037512640888989,0.00223307190935823,-0.35,0.4130103867491274,-0.0045514678031697425,0.0023163383313465026,0.25,0.14708802059152223,0.0025614086505692272,0.0032042853946112667,0.15
152,"[0.3141586601, -0.3240465313, 0.4132379601, 0.1469599502]","[-0.005294969433, 0.008867536731, -0.004445233832, 0.002515649056]","[0.001713361797, 0.002232886851, 0.002316425661, 0.003204919843]",0.011522087612954554,0.010953156270204654,0.0003848793201781014,0.2880114471010003,0.31415866012828253,-0.0052949694332790525,0.0017133617970360047,0.55,-0.3240465313444534,0.008867536730729696,0.0022328868512312377,-0.35,0.4132379601392859,-0.004445233831545712,0.002316425660526168,0.25,0.14695995015899377,0.0025156490560653325,0.0032049198428656367,0.15
153,"[0.3144234086, -0.3244899082, 0.4134602218, 0.1468341677]","[-0.005217467355, 0.008700741924, -0.004341118689, 0.002470570799]","[0.001713270325, 0.00223270729, 0.002316514832, 0.003205547041]",0.011308134557019385,0.01076868801775257,0.000379415686865627,0.2878825486468216,0.3144234085999465,-0.0052174673545498625,0.0017132703254493394,0.55,-0.3244899081809899,0.008700741923710769,0.002232707290446799,-0.35,0.4134602218308632,-0.004341118688628175,0.002316514831507627,0.25,0.1468341677061905,0.002470570798841328,0.0032055470408209846,0.15
154,"[0.314684282, -0.3249249453, 0.4136772778, 0.1467106392]","[-0.005141491972, 0.008537070425, -0.004239076676, 0.002426169774]","[0.001713183336, 0.002232533045, 0.002316605659, 0.003206166882]",0.011098314375773277,0.010588841393109031,0.000374172475285733,0.2877556544601232,0.314684281967674,-0.005141491972216396,0.0017131833360905329,0.55,-0.3249249452771754,0.008537070425015425,0.002232533045186693,-0.35,0.41367727776529456,-0.0042390766762975705,0.0023166056593894673,0.25,0.14671063916624844,0.002426169774341246,0.0032061668824085957,0.15
155,"[0.3149413566, -0.3253517988, 0.4138892316, 0.1465893307]","[-0.005067010719, 0.008376465402, -0.00413906325, 0.00238244152]","[0.001713100636, 0.00223236394, 0.002316697968, 0.003206779274]",0.010892549859385817,0.01041354314760109,0.00036914103067832427,0.287630687818156,0.3149413565662848,-0.005067010719432632,0.001713100635775638,0.55,-0.3253517987984262,0.008376465401613211,0.0022323639400811572,-0.35,0.41388923159910945,-0.004139063250250022,0.002316697968477538,0.25,0.14658933067753138,0.0023824415196112047,0.0032067792735508143,0.15
156,"[0.3151947071, -0.3257706221, 0.4140961848, 0.1464702086]","[-0.004993991837, 0.008218870971, -0.004041034983, 0.002339381242]","[0.001713022039, 0.002232199806, 0.002316791592, 0.003207384131]",0.01069076530650672,0.010242721078159087,0.00036431303027075515,0.2875075748713053,0.31519470710225644,-0.0049939918371408615,0.0017130220390006697,0.55,-0.3257706220685068,0.008218870970908747,0.0022321998059675473,-0.35,0.41409618476162197,-0.004041034983437232,0.002316791591889588,0.25,0.14647020860155083,0.0023393812420313517,0.003207384131493595,0.15
157,"[0.3154444067, -0.3261815656, 0.4142982365, 0.1463532395]","[-0.004922404349, 0.008064232189, -0.003944949531, 0.002296983846]","[0.001712947368, 0.00223204048, 0.002316886371, 0.003207981384]",0.010492886493697073,0.010076303970261838,0.0003596804706686403,0.28738624453850364,0.3154444066941135,-0.004922404349002335,0.001712947367648069,0.55,-0.32618156561705225,0.008064232189255961,0.0022320404796584894,-0.35,0.41429823651079384,-0.003944949530946132,0.002316886371176289,0.25,0.14635323953944926,0.002296983846392755,0.003207981384173021,0.15
158,"[0.3156905269, -0.3265847772, 0.414495484, 0.1462383903]","[-0.004852218037, 0.00791249504, -0.003850765596, 0.00225524396]","[0.001712876451, 0.002231885804, 0.002316982156, 0.00320857097]",0.010298840645597829,0.00991422154143548,0.0003552356557255034,0.28726662840629924,0.31569052691156363,-0.004852218037299319,0.0017128764507041317,0.55,-0.326584777226515,0.007912495040357508,0.0022318858037191427,-0.35,0.41449548398734115,-0.0038507655962522393,0.0023169821559580563,0.25,0.14623839034712963,0.002255243960409387,0.0032085709696147613,0.15
159,"[0.3159331378, -0.326980402, 0.4146880223, 0.1461256281]","[-0.00478340342, 0.007763606424, -0.003758442899, 0.002214155959]","[0.001712809124, 0.002231735626, 0.002317078804, 0.003209152835]",0.010108556405805862,0.009756404385410542,0.0003509711848728533,0.2871486606314626,0.3159331378134286,-0.004783403419764574,0.0017128091239869954,0.55,-0.3269804019785329,0.007763606423567865,0.002231735626253191,-0.35,0.4146880222671538,-0.003758442898784674,0.0023170788035769617,0.25,0.14612562814910915,0.0022141559587468425,0.003209152835364298,0.15
160,"[0.316172308, -0.3273685823, 0.4148759444, 0.1460149204]","[-0.004715931727, 0.007617514142, -0.003667942143, 0.002173713986]","[0.00171274523, 0.002231589801, 0.002317176179, 0.003209726938]",0.009921963808433161,0.009602783917055591,0.00034687994189301136,0.2870322778470158,0.3161723079844168,-0.004715931727297826,0.001712745229884793,0.55,-0.3273685822997113,0.007617514142120244,0.0022315898006971735,-0.35,0.414875944412093,-0.003667942142745844,0.0023171761787629513,0.25,0.1460149203511718,0.0021737139856453807,0.003209726937945855,0.15
161,"[0.3164081046, -0.327749458, 0.4150593415, 0.1459062347]","[-0.004649774883, 0.007474166891, -0.003579224987, 0.002133911976]","[0.001712684617, 0.002231448186, 0.002317274153, 0.003210293242]",0.00973899425031948,0.009453292318218473,0.0003429550841176861,0.2869174190715728,0.3164081045707817,-0.004649774882528097,0.0017126846171036032,0.55,-0.32774945800681726,0.007474166891290377,0.0022314481856228717,-0.35,0.4150593415192303,-0.003579224987125984,0.0023172741533140475,0.25,0.14590623465188954,0.0021339119762160868,0.00321029324234963,0.15
162,"[0.3166405933, -0.3281231664, 0.4152383028, 0.1457995391]","[-0.004584905479, 0.007333514247, -0.003492254017, 0.002094743676]","[0.00171262714, 0.002231310645, 0.002317372606, 0.003210851722]",0.009559580463878047,0.009307862484618701,0.000339190032035987,0.286804025621882,0.3166405933149081,-0.004584905479185916,0.0017126271404248332,0.55,-0.3281231663513818,0.0073335142465165174,0.0022313106445473467,-0.35,0.4152383027685866,-0.003492254016862984,0.002317372605789632,0.25,0.14579953905307874,0.002094743676475334,0.003210851721544423,0.15
163,"[0.3168698386, -0.3284898421, 0.4154129155, 0.1456948019]","[-0.004521296762, 0.007195506651, -0.003406992715, 0.002056202662]","[0.00171257266, 0.002231177046, 0.002317471421, 0.003211402356]",0.00938365649054848,0.009166427973946007,0.0003355784592962563,0.2866920410284643,0.3168698385888674,-0.004521296762248511,0.0017125726604716952,0.55,-0.3284898420637076,0.0071955066514873605,0.002231177045750373,-0.35,0.4154129154694297,-0.003406992715093569,0.0023174714212165015,0.25,0.145694801869255,0.0020562026621892653,0.0032114023560154453,0.15
164,"[0.3170959034, -0.3288496174, 0.4155832651, 0.1455919917]","[-0.004458922609, 0.007060095406, -0.003323405436, 0.002018282357]","[0.001712521043, 0.002231047262, 0.002317570491, 0.003211945133]",0.009211157654837621,0.009028922955330117,0.00033211428308660575,0.2865814109542459,0.31709590342697985,-0.004458922608825177,0.0017125210434844162,0.55,-0.328849617396282,0.007060095406212798,0.002231047262098915,-0.35,0.4155832651051844,-0.003323405436451217,0.0023175704908069195,0.25,0.1455919917361455,0.0020182823565895874,0.003211945133325118,0.15
165,"[0.3173188496, -0.3292026222, 0.4157494354, 0.1454910776]","[-0.00439775751, 0.006927232655, -0.003241457381, 0.001980976047]","[0.001712472161, 0.002230921171, 0.002317669712, 0.003212480048]",0.009042020538924219,0.008895282160355988,0.0003287916548797732,0.2864720831160834,0.3173188495574211,-0.004397757509747866,0.001712472161103908,0.55,-0.32920262216659263,0.006927232655090289,0.0022309211708784237,-0.35,0.415749435377007,-0.003241457381357563,0.0023176697116885367,0.25,0.14549107761831603,0.00198097604702253,0.0032124800476966806,0.15
166,"[0.3175387374, -0.3295489838, 0.4159115082, 0.1453920288]","[-0.004337776552, 0.006796871375, -0.003161114571, 0.001944276901]","[0.00171242589, 0.002230798654, 0.002317768987, 0.0032130071]",0.00887618295781254,0.008765440835806153,0.0003256049515283766,0.2863640072090868,0.3175387374329085,-0.004337776551840057,0.0017124258901635248,0.55,-0.32954898379934716,0.006796871374977957,0.0022307986536305854,-0.35,0.41591150824607487,-0.0031611145712742376,0.002317768986645143,0.25,0.1453920288159649,0.001944276900585738,0.0032130070996179167,0.15
167,"[0.3177556263, -0.3298888274, 0.416069564, 0.145294815]","[-0.004278955401, 0.006668965363, -0.003082343825, 0.001908177979]","[0.001712382112, 0.002230679596, 0.002317868224, 0.003213526295]",0.008713583935011615,0.008639334698317555,0.0003225487666972153,0.28625713483364373,0.3177556262605005,-0.004278955400830564,0.0017123821124886566,0.55,-0.32988882736809605,0.006668965363285835,0.0022306795959973567,-0.35,0.41606956397463857,-0.003082343824862532,0.0023178682238683477,0.25,0.14529481497093563,0.00190817797881149,0.0032135262954656467,0.15
168,"[0.317969574, -0.3302222756, 0.4162236812, 0.1451994061]","[-0.004221270285, 0.006543469226, -0.003005112735, 0.001872672251]","[0.001712340715, 0.002230563888, 0.002317967337, 0.003214037647]",0.008554163678724908,0.008516899891143601,0.00031961790261982617,0.28615141942505634,0.31796957403054205,-0.0042212702848864634,0.0017123407147038583,0.55,-0.33022227563626033,0.006543469226095588,0.002230563887570959,-0.35,0.4162236811658817,-0.003005112735017698,0.002317967336719368,0.25,0.14519940607199505,0.0018726722514432297,0.003214037647148575,0.15
169,"[0.3181806375, -0.3305494491, 0.4163739368, 0.1451057725]","[-0.004164697979, 0.006420338366, -0.002929389647, 0.001837752609]","[0.001712301588, 0.002230451422, 0.002318066244, 0.003214541172]",0.008397863558532606,0.00839807294321437,0.0003168073621669475,0.2860468161856993,0.31818063754478637,-0.004164697978738037,0.0017123015880472225,0.55,-0.3305494490975651,0.006420338366317486,0.0022304514217496426,-0.35,0.41637393680263257,-0.002929389646737529,0.002318066243500707,0.25,0.14510577245942288,0.0018377526093584884,0.0032145411717685105,0.15
170,"[0.3183888724, -0.330870466, 0.4165204063, 0.1450138848]","[-0.004109215788, 0.006299528972, -0.002855143636, 0.001803411877]","[0.001712264628, 0.002230342096, 0.002318164867, 0.003215036891]",0.008244626082551613,0.008282790730686242,0.0003141123412150426,0.2859432820196161,0.31838887244372327,-0.004109215788370697,0.0017122646281917367,0.55,-0.330870466015881,0.006299528971894947,0.002230342095598921,-0.35,0.41652040628496945,-0.0028551436357917817,0.0023181648672370844,0.25,0.14501388482895497,0.0018034118766796486,0.003215036891297855,0.15
171,"[0.3185943332, -0.3311854425, 0.4166631635, 0.1449237142]","[-0.004054801536, 0.006180998004, -0.002782344488, 0.001769642822]","[0.001712229735, 0.00223023581, 0.002318263135, 0.003215524832]",0.008094394875054313,0.00817099044116947,0.00031152822130350264,0.28584077546946685,0.3185943332331418,-0.0040548015362579844,0.001712229735073386,0.55,-0.33118544246447573,0.006180998004062426,0.002230235809718166,-0.35,0.416663163466759,-0.002782344488152022,0.002318263135465629,0.25,0.144923714235121,0.0017696428221230945,0.0032155248322743206,0.15
172,"[0.3187970733, -0.3314944924, 0.4168022807, 0.1448352321]","[-0.004001433547, 0.006064703186, -0.00271096268, 0.00173643817]","[0.001712196813, 0.002230132468, 0.00231836098, 0.003216005026]",0.007947114654535492,0.008062609540816092,0.0003090505625695913,0.28573925665575045,0.3187970733099547,-0.00400143354711484,0.0017121968127257162,0.55,-0.33149449236467887,0.0060647031856669135,0.0022301324681122205,-0.35,0.41680228069116665,-0.002710962680156915,0.0023183609800344947,0.25,0.14483523209401483,0.0017364381696204272,0.003216005025509946,0.15
173,"[0.318997145, -0.3317977275, 0.4169378288, 0.1447484102]","[-0.003949090634, 0.00595060299, -0.002640969359, 0.001703790608]","[0.001712165769, 0.002230031978, 0.002318458337, 0.003216477506]",0.0078027312122101525,0.00795758574444161,0.0003066750969505696,0.2856386872182203,0.31899714498731047,-0.003949090634147802,0.001712165769120649,0.55,-0.3317977275239622,0.00595060298955777,0.0022300319780679317,-0.35,0.4169378288251745,-0.0026409693593756065,0.0023184583369099203,0.25,0.1447484101855338,0.0017037906082585234,0.00321647750581538,0.15
174,"[0.3191945995, -0.3320952577, 0.4170698773, 0.1446632207]","[-0.003897752086, 0.005838656627, -0.002572336326, 0.001671692802]","[0.001712136516, 0.00222993425, 0.002318555146, 0.003216942312]",0.00766119139093025,0.007855856988842653,0.0003043977216429188,0.28553903025941824,0.31919459951901785,-0.003897752085781753,0.0017121365160152947,0.55,-0.33209525767344006,0.005838656627052478,0.0022299342500353356,-0.35,0.41706987729314327,-0.0025723363261442723,0.0023185551459910915,0.25,0.14466322065512088,0.0016716928015704784,0.0032169423117374457,0.15
175,"[0.3193894871, -0.3323871905, 0.4171984941, 0.144579636]","[-0.003847397653, 0.005728824036, -0.002505036016, 0.001640137396]","[0.001712108969, 0.002229839198, 0.002318651351, 0.003217399485]",0.007522443064504847,0.0077573614094584515,0.0003022144928089043,0.2854402502902547,0.31938948712330695,-0.0038473976528418355,0.001712108968804576,0.55,-0.3323871905047927,0.00572882403648408,0.0022298391975133828,-0.35,0.4171984941094505,-0.002505036015740624,0.0023186513509328857,0.25,0.14457963601504237,0.0016401373962167934,0.0032173994853105536,0.15
176,"[0.319581857, -0.3326736317, 0.4173237459, 0.1444976291]","[-0.003798007536, 0.005621065872, -0.002439041481, 0.00160911703]","[0.001712083046, 0.002229746737, 0.002318746899, 0.003217849072]",0.007386435117414407,0.0076620373205069795,0.0003001216195211296,0.28534231317756226,0.31958185700594904,-0.0037980075361741137,0.0017120830463793974,0.55,-0.3326736317066169,0.0056210658718351784,0.0022297467369399456,-0.35,0.4173237459102375,-0.002439041481178628,0.002318746898975671,0.25,0.14449762914523154,0.0016091170300873746,0.003217849071819915,0.15
177,"[0.3197717574, -0.332954685, 0.417445698, 0.1444171733]","[-0.003749562375, 0.005515343491, -0.002374326377, 0.00157862434]","[0.001712058671, 0.002229656788, 0.002318841741, 0.00321829112]",0.007253117424904545,0.00756982319870693,0.00029811545793606976,0.2852451860935542,0.31977175738275776,-0.0037495623746846072,0.0017120586709901944,0.55,-0.33295468500020864,0.00551534349146444,0.0022296567875859825,-0.35,0.4174456979842964,-0.0023743263765903613,0.002318841740782263,0.25,0.14441717329372716,0.0015786243398578348,0.003218291119576932,0.15
178,"[0.3199592355, -0.3332304522, 0.4175644143, 0.1443382421]","[-0.003702043234, 0.005411618947, -0.002310864941, 0.001548651968]","[0.001712035768, 0.002229569271, 0.00231893583, 0.00321872568]",0.007122440833447277,0.007480657670674924,0.0002961925056879431,0.28514883746712283,0.31995923550149197,-0.0037020432337796704,0.00171203576811566,0.55,-0.33323045217478187,0.005411618946928963,0.002229569271453711,-0.35,0.41756441430312596,-0.0023108649411720376,0.0023189358302816592,0.25,0.14433824207673426,0.0015486519680304937,0.003218725679706026,0.15
179,"[0.3201443377, -0.3335010331, 0.4176799576, 0.1442608095]","[-0.003655431594, 0.005309854972, -0.002248631984, 0.001519192569]","[0.001712014266, 0.002229484113, 0.002319029125, 0.003219152806]",0.006994357141561064,0.007394479504062712,0.00029434939649458045,0.28505323693691076,0.32014433766318096,-0.0036554315941929334,0.0017120142663364206,0.55,-0.3335010331221283,0.005309854971907462,0.0022294841131785797,-0.35,0.41767995755018456,-0.0022486319836747945,0.0023190291245191036,0.25,0.14426080947833275,0.0015191925694877288,0.0032191528059419116,0.15
180,"[0.3203271092, -0.3337665259, 0.4177923891, 0.1441848498]","[-0.003609709341, 0.005210014971, -0.002187602867, 0.001490238818]","[0.001711994097, 0.00222940124, 0.002319121584, 0.003219572554]",0.006868819080975293,0.007311227602473091,0.0002925828949672887,0.28495835530609515,0.3203271092428906,-0.003609709341180419,0.0017119940972135316,0.55,-0.3337665258707237,0.005210014971228086,0.002229401239934935,-0.35,0.4177923891493683,-0.0021876028674114993,0.002319121583512483,0.25,0.14418484984985835,0.0014902388175850522,0.003219572554437243,0.15
181,"[0.3205075947, -0.3340270266, 0.4179017693, 0.1441103379]","[-0.003564858754, 0.00511206301, -0.002127753496, 0.00146178341]","[0.001711975195, 0.002229320581, 0.00231921317, 0.003219984984]",0.006745780298130731,0.0072308410041657615,0.0002908898916169975,0.2848641644988227,0.3205075947099496,-0.0035648587540707127,0.001711975195171576,0.55,-0.33402702661928513,0.005112063010003413,0.0022293205813452284,-0.35,0.41790176929273887,-0.0021277534957627933,0.002319213170114654,0.25,0.1441103379089791,0.0014617834098108367,0.00321998498358011,0.15
182,"[0.3206858376, -0.3342826298, 0.418008157, 0.1440372487]","[-0.003520862496, 0.005015963803, -0.002069060298, 0.001433819073]","[0.001711957497, 0.002229242069, 0.00231930385, 0.003220390154]",0.0066251953360062146,0.007153258884534398,0.00028926739804929546,0.28477063751823856,0.3206858376476531,-0.0035208624961561193,0.0017119574973861883,0.55,-0.3342826297697853,0.005015963802876542,0.0022292420693925978,-0.35,0.418008156967527,-0.002069060298162955,0.002319303849881376,0.25,0.14403724873848855,0.0014338190730346415,0.003220390153820441,0.15
183,"[0.3208618808, -0.334533428, 0.41811161, 0.1439655578]","[-0.003477703605, 0.004921682703, -0.002011500217, 0.001406338568]","[0.001711940944, 0.002229165638, 0.002319393591, 0.003220788128]",0.006507019616258542,0.007078420562307172,0.00028771254234119764,0.28467774840605153,0.3208618807724609,-0.0034777036049085082,0.0017119409436758895,0.55,-0.33453342795992913,0.004921682703380648,0.002229165638336745,-0.35,0.4181116099824352,-0.002011500216539368,0.002319393590944949,0.25,0.14396555778483683,0.0014063385683702374,0.0032207881275057313,0.15
184,"[0.321035766, -0.3347795121, 0.418212185, 0.1438952409]","[-0.003435365483, 0.004829185693, -0.001955050692, 0.001379334696]","[0.001711925476, 0.002229091225, 0.002319482364, 0.003221178969]",0.006391209421670981,0.007006265509392243,0.0002862225645928195,0.284585472203582,0.32103576595270633,-0.00343536548251098,0.0017119254763980029,0.55,-0.33477951209509815,0.004829185693414603,0.0022290912246329063,-0.35,0.4182121849932621,-0.0019550506921981654,0.0023194823638928077,0.25,0.1438952408564183,0.0013793346956715092,0.0032211789687243845,0.15
185,"[0.3212075342, -0.3350209714, 0.4183099375, 0.1438262741]","[-0.003393831887, 0.004738439373, -0.001899689653, 0.001352800298]","[0.00171191104, 0.002229018767, 0.002319570142, 0.003221562743]",0.006277721878895334,0.006936733364259347,0.00028479481264732617,0.28449378491423927,0.3212075342268319,-0.0033938318866881608,0.0017119110403485648,0.55,-0.3350209713797689,0.00473843937283629,0.0022290187668538948,-0.35,0.41830993752787204,-0.0018996896531256894,0.0023195701416515017,0.25,0.14382627412163473,0.001352800297686939,0.00322156274315803,0.15
186,"[0.3213772258, -0.3352578933, 0.418404922, 0.1437586341]","[-0.003353086922, 0.004649410949, -0.001845395502, 0.001326728264]","[0.001711897583, 0.002228948206, 0.002319656899, 0.003221939518]",0.0061665149414843025,0.00686976394871907,0.00028342673797283576,0.2844026634673775,0.3213772258211663,-0.0033530869218279433,0.0017118975826660278,0.55,-0.3352578933484107,0.0046494109491766545,0.0022289482056149796,-0.35,0.4184049220105283,-0.0018453955017011243,0.0023196568993752308,0.25,0.14375863410675038,0.0013267282638856593,0.003221939517940424,0.15
187,"[0.3215448802, -0.3354903639, 0.4184971918, 0.1436922977]","[-0.00331311503, 0.004562068227, -0.001792147103, 0.001301111534]","[0.001711885053, 0.002228879484, 0.002319742614, 0.003222309362]",0.006057547373200765,0.006805297287932894,0.0002821158917001521,0.2843120856834817,0.3215448801672577,-0.0033131150303791195,0.0017118850527386542,0.55,-0.33549036389586956,0.004562068227474741,0.0022288794835016034,-0.35,0.41849719178561334,-0.0017921471027943358,0.002319742614339231,0.25,0.1436922976935561,0.0013011115339811594,0.0032223093615243526,0.15
188,"[0.3217105359, -0.3357184673, 0.4185867991, 0.1436272421]","[-0.003273900985, 0.0044763796, -0.001739923772, 0.001275943101]","[0.001711873402, 0.002228812545, 0.002319827266, 0.003222672344]",0.005950778731598517,0.0067432736334592834,0.00028085992081045333,0.2842220302406347,0.32171053591877663,-0.0032739009845171117,0.00171187340211544,0.55,-0.3357184673072433,0.004476379600236074,0.002228812544999752,-0.35,0.4185867991407531,-0.0017399237722396218,0.002319827265837569,0.25,0.14362724211685704,0.0012759431011643552,0.0032226723435551884,0.15
189,"[0.321874231, -0.3359422863, 0.4186737953, 0.143563445]","[-0.003235429878, 0.004392314038, -0.001688705266, 0.001251216015]","[0.001711862584, 0.002228747336, 0.002319910835, 0.003223028535]",0.005846169351865685,0.006683633489116464,0.0002796565644672862,0.28413247664222074,0.3218742309680025,-0.0032354298780661417,0.0017118625844204428,0.55,-0.3359422862872551,0.004392314037515599,0.002228747336428893,-0.35,0.41867379532936505,-0.0016887052656696631,0.0023199108350851357,0.25,0.14356344496179882,0.0012512160150643552,0.00322302853475066,0.15
190,"[0.3220360025, -0.336161902, 0.4187582306, 0.1435008842]","[-0.003197687119, 0.004309841077, -0.001638471768, 0.001226923384]","[0.001711852555, 0.002228683806, 0.002319993305, 0.003223378007]",0.005743680330922163,0.006626317639419259,0.00027850365048742433,0.2840434051858208,0.3220360024619058,-0.0031976871186679755,0.0017118525552703846,0.55,-0.3361619019891309,0.0043098410771252515,0.0022286838058774186,-0.35,0.41875823059264855,-0.0016384717676928453,0.002319993305123915,0.25,0.1435008841610456,0.0012269233844557541,0.003223378006787583,0.15
191,"[0.3221958868, -0.336377394, 0.4188401542, 0.143439538]","[-0.00316065842, 0.004228930815, -0.001589203881, 0.00120305838]","[0.001711843272, 0.002228621903, 0.002320074661, 0.003223720832]",0.00564327351176487,0.0065712671803270515,0.00027739909194534815,0.2839547969332559,0.32219588681783917,-0.0031606584201880382,0.0017118432721954196,0.55,-0.3363773940429871,0.00422893081496861,0.002228621903140438,-0.35,0.4188401541810332,-0.0015892038814046933,0.002320074660733052,0.25,0.1434395379918228,0.0012030583797217197,0.003223720832193815,0.15
192,"[0.3223539197, -0.3365888406, 0.4189196144, 0.1433793851]","[-0.003124329795, 0.004149553896, -0.001540882618, 0.001179614235]","[0.001711834695, 0.00222856158, 0.002320154888, 0.003224057084]",0.005544911468052255,0.006518423552022839,0.0002763408839063253,0.2838666336817388,0.3223539197388486,-0.0031243297953497725,0.0017118346945629304,0.55,-0.33658884058373556,0.004149553895501355,0.0022285615796598882,-0.35,0.41891961437510344,-0.0015408826182170651,0.002320154888342833,0.25,0.1433793850728367,0.0011796142350926075,0.0032240570842465024,0.15
193,"[0.3225101362, -0.3367963183, 0.4189966585, 0.1433204044]","[-0.003088687549, 0.004071681502, -0.001493489388, 0.001156584251]","[0.001711826784, 0.002228502788, 0.002320233976, 0.003224386837]",0.005448557488922567,0.00646772857342951,0.0002753271002832228,0.2837788979360923,0.3225101362286161,-0.0030886875485889357,0.0017118267835042437,0.55,-0.33679631827851064,0.0040716815023195945,0.002228502788466823,-0.35,0.4189966585060143,-0.0014934893879960307,0.0023202339759522037,0.25,0.14332040436108207,0.0011565842506698577,0.0032243868368753044,0.15
194,"[0.3226645706, -0.3369999024, 0.419071333, 0.1432625751]","[-0.003053718269, 0.003995285349, -0.001447005989, 0.001133961794]","[0.001711819502, 0.002228445484, 0.002320311913, 0.003224710165]",0.005354175564038051,0.006419124478158599,0.0002743558908124088,0.28369157288199665,0.32266457060604553,-0.003053718269119274,0.001711819501844169,0.55,-0.33699990235362665,0.0039952853488755,0.002228445484125826,-0.35,0.4190713329754141,-0.001447005989494743,0.002320311913049809,0.25,0.14326257514854857,0.0011339617942490298,0.0032247101645708504,0.15
195,"[0.3228172565, -0.3371996666, 0.4191436833, 0.1432058771]","[-0.003019408824, 0.003920337669, -0.001401414601, 0.001111740303]","[0.001711812814, 0.002228389623, 0.002320388691, 0.003225027142]",0.005261730368848614,0.006372553951580278,0.00027342547814423345,0.28360464236022886,0.3228172565195015,-0.0030194088242012336,0.0017118128140332402,0.55,-0.3371996666210704,0.003920337669320548,0.002228389622681487,-0.35,0.4191436832748888,-0.00140141460106947,0.0023203886905384828,0.25,0.1432058770588361,0.001111740302955292,0.0032250271422985394,0.15
196,"[0.322968227, -0.3373956835, 0.419213754, 0.14315029]","[-0.002985746353, 0.003846811209, -0.001356697772, 0.001089913285]","[0.001711806686, 0.002228335162, 0.002320464301, 0.003225337845]",0.005171187250070231,0.006327960168699776,0.00027253415504379047,0.28351809084185714,0.32296822696071154,-0.002985746352607536,0.001711806686082561,0.55,-0.33739568350453647,0.003846811209476687,0.002228335161606799,-0.35,0.4192137540049423,-0.0013566977716715823,0.002320464300662802,0.25,0.14315029004368834,0.0010899132847000167,0.0032253378454164066,0.15
197,"[0.3231175143, -0.3375880241, 0.4192815889, 0.1430957944]","[-0.002952718258, 0.003774679218, -0.001312838412, 0.001068474319]","[0.001711801086, 0.00222828206, 0.002320538737, 0.00322564235]",0.005082512211371058,0.006285286832525943,0.0002716802816977901,0.28343190340435687,0.3231175142783419,-0.002952718258277157,0.0017118010855011615,0.55,-0.3375880240650103,0.00377467921793531,0.002228282059753457,-0.35,0.4192815888935259,-0.0013128384121022035,0.0023205387369398017,0.25,0.14309579437945336,0.001068474319470932,0.003225642349597723,0.15
198,"[0.3232651502, -0.337776758, 0.4193472308, 0.1430423707]","[-0.002920312204, 0.003703915437, -0.001269819787, 0.00104741706]","[0.001711795981, 0.002228230277, 0.002320611994, 0.003225940731]",0.004995671899260086,0.006244478212621339,0.0002708622831235495,0.2833460657086137,0.32326515019125573,-0.0029203122041512753,0.0017117959812357685,0.55,-0.33777675802590706,0.0037039154372834142,0.0022282302773039774,-0.35,0.419347230814131,-0.0012698197865206012,0.002320611994092662,0.25,0.1430423706634798,0.001047417060466546,0.00322594073075791,0.15
199,"[0.3234111658, -0.3379619538, 0.4194107218, 0.1429899998]","[-0.002888516106, 0.003634494095, -0.001227625504, 0.001026735235]","[0.001711791344, 0.002228179776, 0.002320684068, 0.003226233065]",0.004910633589173002,0.006205479183530745,0.00027007864667624216,0.2832605639767821,0.3234111658014633,-0.002888516106184469,0.0017117913436128975,0.55,-0.3379619537977712,0.003634494095456823,0.0022281797757255683,-0.35,0.419410721803457,-0.00122762550419656,0.0023206840679872863,0.25,0.1429899998104565,0.0010267352350838428,0.003226233064985654,0.15
200,"[0.3235555916, -0.3381436785, 0.4194721031, 0.142938663]","[-0.002857318128, 0.003566389897, -0.001186239512, 0.001006422646]","[0.001711787144, 0.002228130518, 0.002320754956, 0.003226519428]",0.004827365171751576,0.006168235262794858,0.0002693279196507197,0.28317538497096795,0.3235555916067725,-0.002857318127525436,0.0017117871442831787,0.55,-0.33814367850254407,0.003566389897220568,0.0022281305177256423,-0.35,0.41947210307866684,-0.001186239511500863,0.002320754955571448,0.25,0.14293866304870229,0.0010064226457666362,0.0032265194284773176,0.15
201,"[0.3236984575, -0.338321998, 0.4195314151, 0.1428883419]","[-0.002826706673, 0.003499578016, -0.001145646084, 0.0009864731707]","[0.001711783356, 0.002228082467, 0.002320824655, 0.003226799897]",0.004745835139310399,0.006132692648270018,0.00026860870697432504,0.28309051597270474,0.3236984575131488,-0.002826706672860264,0.0017117833561678367,0.55,-0.3383219979974051,0.003499578015775176,0.0022280824672089913,-0.35,0.41953141505424185,-0.0011456460841201034,0.002320824654816759,0.25,0.14288834191641395,0.0009864731707268884,0.0032267998974757394,0.15
202,"[0.3238397928, -0.3384969769, 0.4195886974, 0.1428390183]","[-0.002796670383, 0.003434034084, -0.001105829819, 0.0009668807645]","[0.001711779953, 0.002228035589, 0.002320893165, 0.003227074548]",0.004666012572487952,0.006098798254489809,0.0002679196689872696,0.2830059447631957,0.3238397928467918,-0.0027966703829130205,0.0017117799534072447,0.55,-0.33849697689819386,0.0034340340844887605,0.002228035589236488,-0.35,0.41958869735844784,-0.0011058298194922206,0.002320893164663029,0.25,0.1428390182578776,0.0009668807645433938,0.0032270745482120763,0.15
203,"[0.3239796264, -0.3386686786, 0.4196439888, 0.1427906742]","[-0.002767198129, 0.003369734189, -0.001066775629, 0.0009476394586]","[0.001711776911, 0.00222798985, 0.002320960485, 0.003227343457]",0.0045878671270785185,0.006066499747823338,0.000267259519307285,0.2829216596042917,0.32397962636593747,-0.002767198129098681,0.0017117769113114548,0.55,-0.3386686786024183,0.003369734188753818,0.002227989849985286,-0.35,0.41964398884942244,-0.0010667756294538903,0.002320960484965036,0.25,0.14279067421965042,0.0009476394586483613,0.0032273434568510927,0.15
204,"[0.3241179863, -0.3388371653, 0.4196973276, 0.1427432922]","[-0.002738279008, 0.003306654858, -0.001028468733, 0.0009287433617]","[0.001711774206, 0.002227945217, 0.002321026616, 0.003227606699]",0.004511369021040086,0.0060357455802044465,0.000266627022775355,0.2828376492201805,0.3241179862723924,-0.002738279008321446,0.001711774206312665,0.55,-0.338837165311856,0.003306654857968733,0.002227945216710466,-0.35,0.4196973276308951,-0.001028468733089884,0.0023210266164416854,0.25,0.142743292246718,0.000928743361706862,0.0032276066994397,0.15
205,"[0.3242549002, -0.3390024981, 0.4197487511, 0.1426968551]","[-0.002709902338, 0.003244773058, -0.0009908946498, 0.0009101866599]","[0.001711771816, 0.002227901658, 0.002321091561, 0.003227864352]",0.004436489021676716,0.0060064850212281145,0.000266020993479486,0.28275390277975876,0.3242549002228085,-0.0027099023379150763,0.0017117718159195177,0.55,-0.3390024980547544,0.0032447730576419644,0.002227901657708076,-0.35,0.4197487510675496,-0.0009908946497800247,0.0023210915606273726,0.25,0.14269685507863267,0.0009101866598992594,0.003227864351858708,0.15
206,"[0.3243903953, -0.3391647367, 0.4197982958, 0.1426513457]","[-0.002682057651, 0.003184066182, -0.0009540391924, 0.0008919636171]","[0.001711769719, 0.002227859142, 0.00232115532, 0.00322811649]",0.004363198432992779,0.005978668188432687,0.00026544029285355486,0.28267040987966424,0.32439039533970426,-0.002682057650720115,0.0017117697186731725,0.55,-0.3391647367076365,0.0031840661816195616,0.0022278591422794747,-0.35,0.41979829580003863,-0.0009540391924374487,0.00232115531982538,0.25,0.1426513457456377,0.0008919636171079311,0.0032281164897769226,0.15
207,"[0.3245244982, -0.33932394, 0.4198459978, 0.1426067476]","[-0.00265473469, 0.003124512044, -0.0009178884609, 0.000874068575]","[0.001711767894, 0.002227817641, 0.002321217897, 0.003228363189]",0.004291469083215127,0.005952246075610528,0.00026488382784842213,0.28258716052794164,0.3245244982222403,-0.00265473469029175,0.0017117678941050963,0.55,-0.3393239400167175,0.0031245120444335583,0.0022278176406969985,-0.35,0.4198459977596605,-0.0009178884609272484,0.0023212178970634877,0.25,0.1426067475647823,0.0008740685750209039,0.0032283631886087,0.15
208,"[0.324657235, -0.3394801656, 0.4198918922, 0.1425630441]","[-0.002627923406, 0.003066088874, -0.0008824288357, 0.0008564959532]","[0.001711766323, 0.002227777124, 0.002321279296, 0.003228604523]",0.00422127331248391,0.005927170579012969,0.00026435054917257775,0.28250414512832067,0.32465723495675486,-0.0026279234062363322,0.001711766322696482,0.55,-0.3394801656189392,0.0030660888737713827,0.002227777124170834,-0.35,0.4198918921827069,-0.0008824288356646708,0.0023212792960514137,0.25,0.14256304413603127,0.0008564959531526918,0.0032286045234736363,0.15
209,"[0.3247886311, -0.3396334701, 0.4199360136, 0.1425202193]","[-0.00260161395, 0.003008775303, -0.0008476469714, 0.0008392402488]","[0.001711764986, 0.002227737565, 0.002321339521, 0.003228840569]",0.004152583960708674,0.00590339452133996,0.00026383944959968423,0.2824213544650826,0.3247886311270667,-0.0026016139496700254,0.001711764985839261,0.55,-0.33963347006262773,0.003008775303064735,0.002227737564817094,-0.35,0.4199360136244901,-0.0008476469713829359,0.0023213395211401948,0.25,0.14252021933837364,0.0008392402487907251,0.003228840569158931,0.15
210,"[0.3249187118, -0.3397839088, 0.419978396, 0.1424782573]","[-0.002575796669, 0.002952550364, -0.0008135297911, 0.0008222960369]","[0.001711763866, 0.002227698936, 0.002321398577, 0.0032290714]",0.004085374355590073,0.005880871673428225,0.0002633495623405145,0.2823387796884941,0.3249187118245502,-0.00257579666879698,0.001711763865798629,0.55,-0.339783908827781,0.0029525503641968736,0.0022276989356270404,-0.35,0.41997839597305925,-0.000813529791066378,0.0023213985772833987,0.25,0.1424782573259341,0.0008222960368722352,0.003229071400084261,0.15
211,"[0.3250475017, -0.3399315363, 0.4200190725, 0.1424371425]","[-0.002550462105, 0.00289739348, -0.00078006448, 0.0008056579698]","[0.001711762946, 0.00222766121, 0.00232145647, 0.00322929709]",0.004019618300806626,0.005859556773574729,0.00026287995947683754,0.2822564123007875,0.32504750165799,-0.0025504621046027343,0.0017117629456770307,0.55,-0.3399315363459908,0.002897393480327223,0.002227661210437396,-0.35,0.42001907246261255,-0.0007800644800446833,0.0023214564699999773,0.25,0.1424371425240905,0.0008056579697954062,0.0032292970902686163,0.15
212,"[0.3251750248, -0.340076406, 0.4200580757, 0.1423968596]","[-0.002525600987, 0.002843284459, -0.0007472384802, 0.0007893207772]","[0.001711762209, 0.002227624364, 0.002321513205, 0.003229517713]",0.003955290064365657,0.005839405544454817,0.00026242975045492526,0.28217424414266745,0.32517502476322013,-0.002525600986658054,0.0017117622093795618,0.55,-0.34007640602000716,0.002843284458832463,0.002227624363901734,-0.35,0.4200580756866148,-0.000747238480239051,0.0023215132053389102,0.25,0.14239685962560075,0.000789320777170707,0.003229517713299646,0.15
213,"[0.3253013048, -0.3402185702, 0.4200954376, 0.1423573936]","[-0.002501204229, 0.002790203484, -0.0007150394846, 0.0007732792655]","[0.001711761642, 0.002227588371, 0.00232156879, 0.003229733342]",0.0038923643671205824,0.005820374707615214,0.0002619980806364211,0.2820922673803235,0.32530130481255304,-0.0025012042290316495,0.0017117616415807146,0.55,-0.34021857024294877,0.00279020348436223,0.0022275883714628786,-0.35,0.42009543761062673,-0.0007150394845604725,0.002321568789845325,0.25,0.1423573935867422,0.0007732792655157442,0.003229733342304785,0.15
214,"[0.325426365, -0.3403580804, 0.4201311896, 0.1423187296]","[-0.002477262926, 0.002738131112, -0.0006834554314, 0.0007575283179]","[0.001711761228, 0.002227553209, 0.002321623231, 0.00322994405]",0.003830816371453552,0.0058024219955426,0.00026158412990441213,0.282010474492932,0.3254263650240046,-0.002477262926305669,0.001711761227692438,0.55,-0.34035808041716686,0.0027381311120089633,0.0022275532093263004,-0.35,0.42013118958485474,-0.000683455431449362,0.002321623230528266,0.25,0.14231872962346642,0.0007575283178990446,0.003229944049924629,0.15
215,"[0.3255502282, -0.340494987, 0.4201653624, 0.1422808532]","[-0.00245376835, 0.002687048261, -0.0006524744996, 0.0007420628935]","[0.001711760954, 0.002227518854, 0.002321676535, 0.003230149908]",0.0037706216701268646,0.005785506161326108,0.0002611871113226209,0.28192885826062675,0.3255502281703199,-0.0024537683496932655,0.0017117609538334336,0.55,-0.3404949869727673,0.0026870482605898744,0.0022275188544344507,-0.35,0.4201653623564272,-0.0006524744995575688,0.002321676534829841,0.25,0.14228085320757147,0.0007420628935352629,0.0032301499082880124,0.15
216,"[0.3256729166, -0.3406293394, 0.4201979861, 0.1422437501]","[-0.002430711943, 0.002636936206, -0.0006220851026, 0.0007268780273]","[0.001711760807, 0.002227485284, 0.002321728711, 0.003230350989]",0.003711756275304273,0.005769586985949964,0.00026080626984570214,0.28184741175292294,0.32567291658780456,-0.0024307119432535034,0.0017117608067996684,0.55,-0.3406293393857968,0.0026369362060408626,0.0022274852844420033,-0.35,0.4201979860814051,-0.0006220851025650975,0.002321728710595771,0.25,0.14224375006289472,0.000726878027335274,0.0032303509889886686,0.15
217,"[0.3257944522, -0.3407611862, 0.4202290903, 0.1422074062]","[-0.00240808532, 0.002587776575, -0.0005922758841, 0.0007119688294]","[0.001711760774, 0.002227452478, 0.002321779766, 0.003230547363]",0.0036541966077437565,0.005754625283267542,0.0002604408810787263,0.2817661283175768,0.3257944521849672,-0.002408085320200116,0.0017117607740360463,0.55,-0.34076118619609885,0.002587776574919869,0.002227452477691995,-0.35,0.42022909033653333,-0.000592275884125979,0.002321779766047389,0.25,0.14220740616152797,0.0007119688294170352,0.0032305473630640674,0.15
218,"[0.3259148565, -0.340890575, 0.4202587041, 0.1421718077]","[-0.002385880259, 0.002539551338, -0.0005630357129, 0.0006973304846]","[0.001711760844, 0.002227420413, 0.00232182971, 0.003230739101]",0.0035979194861660135,0.005740582902721466,0.0002600902500839789,0.28168500156986465,0.32591485645097723,-0.00238588025930246,0.0017117608436091904,0.55,-0.3408905750248448,0.002539551338018792,0.0022274204131928015,-0.35,0.4202587041307396,-0.0005630357129422502,0.0023218297097548847,0.25,0.1421718077200571,0.0006973304845785167,0.0032307391009756686,0.15
219,"[0.3260341505, -0.3410175526, 0.4202868559, 0.1421369412]","[-0.002364088701, 0.002492242804, -0.000534353678, 0.0006829582517]","[0.001711761004, 0.002227389071, 0.002321878551, 0.003230926273]",0.003542902116802554,0.0057274227298870035,0.00025975371023330873,0.28160402538226653,0.32603415046394235,-0.002364088701375971,0.0017117610041812912,0.55,-0.34101755259174577,0.0024922428040837366,0.0022273890705959047,-0.35,0.42028685591638676,-0.0005343536779629402,0.002321878550611638,0.25,0.14213694119582818,0.0006829582517334455,0.003230926272590084,0.15
220,"[0.3261523549, -0.3411421647, 0.4203135736, 0.1421027933]","[-0.002342702746, 0.002445833614, -0.0005062190837, 0.0006688474633]","[0.001711761245, 0.00222735843, 0.002321926298, 0.003231108947]",0.0034891220831239473,0.0057151086849260855,0.00025943062210427397,0.2815231938745386,0.3261523548990112,-0.0023427027458564962,0.0017117612449850065,0.55,-0.34114216473194997,0.002445833613640022,0.002227358430174505,-0.35,0.42031357360028493,-0.0005062190836961244,0.0023219262978100962,0.25,0.1421027932832415,0.0006688474633203543,0.003231108947163082,0.15
221,"[0.32626949, -0.3412644564, 0.4203388846, 0.1420693509]","[-0.002321714647, 0.002400306733, -0.0004786214456, 0.0006549935247]","[0.001711761556, 0.002227328473, 0.002321972961, 0.003231287193]",0.0034365573357573835,0.005703605719047699,0.0002591203724184583,0.28144250140416033,0.326269490036304,-0.002321714647460675,0.0017117615557993265,0.55,-0.341264456412632,0.0024003067329229607,0.0022273284728028175,-0.35,0.4203388845544697,-0.0004786214456431797,0.0023219729608183934,0.25,0.14206935091007547,0.0006549935246775935,0.0032312871933234395,0.15
222,"[0.3263855758, -0.3413844717, 0.4203628156, 0.1420366012]","[-0.002301116813, 0.002355645448, -0.0004515504858, 0.0006413919134]","[0.001711761927, 0.00222729918, 0.002322018549, 0.003231461079]",0.0033851861825932063,0.005692879809078111,0.00025882237302035166,0.2813619425571422,0.32638557576867705,-0.0023011168129245868,0.0017117619269264178,0.55,-0.3413844717492781,0.002355645447911157,0.0022272991799361717,-0.35,0.4203628156267519,-0.0004515504858382441,0.0023220185493584367,0.25,0.1420366012338416,0.0006413919133965181,0.003231461079059543,0.15
223,"[0.3265006316, -0.341502254, 0.4203853932, 0.1420045316]","[-0.002280901798, 0.002311833358, -0.0004249961285, 0.0006280381786]","[0.001711762349, 0.002227270534, 0.002322063073, 0.003231630672]",0.003334987279090354,0.005682897950249315,0.0002585360598952574,0.28128151213918123,0.3265006316093233,-0.0022809017978234927,0.001711762349169361,0.55,-0.34150225402167367,0.00231183335846262,0.002227270533591731,-0.35,0.4203853931510438,-0.00042499612850268773,0.0023220630733846634,0.25,0.14200453163817178,0.0006280381786461782,0.003231630671705767,0.15
224,"[0.3266146767, -0.3416178457, 0.420406643, 0.1419731297]","[-0.002261062303, 0.002268854373, -0.0003989484958, 0.0006149279405]","[0.001711762814, 0.002227242516, 0.002322106543, 0.003231796038]",0.003285939618781528,0.005673628147318792,0.00025826089222475893,0.2812012051671504,0.32661467669921446,-0.0022610623034652897,0.0017117628138107897,0.55,-0.3416178456895968,0.0022688543725507696,0.002227242516329964,-0.35,0.42040664295746893,-0.0003989484957988731,0.0023221065430641314,0.25,0.14197312972923948,0.0006149279404803473,0.0032317960379313936,0.15
225,"[0.3267277298, -0.3417312884, 0.4204265904, 0.1419423833]","[-0.002241591174, 0.002226692701, -0.0003733979037, 0.0006020568891]","[0.001711763313, 0.002227215111, 0.002322148969, 0.003231957244]",0.0032380225239872188,0.005665039404136027,0.000257996351478319,0.28112101686091034,0.32672772981438775,-0.0022415911738591166,0.0017117633125923704,0.55,-0.34173128840822437,0.0022266927006002095,0.002227215111236721,-0.35,0.4204265903822589,-0.0003733979036883155,0.0023221489687574263,0.25,0.14194238333221545,0.0006020568891229326,0.0032319572437299114,0.15
226,"[0.3268398094, -0.341842623, 0.4204452603, 0.1419122805]","[-0.002222481393, 0.00218533285, -0.0003483348579, 0.0005894207842]","[0.001711763838, 0.002227188302, 0.002322190361, 0.003232114354]",0.0031912156367432864,0.005657101711773094,0.0002577419405396491,0.2810409426354307,0.3268398093730807,-0.002222481392755476,0.0017117638376950937,0.55,-0.34184262304325436,0.002185332849919998,0.002227188301905958,-0.35,0.4204452602774433,-0.0003483348578893205,0.0023221903610004826,0.25,0.1419122804877593,0.0005894207842367847,0.003232114354409607,0.15
227,"[0.3269509334, -0.3419518897, 0.420462677, 0.1418828094]","[-0.002203726081, 0.002144759619, -0.0003237500499, 0.0005770154542]","[0.001711764382, 0.002227162072, 0.00232223073, 0.003232267435]",0.0031454989099483585,0.005649786035336716,0.0002574971828665322,0.2809609780932105,0.32695093344271847,-0.0022037260807557567,0.001711764381720356,0.55,-0.34195188968575035,0.002144759619233905,0.0022271620724230523,-0.35,0.42046267702033774,-0.0003237500499295625,0.002322230730487318,0.25,0.14188280944854748,0.000577015454175559,0.0032322674345850546,0.15
228,"[0.3270611197, -0.3420591277, 0.4204788645, 0.1418539587]","[-0.002185318492, 0.002104958093, -0.0002996343533, 0.0005648367952]","[0.001711764938, 0.002227136407, 0.002322270088, 0.003232416548]",0.0031008525987376327,0.0056430642995790575,0.0002572616216828248,0.28088111901698476,0.3270611197467563,-0.002185318492489125,0.0017117649376717984,0.55,-0.34205912766671204,0.0021049580933054377,0.0022271364073487183,-0.35,0.42047886452283423,-0.00029963435329142857,0.002322270088053653,0.25,0.1418539586758387,0.0005648367952236761,0.00323241654816984,0.15
229,"[0.3271703857, -0.3421643756, 0.4204938462, 0.1418257168]","[-0.002167252014, 0.002065913638, -0.0002759788197, 0.0005528807708]","[0.001711765499, 0.002227111292, 0.002322308445, 0.003232561758]",0.003057257252090595,0.005636909373422542,0.00025703481920143353,0.28080136136270867,0.32717038567138074,-0.002167252013856125,0.0017117654989378523,0.55,-0.3421643755713773,0.002065913637656847,0.002227111291703457,-0.35,0.4204938462404988,-0.00027597881965032094,0.002322308444661222,0.25,0.1418257168360775,0.0005528807708222221,0.0032325617583697703,0.15
230,"[0.3272787483, -0.3422676713, 0.4205076452, 0.1417980728]","[-0.002149520159, 0.002027611893, -0.0002527746752, 0.0005411434108]","[0.001711766059, 0.002227086711, 0.002322345811, 0.003232703128]",0.0030146937046771037,0.005631295053512179,0.00025681635587708826,0.2807217012528075,0.32727874827207354,-0.0021495201593340913,0.0017117660592750135,0.55,-0.34226767125326013,0.002027611893380571,0.002227086710952586,-0.35,0.4205076451814813,-0.00025277467519620026,0.002322345811383075,0.25,0.1417980727975364,0.0005411434107861005,0.003232703127677595,0.15
231,"[0.3273862243, -0.3423690518, 0.4205202839, 0.1417710156]","[-0.002132116569, 0.001990038772, -0.000230013317, 0.0005296208105]","[0.001711766613, 0.002227062651, 0.002322382199, 0.003232840718]",0.0029731430689516176,0.005626196046905131,0.00025660582968777294,0.28064213496968293,0.3273862242800402,-0.002132116569346559,0.0017117666127917587,0.55,-0.34236905184792915,0.0019900387720416463,0.002227062650991756,-0.35,0.4205202839152411,-0.000230013317045357,0.002322382199389401,0.25,0.1417710156269971,0.0005296208105103818,0.003232840717867921,0.15
232,"[0.3274928301, -0.3424685538, 0.4205317846, 0.1417445346]","[-0.002115035008, 0.001953180451, -0.0002076863097, 0.0005183091302]","[0.001711767154, 0.002227039098, 0.00232241762, 0.00323297459]",0.0029325867275001027,0.0056215879530049214,0.0002564028554437433,0.2805626589494658,0.32749283010850755,-0.0021150350076918835,0.0017117671539331164,0.55,-0.34246855378653124,0.0019531804506702005,0.0022270390981329745,-0.35,0.42053178458109336,-0.00020768630973270853,0.002322417619934156,0.25,0.14174453458647157,0.0005183091301693592,0.003232974589993094,0.15
233,"[0.3275985819, -0.3425662128, 0.4205421689, 0.1417186191]","[-0.002098269359, 0.001917023367, -0.0001857853818, 0.0005072045939]","[0.001711767677, 0.002227016039, 0.002322452084, 0.003233104804]",0.0028930063256465757,0.005617447244842217,0.00025620706412308157,0.2804832697760069,0.3275985818588921,-0.002098269359030331,0.0017117676774658645,0.55,-0.34256621280906474,0.001917023366841719,0.002227016039091142,-0.35,0.42054216889657997,-0.00018578538178386776,0.0023224520843424653,0.25,0.1417186191299631,0.0005072045939103925,0.0032331048043802288,0.15
234,"[0.3277034953, -0.342662064, 0.4205514582, 0.1416932589]","[-0.002081813626, 0.001881554214, -0.0001643024224, 0.000496303489]","[0.001711768178, 0.002226993461, 0.002322485604, 0.003233231421]",0.002854383764326705,0.005613751249800885,0.00025601810223277254,0.28040396417509567,0.3277034953268436,-0.0020818136264287284,0.0017117681784643082,0.55,-0.34266206397740684,0.0018815542138450531,0.0022269934609710123,-0.35,0.4205514581656692,-0.00016430242236805518,0.0023224856039985023,0.25,0.1416932589002676,0.000496303489040197,0.0032332314206282783,0.15
235,"[0.327807586, -0.3427561417, 0.4205596733, 0.1416684437]","[-0.002065661929, 0.001846759936, -0.000143229478, 0.0004856021652]","[0.001711768652, 0.002226971351, 0.00232251819, 0.003233354498]",0.002816701193233177,0.005610478129882523,0.0002558356311943501,0.2803247390088993,0.32780758600816506,-0.0020656619289596396,0.0017117686522966531,0.55,-0.3427561416880991,0.0018467599359355499,0.0022269713512546472,-0.35,0.4205596732867876,-0.00014322947802419513,0.002322518190334181,0.25,0.14166844372581558,0.0004856021652095288,0.0032333544976064265,0.15
236,"[0.3279108691, -0.3428484797, 0.4205668348, 0.1416441636]","[-0.002049808499, 0.001812627724, -0.0001225587495, 0.0004750970336]","[0.001711769095, 0.002226949698, 0.002322549855, 0.003233474093]",0.0027799410042405564,0.005607606861598146,0.0002556593267531715,0.280245591270614,0.32791086910461303,-0.002049808499355713,0.0017117690946118992,0.55,-0.34284847968489585,0.001812627723673253,0.002226949697789253,-0.35,0.42056683476068885,-0.0001225587494648187,0.0023225498548182263,0.25,0.1416441636175551,0.00047509703359188997,0.003233474093452309,0.15
237,"[0.3280133595, -0.3429391111, 0.4205729627, 0.1416204088]","[-0.002034247682, 0.001779145009, -0.0001022825884, 0.0004647845661]","[0.001711769501, 0.002226928489, 0.002322580609, 0.003233590266]",0.002744085825112289,0.005605117215570349,0.0002554888784104198,0.2801665180793189,0.32801335952958083,-0.0020342476817145285,0.0017117695013272969,0.55,-0.3429391110710795,0.0017791450093430296,0.0022269284887755066,-0.35,0.4205729626981621,-0.00010228258844643858,0.0023225806089461607,0.25,0.1416204087658755,0.0004647845660644799,0.003233590265572136,0.15
238,"[0.3281150719, -0.3430280683, 0.4205780768, 0.1415971695]","[-0.002018973929, 0.001746299462, -8.239349472e-05, 0.0004546612944]","[0.001711769869, 0.002226907713, 0.002322610464, 0.003233703071]",0.0027091185134987344,0.005602989735924164,0.00025532398887698443,0.2800875166750278,0.32811507191366657,-0.0020189739292568163,0.00171176986861628,0.55,-0.34302806832154664,0.0017462994624583366,0.00222690771275619,-0.35,0.4205780768275844,-8.239349471735867e-05,0.002322610464230378,0.25,0.1415971695375723,0.0004546612943817287,0.003233703070639523,0.15
239,"[0.3282160206, -0.3431153833, 0.4205821965, 0.1415744365]","[-0.002003981802, 0.001714078985, -6.288411303e-05, 0.0004447238094]","[0.001711770193, 0.002226887359, 0.002322639432, 0.003233812565]",0.002675022151226545,0.005601205719539621,0.0002551643735483763,0.2800085844139284,0.3282160206101294,-0.0020039818021324665,0.001711770192896914,0.55,-0.34311538329466956,0.0017140789853435355,0.002226887358605304,-0.35,0.42058219650232026,-6.288411302722067e-05,0.0023226394321911627,0.25,0.1415744364728532,0.0004447238093548197,0.003233812564596621,0.15
240,"[0.3283162197, -0.3432010872, 0.4205853407, 0.1415522003]","[-0.001989265965, 0.001682471709, -4.374723021e-05, 0.00043496876]","[0.001711770471, 0.002226867416, 0.002322667524, 0.003233918803]",0.00264178003888565,0.0055997471952339605,0.0002550097599998949,0.2799297187638038,0.328316219700236,-0.001989265965275212,0.0017117704708208008,0.55,-0.3432010872439367,0.00168247170879663,0.0022268674155175123,-0.35,0.4205853407079716,-4.37472302050115e-05,0.0023226675243480537,0.25,0.14155220028238547,0.00043496876002844723,0.0032339188026549405,0.15
241,"[0.328415683, -0.3432852108, 0.4205875281, 0.1415304518]","[-0.001974821186, 0.001651465988, -2.49757723e-05, 0.0004253928529]","[0.001711770699, 0.002226847873, 0.002322694752, 0.003234021839]",0.0026093756907170835,0.005598596902935646,0.000254859887501254,0.2798509172996291,0.32841568299849977,-0.001974821186305709,0.0017117706992624338,0.55,-0.3432852108293766,0.0016514659878297195,0.0022268478729979293,-0.35,0.42058752806948185,-2.4975772304548832e-05,0.0023226947522115497,0.25,0.14153045184438404,0.00042539285285811906,0.003234021839296294,0.15
242,"[0.3285144241, -0.3433677841, 0.4205887769, 0.1415091822]","[-0.001960642333, 0.001621050397, -6.562801808e-06, 0.0004159928509]","[0.001711770875, 0.002226828721, 0.002322721127, 0.003234121728]",0.0025777928298020445,0.005597738272908461,0.0002547145065499546,0.2797721776993361,0.32851442405781506,-0.001960642333478651,0.0017117708753089953,0.55,-0.34336778412876806,0.0016210503974859773,0.002226828720852302,-0.35,0.4205887768580971,-6.5628018081584094e-06,0.0023227211272755345,0.25,0.14150918220174113,0.0004159928508919429,0.0032341217282750253,0.15
243,"[0.3286124562, -0.3434488366, 0.420589105, 0.1414883826]","[-0.001946724374, 0.001591213729, 1.14984851e-05, 0.000406765573]","[0.001711770996, 0.002226809949, 0.002322746661, 0.003234218523]",0.002547015383555639,0.005597155405077769,0.00025457337842267104,0.27969349773974006,0.328612456174489,-0.0019467243736758866,0.0017117709962505675,0.55,-0.34344883664864234,0.0015912137287322778,0.0022268099491774907,-0.35,0.4205891049981875,1.1498485104755284e-05,0.0023227466610099457,0.25,0.14148838255919655,0.00040676557295267983,0.003234218522619997,0.15
244,"[0.3287097924, -0.3435283973, 0.4205885301, 0.1414680443]","[-0.00193306237, 0.001561944984, 2.921476123e-05, 0.0003977078928]","[0.00171177106, 0.002226791548, 0.002322771365, 0.003234312275]",0.0025170274795245887,0.005596833048507251,0.000254436274743979,0.27961487529262263,0.3287097923931728,-0.001933062370442418,0.0017117710595707376,0.55,-0.34352839733507895,0.001561944984425644,0.0022267915483522925,-0.35,0.42058853007393227,2.9214761231239094e-05,0.002322771364853964,0.25,0.1414680442805489,0.00039770789282489737,0.003234312274637382,0.15
245,"[0.3288064455, -0.3436064946, 0.4205870693, 0.1414481589]","[-0.001919651482, 0.001533233375, 4.659257096e-05, 0.0003888167384]","[0.001711771063, 0.002226773509, 0.00232279525, 0.003234403036]",0.0024878134414893205,0.005596756581069378,0.00025430297707175616,0.2795363083209643,0.3288064455116949,-0.0019196514820649623,0.0017117710629376043,0.55,-0.34360649458430026,0.001533233375353592,0.0022267735090285633,-0.35,0.4205870693358707,4.659257095973563e-05,0.002322795250209556,0.25,0.14144815888590767,0.00038881673844360775,0.0032344030359134496,0.15
246,"[0.3289024281, -0.3436831563, 0.4205847397, 0.141428718]","[-0.00190648696, 0.001505068316, 6.363833283e-05, 0.0003800890911]","[0.001711771004, 0.002226755822, 0.002322818328, 0.003234490857]",0.0024593577858686255,0.005596911989348475,0.00025417327649862766,0.2794577948753222,0.32890242808579817,-0.0019064869596920931,0.001711771004195137,0.55,-0.34368315625306795,0.0015050683163452079,0.0022267558221226533,-0.35,0.42058473970732274,6.363833282795633e-05,0.0023228183284354324,0.25,0.1414287180489855,0.0003800890910895838,0.00323449085731806,0.15
247,"[0.3289977524, -0.3437584097, 0.4205815578, 0.1414097136]","[-0.001893564145, 0.001477439422, 8.035834203e-05, 0.0003715219846]","[0.001711770881, 0.002226738479, 0.002322840611, 0.003234575789]",0.0024316452184245207,0.005597285848811346,0.00025404697326884156,0.2793793330903457,0.32899775243378276,-0.001893564145494295,0.001711770881354903,0.55,-0.3437584096688852,0.0014774394224537335,0.0022267384788071235,-0.35,0.42058155779068135,8.035834202619248e-05,0.0023228406108413415,0.25,0.14140971359443102,0.00037152198458728576,0.0032345757890081847,0.15
248,"[0.3290924306, -0.3438322816, 0.4205775399, 0.1413911375]","[-0.001880878471, 0.001450336505, 9.675877285e-05, 0.0003631125045]","[0.001711770693, 0.002226721471, 0.002322862109, 0.00323465788]",0.0024046606312638306,0.0055978653042763485,0.00025392387640999994,0.2793009211814267,0.3290924306410575,-0.0018808784708634362,0.0017117706925881334,0.55,-0.3438322816400079,0.0014503365052077376,0.0022267214705027536,-0.35,0.42057753987358004,9.675877284691721e-05,0.0023228621086827956,0.25,0.14139113749520166,0.0003631125045100365,0.003234657880432147,0.15
249,"[0.3291864746, -0.3439047985, 0.4205727019, 0.1413729819]","[-0.001868425455, 0.001423749569, 0.0001128456811, 0.0003548577874]","[0.001711770436, 0.002226704789, 0.002322882833, 0.00323473718]",0.0023783891001325453,0.0055986380507078055,0.0002538038033790555,0.2792225574414782,0.32918647456460065,-0.0018684254546510238,0.0017117704362181114,0.55,-0.3439047984652683,0.0014237495689315939,0.002226704788870799,-0.35,0.4205727019349377,0.00011284568108036434,0.00232288283315598,0.25,0.14137298186997616,0.000354857787388164,0.0032347371803334753,0.15
250,"[0.3292798958, -0.3439759859, 0.4205670597, 0.141355239]","[-0.001856200701, 0.001397668807, 0.0001286250064, 0.0003467550199]","[0.001711770111, 0.002226688426, 0.002322902795, 0.003234813737]",0.002352815881995994,0.0055995923143596525,0.0002536865797220488,0.2791442402378372,0.3292798958373332,-0.001856200701442954,0.0017117701107128881,0.55,-0.34397598594371487,0.0013976688071321915,0.0022266884258055277,-0.35,0.42056705965088365,0.00012862500636134303,0.002322902795393148,0.25,0.14135523898060676,0.0003467550199254418,0.0032348137367557072,0.15
251,"[0.3293727059, -0.3440458694, 0.4205606284, 0.1413379012]","[-0.0018441999, 0.001372084599, 0.0001441025745, 0.0003388014382]","[0.001711769715, 0.002226672373, 0.002322922006, 0.003234887597]",0.002327926412899711,0.005600716834288374,0.0002535720387470675,0.2790659680092854,0.32937270587240536,-0.0018441998998718232,0.0017117697146782883,0.55,-0.3440458693840715,0.0013720845989522612,0.0022266723734269945,-0.35,0.4205606284005656,0.00014410257446343527,0.002322922006458177,0.25,0.14133790122961049,0.00033880143821993463,0.003234887597046887,0.15
252,"[0.3294649159, -0.3441144736, 0.4205534233, 0.1413209612]","[-0.001832418821, 0.001346987506, 0.0001592840995, 0.000330994327]","[0.001711769247, 0.002226656624, 0.002322940477, 0.003234958808]",0.0023037063061014345,0.005602000844252764,0.0002534600212098979,0.2789877392631868,0.32946491586739896,-0.00183241882096351,0.0017117692468512206,0.55,-0.3441144736140191,0.00134698750568801,0.0022266566240740746,-0.35,0.4205534232718424,0.00015928409954775094,0.0023229404773425703,0.25,0.1413209611576995,0.00033099432699348907,0.003234958807864863,0.15
253,"[0.3295565368, -0.344181823, 0.4205454591, 0.1413044114]","[-0.001820853317, 0.001322368267, 0.0001741751864, 0.0003233310188]","[0.001711768706, 0.00222664117, 0.002322958219, 0.003235027415]",0.0022801413504669756,0.0056034340550145684,0.0002533503750119137,0.2789095525727335,0.32955653680844715,-0.0018208533165196552,0.0017117687060932594,0.55,-0.3441818229893035,0.0013223682673709426,0.0022266411702977175,-0.35,0.420545459066865,0.00017417518636124294,0.0023229582189616136,0.25,0.1413044114413498,0.0003233310188261123,0.00323502741518235,0.15
254,"[0.3296475795, -0.3442479414, 0.4205367503, 0.1412882449]","[-0.001809499318, 0.001298217799, 0.0001887813324, 0.0003158088934]","[0.001711768091, 0.002226626005, 0.002322975242, 0.003235093464]",0.002257217509119147,0.005605006637052147,0.000253242954909721,0.2788314065742989,0.32964757947427314,-0.001809499317533627,0.0017117680913844929,0.55,-0.34424794140267206,0.0012982177994126185,0.0022266260048544114,-0.35,0.42053675030754695,0.00018878133238943887,0.002322975242150781,0.25,0.1412882448904085,0.00031580889339743404,0.0032350934642920675,0.15
255,"[0.3297380544, -0.3443128523, 0.4205273112, 0.1412724544]","[-0.001798352833, 0.001274527189, 0.00020310793, 0.0003084253767]","[0.001711767402, 0.002226611121, 0.002322991558, 0.003235157]",0.002234920918328411,0.005606709203696184,0.00025313762223610326,0.27875329996489295,0.3297380544401498,-0.0017983528326388247,0.0017117674018176407,0.55,-0.3443128522926427,0.0012745271893099695,0.0022266111206999135,-0.35,0.42052731124092746,0.0002031079299663517,0.002322991557662588,0.25,0.14127245444573863,0.0003084253767384222,0.0032351569998129003,0.15
256,"[0.3298279721, -0.3443765787, 0.4205171558, 0.1412570332]","[-0.001787409947, 0.001251287693, 0.0002171602683, 0.0003011779405]","[0.001711766637, 0.002226596511, 0.002323007176, 0.003235218066]",0.0022132378866349584,0.005608532794694708,0.000253034244631859,0.278675231499715,0.3298279720817818,-0.0017874099465907535,0.0017117666365924068,0.55,-0.3443765786521082,0.0012512876934126411,0.002226596510983124,-0.35,0.42051715584442917,0.0002171602683357188,0.002323007176163382,0.25,0.14125703317690172,0.0003011779404857669,0.0032352180656949497,0.15
257,"[0.3299173426, -0.344439143, 0.4205062978, 0.1412419743]","[-0.001776666819, 0.001228490734, 0.0002309435357, 0.0002940641011]","[0.001711765795, 0.002226582169, 0.002323022108, 0.003235276705]",0.00219215489418751,0.0056104688602122855,0.00025293269578808447,0.2785971999898023,0.3299173425791113,-0.0017766668187790106,0.0017117657950100826,0.55,-0.3444391430367788,0.00122849073374835,0.002226582169040226,-0.35,0.4205062978310124,0.00023094353567417554,0.002323022108230684,0.25,0.14124197427987742,0.00029406410114918096,0.003235276705226062,0.15
258,"[0.3300061759, -0.3445005676, 0.4204947507, 0.1412272711]","[-0.001766119682, 0.001206127895, 0.0002444628211, 0.0002870814194]","[0.001711764876, 0.002226568088, 0.002323036364, 0.003235332961]",0.0021716585922870067,0.0056125092452670245,0.0002528328551985365,0.27851920429976856,0.33000617592005027,-0.0017661196817711528,0.001711764876468371,0.55,-0.3445005675734662,0.0012061278949079548,0.002226568088388978,-0.35,0.4204947506542287,0.000244462821068641,0.0023230363643505095,0.25,0.14122727107481997,0.0002870814193823989,0.0032353329610374953,0.15
259,"[0.3300944819, -0.344560874, 0.4204825275, 0.141212917]","[-0.00175576484, 0.001184190921, 0.0002577231165, 0.0002802274993]","[0.00171176388, 0.002226554263, 0.002323049955, 0.003235386875]",0.0021517358031200346,0.005614646174606125,0.00025273460792165714,0.2784412433456305,0.3300944819041388,-0.001755764839886503,0.001711763880456425,0.55,-0.3445608739682116,0.001184190920987146,0.0022265542627232,-0.35,0.4204825275131753,0.0002577231164536281,0.002323049954914966,0.25,0.14121291700385086,0.0002802274992644148,0.0032353868751100775,0.15
260,"[0.3301822701, -0.3446200835, 0.4204696414, 0.1411989056]","[-0.001745598668, 0.001162671713, 0.0002707293185, 0.0002734999876]","[0.001711762807, 0.002226540686, 0.00232306289, 0.003235438489]",0.002132373519666993,0.005616872238020804,0.0002526378443519175,0.2783633160927186,0.33018227014613316,-0.0017455986677984057,0.0017117628065501172,0.55,-0.344620083514261,0.001162671712584815,0.0022265406859074757,-0.35,0.4204696413573526,0.00027072931851050426,0.0023230628902201787,0.25,0.14119890562888765,0.0002734999875893249,0.0032354384887808996,0.15
261,"[0.3302695501, -0.3446782171, 0.4204561049, 0.1411852306]","[-0.001735617609, 0.001141562324, 0.0002834862305, 0.0002668965732]","[0.001711761654, 0.002226527352, 0.00232307518, 0.003235487843]",0.0021135589057705234,0.005619180376098362,0.000252542460000106,0.2782854215536691,0.3302695500795231,-0.0017356176091665773,0.001711761654407492,0.55,-0.3446782170998902,0.0011415623238573733,0.002226527351971973,-0.35,0.4204561048914271,0.00028348623052388617,0.0023230751804641622,0.25,0.1411852306295082,0.00026689657316177377,0.003235487842749143,0.15
262,"[0.330356331, -0.3447352952, 0.4204419306, 0.1411718858]","[-0.001725818175, 0.00112085496, 0.0002959985642, 0.0002604149861]","[0.001711760424, 0.002226514255, 0.002323086836, 0.003235534977]",0.002095279296346966,0.005621563866409411,0.000252448355282231,0.2782075587864931,0.3303563309599814,-0.001725818175296212,0.0017117604237644178,0.55,-0.3447352952160831,0.0011208549596265784,0.0022265142551074857,-0.35,0.4204419305799009,0.0002959985642032625,0.0023230868357451,0.25,0.1411718858008501,0.0002604149861040997,0.003235534977083011,0.15
263,"[0.3304426219, -0.344791338, 0.4204271307, 0.1411588651]","[-0.001716196944, 0.001100541973, 0.0003082709415, 0.0002540529972]","[0.001711759114, 0.00222650139, 0.002323097866, 0.003235579931]",0.0020775221977258097,0.005624016310126129,0.0002523554353166995,0.2781297268927222,0.33044262186874623,-0.0017161969438248992,0.0017117591144304382,0.55,-0.3447913379640644,0.0011005419725417208,0.0022265013896606216,-0.35,0.42042713065169074,0.00030827094146603705,0.00232309786605972,0.25,0.1411588650515449,0.0002540529971702277,0.0032355799312263284,0.15
264,"[0.3305284317, -0.3448463651, 0.4204117171, 0.1411461624]","[-0.001706750557, 0.00108061586, 0.0003203078962, 0.0002478084171]","[0.001711757726, 0.00222648875, 0.002323108281, 0.003235622744]",0.002060275288100322,0.005626531619066834,0.0002522636097294608,0.2780519250156245,0.3305284317159375,-0.0017067505574370231,0.0017117577262847784,0.55,-0.3448463650626915,0.0010806158602941775,0.0022264887501291207,-0.35,0.42041171710461744,0.00032030789618203747,0.002323108281301708,0.25,0.1411461624016864,0.0002478084170672754,0.0032356227440048005,0.15
265,"[0.3306137692, -0.3449003959, 0.4203957017, 0.141133772]","[-0.001697475723, 0.001061069263, 0.0003321138759, 0.0002416790958]","[0.001711756259, 0.002226476331, 0.002323118091, 0.003235663454]",0.002043526418072222,0.005629104003161575,0.00025217279246680073,0.2779741523384915,0.33061376924380936,-0.001697475722602894,0.0017117562592725512,0.55,-0.3449003958557062,0.0010610692628834578,0.0022264763311573713,-0.35,0.42039570170980833,0.0003321138758860939,0.0023231180912604943,0.25,0.14113377198083304,0.00024167909578766097,0.003235663453633151,0.15
266,"[0.330698643, -0.3449534493, 0.420379096, 0.141121688]","[-0.001688369208, 0.00104189496, 0.0003436932435, 0.0002356629219]","[0.001711754713, 0.002226464128, 0.002323127306, 0.003235702098]",0.002027263611274878,0.005631727958332103,0.0002520829016155102,0.2778964080829912,0.3306986430299395,-0.0016883692083448552,0.0017117547134011056,0.55,-0.34495344931885036,0.0010418949599341027,0.0022264641275320366,-0.35,0.42037909601601403,0.0003436932434524199,0.002323127305620005,0.25,0.14112168802604366,0.0002356629219484851,0.00323570209772163,0.15
267,"[0.3307830615, -0.3450055441, 0.4203619114, 0.1411099049]","[-0.001679427845, 0.001023085868, 0.0003550502787, 0.0002297578221]","[0.001711753089, 0.002226452134, 0.002323135934, 0.003235738713]",0.0020114750650574004,0.005634398254779496,0.0002519938592301284,0.277818691507585,0.33078306149035674,-0.0016794278450271872,0.001711753088736549,0.55,-0.3450055440668471,0.0010230858680622208,0.0022264521341778505,-0.35,0.42036191135384143,0.00035505027873741264,0.0023231359339576916,0.25,0.14110990487994624,0.0002297578221407702,0.0032357387132831332,0.15
268,"[0.3308670329, -0.3450566984, 0.4203441588, 0.141098417]","[-0.001670648523, 0.001004635038, 0.0003661891802, 0.0002239617603]","[0.001711751385, 0.002226440346, 0.002323143986, 0.003235773337]",0.0019961491512143466,0.005637109925671667,0.0002519055911669914,0.2777410019060073,0.3308670328826081,-0.0016706485231711267,0.001711751385400417,0.55,-0.3450566983602502,0.0010046350382915627,0.0022264403461535274,-0.35,0.42034415883990456,0.00036618918018769625,0.002323143985743594,0.25,0.1410984169888392,0.00022396176028568554,0.0032357733367398478,0.15
269,"[0.3309505653, -0.3451069301, 0.4203258494, 0.1410872189]","[-0.001662028192, 0.0009865356535, 0.0003771140664, 0.000218272737]","[0.001711749604, 0.002226428759, 0.00232315147, 0.003235806004]",0.00198127441674435,0.005639858256223064,0.0002518180269248384,0.277663338605804,0.33095056530876665,-0.0016620281922937114,0.0017117496035664855,0.55,-0.3451069301121648,0.0009865356535167073,0.002226428758647821,-0.35,0.4203258493808952,0.00037711406641592436,0.002323151470339591,0.25,0.14108721890082493,0.00021827273700160087,0.0032358060039303985,0.15
270,"[0.3310336667, -0.3451562569, 0.4203069937, 0.1410763053]","[-0.00165356386, 0.000968781026, 0.0003878289777, 0.000212688789]","[0.001711747743, 0.002226417367, 0.002323158397, 0.00323583675]",0.0019668395846225086,0.005642638773157893,0.00025173109949170675,0.2775857009669281,0.33103366671838136,-0.0016535638597699996,0.0017117477434577266,0.55,-0.34515625689484064,0.0009687810260145943,0.0022264173669756895,-0.35,0.4203069936775744,0.0003878289777441827,0.002323158396998675,0.25,0.14107630526397485,0.00021268878897722036,0.0032358367501164266,0.15
271,"[0.3311163449, -0.3452046959, 0.4202876022, 0.1410656708]","[-0.00164525259, 0.000951364595, 0.0003983378777, 0.0002072079884]","[0.001711745805, 0.002226406167, 0.002323164775, 0.00323586561]",0.0019528335545708829,0.005645447234548341,0.00025164474519788173,0.27750808838039065,0.3311163449113699,-0.0016452525897174346,0.0017117458053434052,0.55,-0.3452046959461414,0.0009513645950012453,0.002226406166574621,-0.35,0.4202876022286872,0.000398337877718496,0.0023231647748645353,0.25,0.141065670824526,0.0002072079883567837,0.003235865609990078,0.15
272,"[0.3311986075, -0.3452522642, 0.4202676853, 0.1410553104]","[-0.001637091502, 0.0009342799242, 0.0004086446546, 0.0002018284421]","[0.00171174379, 0.002226395153, 0.002323170613, 0.003235892618]",0.001939245403813504,0.005648279620018733,0.00025155890357467464,0.2774305002669643,0.3311986075408557,-0.001637091501903761,0.0017117437895362922,0.55,-0.34525226417589144,0.0009342799242351775,0.00222639515300103,-0.35,0.4202676853348013,0.0004086446545896531,0.002323170612971007,0.25,0.14105531042510816,0.00020182844213019658,0.0032358926176805146,0.15
273,"[0.3312804621, -0.3452989782, 0.4202472531, 0.141045219]","[-0.001629077771, 0.0009175206997, 0.0004187531228, 0.0001965482915]","[0.001711741696, 0.002226384322, 0.00232317592, 0.003235917807]",0.0019260643878009059,0.0056511321213066285,0.0002514735172187904,0.2773529360759382,0.3312804621159509,-0.0016290777706755761,0.0017117416963900128,0.55,-0.3452989781721032,0.0009175206996643,0.00222638432192682,-0.35,0.42024725310207184,0.0004187531227673773,0.002323175920241843,0.25,0.14104521900300165,0.00019654829153588902,0.0032359178067613644,0.15
274,"[0.331361916, -0.3453448542, 0.4202263154, 0.1410353916]","[-0.001621208624, 0.0009010807271, 0.0004286670242, 0.0001913657115]","[0.001711739526, 0.002226373669, 0.002323180705, 0.00323594121]",0.0019132799408921055,0.005654001133171105,0.00025138853166207684,0.277275395283921,0.33136191600448467,-0.0016212086239094493,0.001711739526296506,0.55,-0.34534485420708644,0.000901080727118149,0.002226373669135994,-0.35,0.4202263154459335,0.00042866702424202216,0.0023231807054903495,0.25,0.14103539158842485,0.00019136571146745622,0.003235941210257129,0.15
275,"[0.3314429764, -0.3453899082, 0.4202048821, 0.1410258233]","[-0.001613481342, 0.00088495393, 0.00043839003, 0.0001862789099]","[0.00171173728, 0.002226363191, 0.002323184977, 0.003235962861]",0.0019008816769807589,0.005656883244639612,0.0002513038952464585,0.27719787739369184,0.33144297643568016,-0.0016134813419824174,0.001711737279683606,0.55,-0.34538990824344235,0.00088495393004158,0.002226363190521455,-0.35,0.4202048820947214,0.00043839002998250507,0.002323184977419424,0.25,0.14102582330285146,0.0001862789098950825,0.003235962860650999,0.15
276,"[0.3315236505, -0.3454341559, 0.4201829626, 0.1410165094]","[-0.001605893257, 0.0008691343473, 0.0004479257413, 0.0001812861273]","[0.001711734957, 0.002226352882, 0.002323188745, 0.00323598279]",0.0018888593900548017,0.00565977523058291,0.0002512195590038347,0.2771203819330961,0.33152365050277927,-0.0016058932567645937,0.0017117349570127292,0.55,-0.3454341559399444,0.0008691343472724718,0.0022263528820818256,-0.35,0.4201829625932223,0.0004479257413010285,0.0023231887446213384,0.25,0.1410165093573567,0.00018128612728883142,0.003235982789891111,0.15
277,"[0.3316039452, -0.3454776127, 0.4201605663, 0.1410074451]","[-0.001598441751, 0.0008536161309, 0.0004572776912, 0.0001763856361]","[0.001711732559, 0.00222634274, 0.002323192016, 0.003236001029]",0.0018772030546784745,0.005662674043609506,0.00025113547654076376,0.2770429084539848,0.3316039451656175,-0.0015984417506307298,0.0017117325587766602,0.55,-0.34547761265730803,0.0008536161308596699,0.002226342739918423,-0.35,0.4201605663061572,0.0004572776911944531,0.0023231920155778567,0.25,0.14100744505099227,0.00017638563605577585,0.0032360010293979737,0.15
278,"[0.3316838673, -0.3455202935, 0.4201377024, 0.1409986258]","[-0.001591124255, 0.0008383935439, 0.0004664493457, 0.00017157574]","[0.001711730085, 0.00222633276, 0.002323194799, 0.00323601761]",0.0018659028263871109,0.005665576806269783,0.0002510516039277513,0.27696545653119603,0.331683867253149,-0.0015911242554917156,0.001711730085497449,0.55,-0.345520293463851,0.0008383935439223267,0.0022263327602323087,-0.35,0.4201377024215975,0.00046644934565713385,0.002323194798660298,0.25,0.14099862576918948,0.000171575739983064,0.0032360176100713076,0.15
279,"[0.3317634235, -0.3455622131, 0.42011438, 0.140990047]","[-0.001583938252, 0.0008234609585, 0.000475444105, 0.0001668547737]","[0.001711727538, 0.002226322939, 0.002323197102, 0.003236032562]",0.0018549490419861952,0.005668480803560177,0.00025096789959295086,0.2768880257615763,0.33176342346592363,-0.0015839382518449048,0.0017117275377244046,0.55,-0.3455622131410471,0.000823460958549461,0.0022263229393214385,-0.35,0.4201143799543146,0.0004754441049689858,0.002323197102129745,0.25,0.14099004698219034,0.00016685477368973662,0.003236032562297031,0.15
280,"[0.3318426204, -0.3456033862, 0.4200906077, 0.1409817042]","[-0.001576881268, 0.0008088128537, 0.000484265305, 0.0001622211021]","[0.001711724916, 0.002226313274, 0.002323198934, 0.003236045916]",0.0018443322197468756,0.005671383475718361,0.0002508843242201231,0.27681061576304106,0.33184262037851586,-0.0015768812678439875,0.0017117249160321678,0.55,-0.3456033861889746,0.0008088128537384092,0.002226313273577895,-0.35,0.42009060774906615,0.00048426530495616394,0.0023231989341372587,0.25,0.14098170424350584,0.00016222110208730708,0.0032360459159541627,0.15
281,"[0.3319214644, -0.3456438268, 0.4200663945, 0.1409735932]","[-0.001569950878, 0.0007944438134, 0.0004929162182, 0.0001576731198]","[0.001711722221, 0.002226303759, 0.002323200303, 0.0032360577]",0.0018340430594909378,0.005674282411300231,0.0002508008406506762,0.276733226173672,0.33192146444190807,-0.0015699508783861217,0.0017117222210188939,0.55,-0.34564382683166156,0.0007944438133722966,0.002226303759485217,-0.35,0.42006639448381833,0.0004929162182291065,0.0023232003027242225,0.25,0.14097359318840147,0.00015767311984838774,0.0032360577004218218,0.15
282,"[0.331999962, -0.345683549, 0.4200417487, 0.1409657095]","[-0.001563144704, 0.0007803485242, 0.0005014000554, 0.0001532092509]","[0.001711719453, 0.002226294394, 0.002323201216, 0.003236067945]",0.001824072442559868,0.005677175340529303,0.00025071741378963333,0.27665585665085096,0.3319999619858274,-0.0015631447042183356,0.001711719453304494,0.55,-0.34568354902233017,0.0007803485242349197,0.002226294393615804,-0.35,0.4200417486729069,0.0005014000553933303,0.0023232012158226705,0.25,0.14096570953240906,0.00015320925088402104,0.003236067944586026,0.15
283,"[0.3320781192, -0.3457225664, 0.4200166787, 0.1409580491]","[-0.001556460411, 0.0007665217741, 0.0005097199662, 0.0001488279478]","[0.001711716614, 0.002226285173, 0.002323201681, 0.003236076677]",0.0018144114316628577,0.005680060128909586,0.00025063401051538,0.27657850687042695,0.3320781192210383,-0.0015564604110600386,0.0017117166135289918,0.55,-0.34572256644854193,0.000766521774063573,0.00222628517262841,-0.35,0.4200166786701372,0.0005097199662396596,0.0023232016812557736,0.25,0.14095804906986487,0.00014882794782818568,0.00323607667684663,0.15
284,"[0.3321559422, -0.3457608925, 0.4199911927, 0.1409506077]","[-0.001549895709, 0.0007529584496, 0.0005178790409, 0.0001445276915]","[0.001711713702, 0.002226276093, 0.002323201707, 0.003236083925]",0.0018050512706001575,0.00568293477109342,0.0002505505995930387,0.2765011765259179,0.3321559422415913,-0.0015498957087442082,0.0017117137023509245,0.55,-0.3457608925372451,0.000752958449637756,0.0022262760932657026,-0.35,0.4199911926718252,0.0005178790409074992,0.0023232017067382556,0.25,0.14095060767247344,0.00014452769153130223,0.003236083925124016,0.15
285,"[0.332233437, -0.3457985405, 0.4199652987, 0.1409433813]","[-0.00154344835, 0.0007396535349, 0.000525880311, 0.0001403069906]","[0.00171171072, 0.002226267152, 0.0023232013, 0.003236089717]",0.0017959833838588084,0.005685797384995173,0.00025046715159132954,0.2764238653277429,0.3322334370270285,-0.0015434483503744168,0.0017117107204458423,0.55,-0.345798540459727,0.000739653534904137,0.0022262671523519163,-0.35,0.41996529871977983,0.0005258803110278916,0.002323201299876968,0.25,0.14094338128789688,0.00014030699056158998,0.003236089716865973,0.15
286,"[0.3323106094, -0.3458355231, 0.4199390047, 0.1409363659]","[-0.001537116131, 0.0007266021091, 0.0005337267508, 0.0001361643807]","[0.001711707669, 0.002226258347, 0.002323200468, 0.003236094079]",0.0017871993760786118,0.005688646206142433,0.00025038363880278966,0.27634657300248594,0.3323106094445472,-0.001537116131498698,0.001711707668504874,0.55,-0.34583552313647226,0.0007266021091364409,0.0022262583467905655,-0.35,0.41993900470422846,0.0005337267508430172,0.0023232004681714743,0.25,0.1409363659383688,0.00013616438071422377,0.003236094079054454,0.15
287,"[0.3323874653, -0.3458718532, 0.4199123184, 0.1409295577]","[-0.001530896889, 0.0007137993451, 0.0005414212783, 0.0001320984245]","[0.001711704547, 0.002226249674, 0.002323199219, 0.003236097038]",0.0017786910313876282,0.0056914795822565825,0.0002503000351672156,0.2762692992921885,0.33238746525112217,-0.0015308968892997496,0.001711704547233353,0.55,-0.3458718532419291,0.000713799345130136,0.0022262496735622347,-0.35,0.4199123183666863,0.0005414212783036641,0.002323199219014664,0.25,0.1409295577193331,0.00013209842452864578,0.003236097038212258,0.15
288,"[0.3324640101, -0.3459075432, 0.4198852473, 0.1409229528]","[-0.001524788502, 0.0007012405074, 0.0005489667561, 0.0001281077108]","[0.001711701357, 0.00222624113, 0.00232319756, 0.00323609862]",0.0017704503126064685,0.005694295968054268,0.00025021631619819576,0.2761920439536711,0.3324640100955872,-0.0015247885018008728,0.0017117013573495227,0.55,-0.3459075432091856,0.0007012405074311291,0.002226241129722426,-0.35,0.4198852473027711,0.0005489667561449299,0.0023231975596933836,0.25,0.14092295279810668,0.0001281077108125701,0.0032360986204095104,0.15
289,"[0.3325402495, -0.3459426052, 0.419857799, 0.1409165474]","[-0.001518788887, 0.0006889209506, 0.0005563659929, 0.0001241908542]","[0.0017116981, 0.002226232712, 0.002323195497, 0.003236098851]",0.0017624693603221914,0.005697093920262187,0.00025013245891263177,0.2761148067578814,0.33254024952067723,-0.0015187888870871794,0.0017116980995832952,0.55,-0.34594260523455717,0.0006889209505972128,0.002226232712399496,-0.35,0.41985779896496384,0.0005563659929419809,0.0023231954973892085,0.25,0.14091654741256604,0.00012419085417581343,0.003236098851270579,0.15
290,"[0.332616189, -0.3459770513, 0.4198299807, 0.1409103379]","[-0.001512896003, 0.0006768361175, 0.0005636217441, 0.0001203464946]","[0.001711694775, 0.002226224419, 0.002323193039, 0.003236097756]",0.001754740491833043,0.005699872092837227,0.0002500484417631115,0.276037587489269,0.3326161889650316,-0.0015128960025423052,0.0017116947746750775,0.55,-0.345977051282087,0.0006768361174930442,0.002226224418792627,-0.35,0.41982998066531674,0.0005636217441438808,0.0023231930391791242,0.25,0.14091033786985724,0.00012034649456936435,0.0032360977559803324,0.15
291,"[0.3326918338, -0.3460108931, 0.4198017996, 0.1409043205]","[-0.001507107844, 0.0006649815376, 0.0005707367131, 0.0001165732968]","[0.001711691383, 0.002226216246, 0.002323190192, 0.003236095359]",0.001747256199965763,0.005702629232384507,0.0002499642445730428,0.27596038594518485,0.3326918337651587,-0.0015071078440997573,0.0017116913833746521,0.55,-0.3460108930879617,0.0006649815376164356,0.002226216246169883,-0.35,0.41980179957810954,0.000570736713087916,0.0023231901920363176,0.25,0.14090432054512878,0.00011657329683363582,0.0032360953592907565,0.15
292,"[0.3327671892, -0.3460441422, 0.4197732627, 0.1408984919]","[-0.001501422446, 0.0006533528255, 0.000577713552, 0.0001128699503]","[0.001711687926, 0.002226208192, 0.002323186963, 0.003236091686]",0.0017400091517685852,0.005705364173765956,0.0002498798484744196,0.27588320193530547,0.3327671891573637,-0.001501422445509052,0.0017116879264401125,0.55,-0.3460441421648425,0.0006533528254565302,0.002226208191866321,-0.35,0.41977326274245513,0.0005777135519941717,0.002323186962831007,0.25,0.14089849188028708,0.00011286995025379985,0.003236091685527481,0.15
293,"[0.3328422603, -0.3460768098, 0.4197443771, 0.1408928484]","[-0.001495837878, 0.0006419456789, 0.0005845548629, 0.0001092351681]","[0.001711684405, 0.002226200253, 0.002323183358, 0.003236086759]",0.001732992187082366,0.005708075835892487,0.00024979523584813494,0.27580603528108,0.33284226027963915,-0.0014958378776160435,0.0017116844046368537,0.55,-0.3460768098061153,0.0006419456788828811,0.002226200253282145,-0.35,0.4197443770648554,0.0005845548629398564,0.00232318335833122,0.25,0.14089284838277438,0.00010923516812187756,0.0032360867585960068,0.15
294,"[0.3329170522, -0.3461089071, 0.4197151493, 0.1408873866]","[-0.001490352248, 0.0006307558776, 0.0005912631988, 0.0001056676873]","[0.001711680819, 0.002226192428, 0.002323179385, 0.003236080602]",0.0017261983169942284,0.005710763217692658,0.0002497103902667352,0.2757288858152,0.33291705217351997,-0.00149035224765686,0.0017116808187366188,0.55,-0.3461089070900595,0.0006307558775647385,0.0022261924278809395,-0.35,0.4197151493217084,0.0005912631988164149,0.002323179385203719,0.25,0.14088738662436828,0.00010566768730680883,0.0032360806019881808,0.15
295,"[0.3329915698, -0.3461404449, 0.4196855862, 0.1408821032]","[-0.001484963699, 0.0006197792814, 0.0005978410643, 0.0001021662678]","[0.00171167717, 0.002226184713, 0.00232317505, 0.003236073239]",0.0017196207221775268,0.005713425394251119,0.0002496252964395134,0.27565175338109,0.33299156978590283,-0.0014849636985662345,0.0017116771695165837,0.55,-0.3461404448839377,0.0006197792814201882,0.0022261847131879384,-0.35,0.4196855861617676,0.0005978410642658475,0.0023231750500148254,0.25,0.14088210324000294,0.00010216626783142227,0.0032360732387883805,0.15
296,"[0.333065818, -0.3461714338, 0.4196556941, 0.1408769949]","[-0.001479670408, 0.0006090118291, 0.0006042909166, 9.872969246e-05]","[0.001711673458, 0.002226177107, 0.002323170359, 0.003236064692]",0.0017132527511229088,0.005716061513110588,0.00024953994015986425,0.2755746378324195,0.3330658179708311,-0.0014796704082985887,0.0017116734577585018,0.55,-0.3461714338480087,0.0006090118290945022,0.002226177106788353,-0.35,0.4196556941085543,0.0006042909166007312,0.002323170359231374,0.25,0.14087699492661138,9.8729692456324e-05,0.003236064691679798,0.15
297,"[0.3331398015, -0.3462018844, 0.4196254796, 0.1408720584]","[-0.001474470589, 0.0005984495365, 0.0006106151667, 9.535676627e-05]","[0.001711669684, 0.002226169606, 0.002323165319, 0.003236054983]",0.0017070879182652797,0.005718670790730882,0.00024945430825480046,0.27549753903263463,0.33313980149124606,-0.001474470589162952,0.0017116696842478757,0.55,-0.3462018844394634,0.0005984495364672016,0.0022261696063257453,-0.35,0.4196254795627243,0.0006106151667042924,0.00232316531922157,0.25,0.14087205844198855,9.535676627080313e-05,0.0032360549829504428,0.15
298,"[0.333213525, -0.3462318069, 0.4195949488, 0.1408672906]","[-0.001469362487, 0.0005880884952, 0.0006168161799, 9.204631629e-05]","[0.00171166585, 0.00222616221, 0.002323159936, 0.003236044134]",0.0017011199020123024,0.005721252509098933,0.0002493683885365512,0.27542045685450833,0.3332135250207042,-0.0014693624871698655,0.0017116658497731915,0.55,-0.3462318069162868,0.0005880884951870155,0.002226162209500471,-0.35,0.4195949488043891,0.0006168161799159517,0.0023231599362560328,0.25,0.140867290603675,9.204631629183039e-05,0.003236044134499549,0.15
299,"[0.3332869931, -0.3462612113, 0.419564108, 0.1408626883]","[-0.001464344381, 0.0005779248712, 0.0006228962769, 8.879719107e-05]","[0.001711661955, 0.002226154914, 0.002323154217, 0.003236032168]",0.0016953425426793343,0.005723806012483897,0.0002492821697561579,0.2753433911797097,0.3332869931450627,-0.0014643443813913868,0.0017116619551251898,0.55,-0.34626121134104615,0.0005779248712352635,0.0022261549140681334,-0.35,0.4195641079953933,0.0006228962768970739,0.0023231542165086778,0.25,0.14086268828786042,8.879719106691749e-05,0.0032360321678432265,0.15
300,"[0.3333602104, -0.3462901076, 0.4195329632, 0.1408582484]","[-0.001459414583, 0.0005679549035, 0.0006288577345, 8.560826029e-05]","[0.001711658001, 0.002226147718, 0.002323148166, 0.003236019104]",0.0016897498403374458,0.005726330704331756,0.000249195641558994,0.2752663418983905,0.33336021036413227,-0.0014594145833340493,0.001711658001096155,0.55,-0.34629010758460793,0.0005679549035149341,0.002226147717838118,-0.35,0.4195329631815484,0.0006288577344806864,0.0023231481660577285,0.25,0.14085824842830708,8.560826028770352e-05,0.003236019104120762,0.15
301,"[0.3334331811, -0.3463185053, 0.4195015203, 0.140853968]","[-0.001454571436, 0.0005581749025, 0.0006347027865, 8.247841441e-05]","[0.001711653988, 0.002226140619, 0.002323141791, 0.003236004964]",0.0016843359525793977,0.005728826044293862,0.00024910879444212667,0.27518930890878873,0.33343318109329895,-0.0014545714363227138,0.0017116539884792757,0.55,-0.3463185053297837,0.0005581749024680013,0.0022261406186721436,-0.35,0.4195015202948244,0.0006347027865052288,0.002323141790886673,0.25,0.14085396801529268,8.247841440619287e-05,0.0032360049641002035,0.15
302,"[0.3335059097, -0.3463464141, 0.4194697852, 0.1408498441]","[-0.001449813315, 0.0005485812487, 0.0006404336246, 7.940656426e-05]","[0.001711649918, 0.002226133614, 0.002323135097, 0.003235989768]",0.0016790951922106688,0.005731291545384133,0.00024902161971345567,0.27511229211684823,0.33350590966511506,-0.0014498133148970126,0.0017116499180680161,0.55,-0.34634641407490707,0.0005485812487175585,0.0022261336144828864,-0.35,0.41946978515549915,0.000640433624632611,0.0023231350968853444,0.25,0.14084984409457238,7.940656426101822e-05,0.003235989768184575,0.15
303,"[0.3335784003, -0.3463738431, 0.4194377635, 0.1408458738]","[-0.001445138624, 0.0005391703917, 0.0006460523991, 7.639164071e-05]","[0.001711645791, 0.002226126703, 0.00232312809, 0.003235973536]",0.0016740220248706102,0.0057337267712595594,0.0002489341094525477,0.2750352914358545,0.3335784003308599,-0.0014451386242196201,0.0017116457906555316,0.55,-0.34637384313734293,0.0005391703917362596,0.002226126703232608,-0.35,0.41943776347426753,0.0006460523991485146,0.002323128089850834,0.25,0.14084587376635932,7.639164070720137e-05,0.003235973536417282,0.15
304,"[0.3336506573, -0.3464008017, 0.4194054609, 0.1408420542]","[-0.001440545799, 0.0005299388485, 0.0006515612197, 7.343259425e-05]","[0.001711641607, 0.002226119883, 0.002323120775, 0.003235956288]",0.0016691110665907403,0.0057361313336196625,0.00024884625647311705,0.27495830678608485,0.3336506572620709,-0.0014405457994952342,0.001711641607034117,0.55,-0.34640080165692977,0.0005299388485396143,0.0022261198829318634,-0.35,0.41940546085431013,0.0006515612197497993,0.002323120775488614,0.25,0.14084205418432397,7.343259425470812e-05,0.0032359562884881595,0.15
305,"[0.3337226846, -0.3464272986, 0.4193728828, 0.1408383826]","[-0.001436033305, 0.0005208832024, 0.0006569621563, 7.052839471e-05]","[0.001711637368, 0.002226113152, 0.002323113159, 0.003235938044]",0.0016643570812956627,0.005738504889719315,0.00024875805428706905,0.2748813380944738,0.3337226845520456,-0.001436033305401482,0.0017116373679946825,0.55,-0.3464272985993567,0.0005208832024043376,0.0022261131516382094,-0.35,0.41937288279332263,0.0006569621563143421,0.002323113159413488,0.25,0.14083838255461123,7.052839471108626e-05,0.003235938043738818,0.15
306,"[0.3337944862, -0.3464533428, 0.4193400347, 0.1408348561]","[-0.001431599636, 0.0005120001016, 0.0006622572397, 6.767803083e-05]","[0.001711633074, 0.002226106507, 0.002323105247, 0.003235918821]",0.0016597549782529284,0.005740847139991179,0.000248669497070055,0.2748043852942914,0.3337944862173157,-0.001431599635530173,0.001711633074326266,0.55,-0.3464533427594769,0.0005120001016104005,0.002226106507454978,-0.35,0.4193400346855069,0.0006622572396576027,0.0023231052471506617,0.25,0.14083485613487567,6.767803083192384e-05,0.003235918821168353,0.15
307,"[0.3338660662, -0.3464789428, 0.4193069218, 0.1408314722]","[-0.001427243312, 0.0005032862582, 0.0006674484623, 6.488050998e-05]","[0.001711628727, 0.002226099949, 0.002323097044, 0.003235898639]",0.0016552998094781213,0.005743157825772589,0.0002485805796284805,0.2747274483248361,0.3338660661990922,-0.0014272433118394765,0.0017116287268155684,0.55,-0.34647894276455743,0.0005032862582071913,0.002226099948530079,-0.35,0.419306921823524,0.0006674484622746121,0.002323097044136816,0.25,0.1408314722333341,6.488050997678166e-05,0.0032358986394389277,0.15
308,"[0.3339374284, -0.3465041071, 0.4192735494, 0.1408282282]","[-0.001422962884, 0.0004947384468, 0.0006725377791, 6.213485777e-05]","[0.001711624326, 0.002226093473, 0.002323088556, 0.003235877517]",0.0016509867671005284,0.005745436727133157,0.000248491297367899,0.27465052713113897,0.33393742836468415,-0.0014229628841168753,0.0017116243262465186,0.55,-0.3465041070774678,0.000494738446802852,0.002226093473054833,-0.35,0.4192735494004103,0.0006725377790665073,0.0023230885557211215,0.25,0.14082822820783525,6.213485777106076e-05,0.003235877516881138,0.15
309,"[0.3340085765, -0.346528844, 0.4192399225, 0.1408251215]","[-0.001418756929, 0.0004863535034, 0.0006775271081, 5.944011777e-05]","[0.001711619873, 0.002226087079, 0.002323079787, 0.003235855471]",0.0016468111806956249,0.005747683660798721,0.00024840164626275206,0.27457362166368177,0.33400857650889,-0.0014187569294519021,0.0017116198733998665,0.55,-0.34652884399980793,0.00048635350337667267,0.002226087079262838,-0.35,0.419239922511457,0.0006775271080544369,0.0023230797871663096,0.25,0.1408251214649467,5.944011777374635e-05,0.0032358554714993896,0.15
310,"[0.3340795144, -0.3465531617, 0.4192060462, 0.1408221495]","[-0.001414624052, 0.0004781283241, 0.0006824183311, 5.679535115e-05]","[0.001711615369, 0.002226080765, 0.002323070744, 0.003235832521]",0.0016427685145897963,0.005749898478167737,0.0002483116228273842,0.2744967318781256,0.3340795143553626,-0.0014146240517197962,0.0017116153690527943,0.55,-0.3465531616749768,0.00047812832411373653,0.002226080765428871,-0.35,0.4192060461560543,0.0006824183310780039,0.0023230707436496917,0.25,0.140822149459058,5.679535115073179e-05,0.0032358325209771227,0.15
311,"[0.3341502456, -0.3465770681, 0.4191719252, 0.1408193097]","[-0.001410562881, 0.0004700598643, 0.0006872132945, 5.419963636e-05]","[0.001711610814, 0.00222607453, 0.00232306143, 0.003235808683]",0.0016388543651430938,0.005752081063416315,0.00024822122408829736,0.2744198577350516,0.3341502455579486,-0.0014105628810737883,0.0017116108139785676,0.55,-0.3465770680911825,0.000470059864261552,0.00222607452986784,-0.35,0.41917192523950036,0.000687213294483423,0.002323061430264322,0.25,0.14081930969150044,5.4199636355225344e-05,0.003235808682682413,0.15
312,"[0.3342207737, -0.3466005711, 0.4191375646, 0.1408165997]","[-0.001406572073, 0.000462145137, 0.0006919138098, 5.165206881e-05]","[0.001711606209, 0.002226068371, 0.002323051852, 0.003235783974]",0.0016350644580146716,0.0057542313316883715,0.0002481304475575856,0.2743429991997127,0.33422077370200226,-0.0014065720734488408,0.0017116062089461844,0.55,-0.34660057108439557,0.00046214513700897444,0.002226068370933709,-0.35,0.4191375645747762,0.0006919138097936606,0.00232305185201988,0.25,0.1408165997096827,5.16520688106371e-05,0.003235783973672476,0.15
313,"[0.3342911023, -0.3466236783, 0.4191029689, 0.1408140171]","[-0.00140265031, 0.0004543812124, 0.0006965216544, 4.91517606e-05]","[0.001711601555, 0.002226062287, 0.002323042014, 0.003235758411]",0.001631394645416955,0.005756349227367122,0.000248039291207511,0.27426615624179496,0.3342911023056747,-0.0014026503100728499,0.001711601554720073,0.55,-0.346623678341246,0.0004543812123849313,0.0022260622870185465,-0.35,0.4191029688842865,0.0006965216543717592,0.002323042013843956,0.25,0.14081401710624217,4.9151760604045605e-05,0.0032357584106996575,0.15
314,"[0.3343612348, -0.3466463974, 0.4190681428, 0.1408115595]","[-0.001398796297, 0.0004467652162, 0.0007010385721, 4.669784018e-05]","[0.001711596852, 0.002226056277, 0.002323031921, 0.00323573201]",0.001627840903362346,0.005758434722424637,0.0002479477534461654,0.27418932883519,0.33436123482117835,-0.0013987962969889977,0.0017115968520597933,0.55,-0.34664639740186526,0.00044676521617976805,0.0022260562765515036,-0.35,0.4190681428015679,0.0007010385720656457,0.002323031920582918,0.25,0.14081155951821198,4.669784017931087e-05,0.00323573201021568,0.15
315,"[0.3344311746, -0.3466687357, 0.4190330909, 0.1408092246]","[-0.001395008765, 0.0004392943289, 0.0007054662738, 4.428945204e-05]","[0.001711592102, 0.002226050338, 0.002323021577, 0.003235704788]",0.0016243993289080918,0.005760487814846407,0.0002478558330941855,0.2741125169577767,0.3344311746360278,-0.0013950087645866786,0.0017115921017197546,0.55,-0.34666873566267425,0.00043929432888549193,0.002226050337997883,-0.35,0.41903309087296464,0.000705466273843381,0.00232302157700304,0.25,0.14080922462620302,4.428945203983551e-05,0.0032357047883769963,0.15
316,"[0.3345009251, -0.3466907004, 0.4189978176, 0.1408070102]","[-0.001391286467, 0.0004319657847, 0.0007098064384, 4.192575646e-05]","[0.001711587304, 0.00222604447, 0.002323010988, 0.003235676761]",0.0016210661374033801,0.005762508527127527,0.0002477635293624741,0.27403572059121206,0.3345009250742571,-0.0013912864671401025,0.0017115873044489807,0.55,-0.34669070037911853,0.00043196578465685314,0.002226044469858233,-0.35,0.41899781755927246,0.0007098064384183472,0.0023230109877916405,0.25,0.14080701015360103,4.192575645563048e-05,0.00323567676104986,0.15
317,"[0.3345704894, -0.3467122987, 0.4189623272, 0.1408049139]","[-0.001387628182, 0.0004247768703, 0.0007140607129, 3.960592917e-05]","[0.001711582461, 0.002226038671, 0.002323000158, 0.003235647944]",0.0016178376597425124,0.005764496904837565,0.00024767084183087966,0.2739589397207312,0.33457048939761413,-0.0013876281823583187,0.0017115824609908483,0.55,-0.34671229866835135,0.00042477687029215066,0.002226038670667416,-0.35,0.41896232723735155,0.0007140607128565412,0.002323000157557959,0.25,0.14080491386577826,3.960592917343178e-05,0.0032356479438146184,0.15
318,"[0.3346398708, -0.3467335375, 0.4189266242, 0.1408029336]","[-0.001384032711, 0.0004177249242, 0.0007182307132, 3.732916114e-05]","[0.001711577572, 0.002226032939, 0.002322989091, 0.003235618352]",0.001614710339628977,0.005766453015251274,0.0002475777704278161,0.2738821743349558,0.3346398708067321,-0.0013840327109410956,0.0017115775720828886,0.55,-0.346733537511866,0.00041772492423263624,0.0022260329389937796,-0.35,0.41892662420170873,0.0007182307131789364,0.002322989090834395,0.25,0.14080293356931958,3.7329161135531867e-05,0.0032356183519711363,0.15
319,"[0.3347090724, -0.3467544238, 0.4188907127, 0.1408010671]","[-0.001380498876, 0.0004108073356, 0.0007223180249, 3.50946582e-05]","[0.001711572638, 0.002226027273, 0.002322977792, 0.003235588001]",0.0016116807308534222,0.0057683769460423915,0.00024748431541075905,0.2738054244257108,0.33470907244227915,-0.0013804988761451603,0.0017115726384565712,0.55,-0.3467544237580776,0.00041080733558174085,0.0022260272734382857,-0.35,0.41889071266604977,0.000722318024947586,0.002322977792077444,0.25,0.1408010671112628,3.509465820064345e-05,0.0032355880005431035,0.15
320,"[0.3347780974, -0.3467749641, 0.4188545968, 0.1407993124]","[-0.001377025523, 0.0004040215431, 0.0007263242038, 3.290164087e-05]","[0.001711567661, 0.002226021673, 0.002322966266, 0.003235556904]",0.0016087454945893996,0.005770268804037855,0.00024739047734760735,0.2737286899878491,0.33477809738608644,-0.00137702552335808,0.00171156766083712,0.55,-0.34677496412485664,0.00040402154314242466,0.0022260216726336882,-0.35,0.4188545967648024,0.0007263242038421514,0.0023229662656687393,0.25,0.14079931237835278,3.2901640870573436e-05,0.0032355569042826424,0.15
321,"[0.3348469487, -0.3467951652, 0.4188182806, 0.1407976673]","[-0.00137361152, 0.0003973650345, 0.0007302507762, 3.074934402e-05]","[0.00171156264, 0.002226016135, 0.002322954516, 0.003235525078]",0.0016059013967100646,0.005772128714029673,0.00024729625709885635,0.2736519710190839,0.33484694866225434,-0.0013736115196799925,0.001711562639943341,0.55,-0.34679516520201376,0.00039736503447246243,0.002226016135243753,-0.35,0.4188182805546103,0.0007302507762259509,0.0023229545159161487,0.25,0.14079766729630924,3.0749344023133216e-05,0.0032355250776751887,0.15
322,"[0.3349156292, -0.3468150335, 0.418781768, 0.1407961298]","[-0.001370255754, 0.000390835345, 0.0007340992397, 2.863701665e-05]","[0.001711557576, 0.00222601066, 0.002322942547, 0.003235492535]",0.0016031453051292062,0.005773956817642494,0.00024720165580056506,0.27357526751982786,0.33491562923823837,-0.0013702557535134688,0.0017115575764874702,0.55,-0.3468150334537374,0.00039083534495841293,0.0022260106599624736,-0.35,0.41878176801579897,0.0007340992397011465,0.0023229425470548018,0.25,0.14079612982910808,2.8637016647844287e-05,0.003235492534943855,0.15
323,"[0.334984142, -0.3468345752, 0.4187450631, 0.140794698]","[-0.001366957134, 0.0003844300569, 0.0007378710637, 2.656392159e-05]","[0.001711552471, 0.002226005246, 0.002322930363, 0.00323545929]",0.0016004741871685668,0.00577575327225389,0.00024710667484807166,0.27349857949304,0.33498414202591403,-0.0013669571341619329,0.0017115524711750147,0.55,-0.3468345752209853,0.00038443005690638965,0.002226005245513306,-0.35,0.4187450630538139,0.0007378710636510508,0.0023229303632480405,0.25,0.14079469797827568,2.6563921587321094e-05,0.0032354592900537323,0.15
324,"[0.3350524899, -0.3468537967, 0.4187081695, 0.1407933698]","[-0.001363714591, 0.0003781467987, 0.0007415676898, 2.452933528e-05]","[0.001711547325, 0.002225999891, 0.002322917969, 0.003235425357]",0.001597885106955259,0.005777518249965629,0.00024701131588043975,0.27342190694407864,0.33505248988262215,-0.0013637145914342935,0.0017115473247046355,0.55,-0.34685379672383065,0.00037814679865049886,0.0022259998906484554,-0.35,0.4187081695006314,0.0007415676897758838,0.0023229179685885417,0.25,0.1407933697821963,2.4529335283594828e-05,0.0032354253567165358,0.15
325,"[0.3351206756, -0.3468727041, 0.4186710911, 0.1407921433]","[-0.001360527075, 0.0003719832437, 0.0007451905326, 2.253254753e-05]","[0.001711542138, 0.002225994594, 0.002322905367, 0.003235390748]",0.001595375222850674,0.005779251936623351,0.0002469155807655933,0.2733452498805612,0.3351206756121939,-0.0013605270752584894,0.0017115421377680183,0.55,-0.3468727040637632,0.0003719832436779255,0.002225994594148149,-0.35,0.4186710911161426,0.0007451905326150835,0.0023229053670992712,0.25,0.14079214331543213,2.253254752831224e-05,0.0032353907483947822,0.15
326,"[0.335188702, -0.3468913032, 0.4186338316, 0.1407910167]","[-0.001357393555, 0.0003659371098, 0.0007487409801, 2.057286122e-05]","[0.001711536911, 0.002225989355, 0.002322892563, 0.003235355478]",0.0015929417849133657,0.005780954530882967,0.00024681947158612736,0.27326860831223015,0.3351887019659568,-0.0013573935553014844,0.0017115369110497702,0.55,-0.3468913032259471,0.00036593710977091083,0.002225989354819945,-0.35,0.41863383158951184,0.0007487409800610743,0.002322892562734492,0.25,0.14079101668805571,2.057286121737032e-05,0.0032353554783059895,0.15
327,"[0.3352565716, -0.3469096001, 0.4185963945, 0.140789988]","[-0.001354313021, 0.0003600061582, 0.0007522203939, 1.864959211e-05]","[0.001711531645, 0.002225984171, 0.002322879559, 0.003235319559]",0.001590582132398303,0.005782626243321492,0.00024672299062574593,0.27319198225082464,0.33525657164372186,-0.0013543130205970458,0.0017115316452273198,0.55,-0.3469096000814356,0.0003600061581644279,0.002225984171498068,-0.35,0.4185963945405088,0.0007522203938632689,0.002322879559380801,0.25,0.14078998804499485,1.8649592111254532e-05,0.003235319559427079,0.15
328,"[0.3353242873, -0.3469276004, 0.4185587835, 0.1407890556]","[-0.001351284479, 0.0003541881927, 0.0007556301101, 1.67620686e-05]","[0.001711526341, 0.002225979043, 0.002322866361, 0.003235283004]",0.0015882936912936275,0.005784267295590408,0.0002466261403563296,0.27311537170995803,0.3353242872947517,-0.0013512844791797492,0.001711526340970841,0.55,-0.34692760038934384,0.0003541881927205853,0.0022259790430427507,-0.35,0.4185587835208156,0.0007556301101231305,0.0023228663608581366,0.25,0.1407890555653893,1.6762068597956044e-05,0.0032352830044984422,0.15
329,"[0.3353918515, -0.3469453098, 0.418521002, 0.1407882175]","[-0.001348306958, 0.0003484810591, 0.0007589714398, 1.490963146e-05]","[0.001711520999, 0.002225973968, 0.002322852971, 0.003235245826]",0.0015860739718963452,0.005785877919609893,0.00024652892342557725,0.27303877670500104,0.3353918515187107,-0.0013483069577276585,0.0017115209989431563,0.55,-0.34694530979897986,0.00034848105911799114,0.0022259739683395804,-0.35,0.41852100201530945,0.0007589714397761864,0.0023228529709206497,0.25,0.14078821746195938,1.4909631460910419e-05,0.003235245826027762,0.15
330,"[0.3354592669, -0.3469627339, 0.4184830534, 0.140787472]","[-0.001345379501, 0.0003428826441, 0.0007622456691, 1.309163365e-05]","[0.00171151562, 0.002225968946, 0.002322839393, 0.003235208036]",0.0015839205664298396,0.005787458356802077,0.000246431342645224,0.27296219725296983,0.3354592668665971,-0.0013453795012094815,0.0017115156197996936,0.55,-0.34696273385193577,0.0003428826440570857,0.0022259689462989034,-0.35,0.41848305344332065,0.0007622456690710069,0.002322839393257837,0.25,0.14078747198038633,1.3091633651530457e-05,0.0032352080362943922,0.15
331,"[0.3355265358, -0.346979878, 0.4184449412, 0.1407868174]","[-0.001342501173, 0.0003373908745, 0.00076545406, 1.130744007e-05]","[0.001711510204, 0.002225963976, 0.002322825631, 0.003235169647]",0.001581831146702096,0.005789008857361499,0.00024633340097978963,0.2728856333724192,0.3355265358416576,-0.0013425011725405086,0.0017115102041884095,0.55,-0.3469798779841386,0.0003373908744798189,0.002225963975855208,-0.35,0.4184449411598671,0.0007654540600330866,0.0023228256314953987,0.25,0.14078681739870375,1.1307440065469037e-05,0.0032351696473531142,0.15
332,"[0.3355936609, -0.3469967475, 0.4184066685, 0.140786252]","[-0.001339671052, 0.0003320037168, 0.0007685978509, 9.556427323e-06]","[0.001711504753, 0.002225959056, 0.002322811689, 0.003235130671]",0.0015798034618078691,0.005790529679561438,0.00024623510153585896,0.27280908508334106,0.33559366090028464,-0.001339671052243673,0.001711504752749756,0.55,-0.3469967475278626,0.0003320037168049721,0.002225959055966541,-0.35,0.4184066684568654,0.0007685978509239851,0.0023228116891962566,0.25,0.14078625202670048,9.556427322601964e-06,0.0032351306710380564,0.15
333,"[0.3356606445, -0.3470133477, 0.4183682386, 0.1407857742]","[-0.001336888238, 0.0003267191762, 0.0007716782567, 7.837983552e-06]","[0.001711499266, 0.002225954186, 0.00232279757, 0.003235091119]",0.00157783533587428,0.005792021089094173,0.0002461364475518496,0.2727325524070666,0.33566064445289684,-0.001336888238117855,0.0017114992661166264,0.55,-0.34701334771370285,0.00032671917617730235,0.0022259541856139388,-0.35,0.4183682385643192,0.0007716782566896049,0.0023227975698614915,0.25,0.14078577420533434,7.837983551697167e-06,0.0032350911189665678,0.15
334,"[0.3357274889, -0.3470296837, 0.4183296547, 0.1407853823]","[-0.001334151845, 0.0003215352957, 0.0007746964694, 6.151508178e-06]","[0.001711493745, 0.002225949364, 0.002322783277, 0.003235051003]",0.0015759246658511126,0.005793483358444159,0.0002460374423882637,0.27265603536617417,0.33572748886480275,-0.001334151844911999,0.0017114937449143322,0.55,-0.3470296836725117,0.0003215352957313493,0.002225949363800868,-0.35,0.41832965465148475,0.0007746964694007173,0.0023227832769312745,0.25,0.14078538230615675,6.151508178235967e-06,0.003235051002542921,0.15
335,"[0.3357941965, -0.3470457604, 0.4182909198, 0.1407850747]","[-0.001331461004, 0.0003164501559, 0.0007776536587, 4.496411717e-06]","[0.00171148819, 0.00222594459, 0.002322768814, 0.003235010333]",0.0015740694193465254,0.00579491676629216,0.000245938089518394,0.27257953398439994,0.33579419645704833,-0.0013314610040059043,0.0017114881897605698,0.55,-0.34704576043729823,0.00031645015586888954,0.0022259445895526898,-0.35,0.4182909198280147,0.0007776536586847173,0.0023227688137858107,0.25,0.14078507473074783,4.496411716660372e-06,0.003235010332962077,0.15
336,"[0.3358607695, -0.3470615829, 0.4182520371, 0.1407848499]","[-0.001328814863, 0.0003114618736, 0.0007805509721, 2.872115566e-06]","[0.001711482601, 0.002225939862, 0.002322754184, 0.003234969121]",0.0015722676325083578,0.005796321596949556,0.00024583839251947077,0.27250304828655414,0.33586076950724864,-0.0013288148630966616,0.0017114826012654032,0.55,-0.34706158294509165,0.0003114618735503186,0.00222593986191613,-0.35,0.41825203714508047,0.0007805509721495039,0.0023227541837462576,0.25,0.140784849910162,2.8721155663834958e-06,0.0032349691212133413,0.15
337,"[0.3359272103, -0.347077156, 0.4182130096, 0.1407847063]","[-0.001326212586, 0.0003065686016, 0.0007833895358, 1.278051811e-06]","[0.00171147698, 0.00222593518, 0.00232273939, 0.003234927378]",0.0015705174079517089,0.005797698139820896,0.0002457383550642302,0.2724265782984404,0.33592721025040345,-0.0013262125858907146,0.0017114769800312584,0.55,-0.34707715603876915,0.0003065686015995543,0.0022259351799587754,-0.35,0.418213009596473,0.0007833895358002178,0.0023227393900756843,0.25,0.14078470630438367,1.2780518109484897e-06,0.0032349273780840114,0.15
338,"[0.3359935209, -0.3470924845, 0.4181738401, 0.1407846424]","[-0.001323653352, 0.000301768528, 0.0007861704544, -2.863369786e-07]","[0.001711471327, 0.002225930543, 0.002322724436, 0.003234885114]",0.0015688169127324341,0.005799046688893963,0.00024563798091288346,0.2723501240467786,0.33599352087969797,-0.0013236533518030578,0.0017114713266529068,0.55,-0.3470924844688491,0.0003017685280217389,0.0022259305427685633,-0.35,0.418173840119683,0.0007861704544452076,0.0023227244359798954,0.25,0.14078464240179311,-2.8633697864744457e-07,0.003234885114162787,0.15
339,"[0.3360597035, -0.3471075729, 0.4181345316, 0.1407846567]","[-0.001321136356, 0.0002970598753, 0.0007888948121, -1.821597937e-06]","[0.001711465642, 0.002225925949, 0.002322709325, 0.00323484234]",0.0015671643763675086,0.005800367542255871,0.00024553727390547327,0.2722736855591322,0.33605970354728815,-0.0013211363556606258,0.001711465641717469,0.55,-0.3471075728952502,0.00029705987533446264,0.0022259259494533013,-0.35,0.41813453159696073,0.0007888948120975,0.002322709324608381,0.25,0.14078465671864204,-1.821597937458419e-06,0.0032348423398433175,0.15
340,"[0.3361257604, -0.3471224259, 0.4180950869, 0.1407847478]","[-0.001318660807, 0.0002924408999, 0.0007915636724, -3.328268095e-06]","[0.001711459926, 0.002225921399, 0.002322694059, 0.003234799065]",0.001565558088901782,0.005801661001634096,0.0002454362379546035,0.2721972628638384,0.3361257603650712,-0.0013186608074118149,0.0017114599258044266,0.55,-0.34712242588901693,0.0002924408999109146,0.0022259213991402127,-0.35,0.4180950868563559,0.0007915636723679289,0.0023226940590552613,0.25,0.14078474779853892,-3.3282680951398773e-06,0.0032347990653279163,0.15
341,"[0.3361916934, -0.3471370479, 0.4180555087, 0.1407849142]","[-0.001316225932, 0.0002879098913, 0.0007941780788, -4.806874564e-06]","[0.001711454179, 0.002225916891, 0.002322678642, 0.003234755301]",0.0015639963990205963,0.005802927371961265,0.0002453348770385179,0.2721208559899416,0.3361916934054418,-0.001316225931842568,0.0017114541794856198,0.55,-0.34713704793401245,0.00028790989133654785,0.002225916890975442,-0.35,0.4180555086727375,0.0007941780788475935,0.0023226786423599915,0.25,0.14078491421194367,-4.806874564478156e-06,0.0032347553006302986,0.15
342,"[0.3362575047, -0.3471514434, 0.4180157998, 0.1407851546]","[-0.001313830968, 0.0002834651718, 0.0007967390555, -6.257934722e-06]","[0.001711448403, 0.002225912424, 0.002322663078, 0.003234711056]",0.0015624777122094982,0.005804166960962951,0.0002452331951945275,0.27204446496713064,0.3362575047020339,-0.0013138309682958422,0.0017114484033252724,0.55,-0.3471514434285793,0.00028346517177677726,0.0022259124241236403,-0.35,0.4180157997687951,0.0007967390554885676,0.0023226630775084176,0.25,0.1407851545556719,-6.257934722010316e-06,0.0032347110555795942,0.15
343,"[0.3363231963, -0.3471656167, 0.4179759628, 0.1407854675]","[-0.00131147517, 0.0002791050954, 0.000799247607, -7.681956388e-06]","[0.001711442598, 0.002225907998, 0.002322647367, 0.00323466634]",0.0015610004889592593,0.005805380078767017,0.0002451311965127524,0.27196808982567816,0.3363231962504487,-0.0013114751703979823,0.001711442597880008,0.55,-0.3471656166871681,0.00027910509535749976,0.002225907997767518,-0.35,0.4179759628160207,0.0007992476069730567,0.0023226473674335425,0.25,0.140785467452408,-7.681956388419897e-06,0.0032346663398232964,0.15
344,"[0.33638877, -0.3471795719, 0.4179360004, 0.1407858516]","[-0.001309157806, 0.0002748280476, 0.0008017047191, -9.079438006e-06]","[0.001711436764, 0.002225903611, 0.002322631515, 0.003234621163]",0.0015595632430166703,0.005806567037533779,0.00024502888513018497,0.2718917305963838,0.3363887700089686,-0.0013091578057899734,0.0017114367636988721,0.55,-0.347179571941936,0.0002748280475574801,0.0022259036111074025,-0.35,0.41793600043567203,0.000801704719076228,0.00232263151501632,0.25,0.1407858515502274,-9.079438006070142e-06,0.0032346211628302307,0.15
345,"[0.3364542279, -0.3471933133, 0.4178959152, 0.1407863055]","[-0.001306878156, 0.0002706324446, 0.000804111359, -1.045086881e-05]","[0.001711430901, 0.002225899263, 0.002322615523, 0.003234575534]",0.001558164539681162,0.005807728151106194,0.0002449262652250503,0.2718153873105196,0.3364542278992581,-0.0013068781558629172,0.0017114309013233665,0.55,-0.34719331334431386,0.0002706324446111862,0.0022258992633608626,-0.35,0.4178959151997182,0.0008041113590250118,0.0023226155230866344,0.25,0.1407863055221277,-1.0450868809342215e-05,0.0032345755338943454,0.15
346,"[0.3365195718, -0.347206845, 0.4178557096, 0.1407868281]","[-0.001304635515, 0.0002665167329, 0.0008064684758, -1.1796729e-05]","[0.001711425011, 0.002225894954, 0.002322599394, 0.003234529462]",0.0015568029941454035,0.005808863734678814,0.0002448233410114476,0.2717390599997783,0.3365195718070513,-0.0013046355154996384,0.001711425011287476,0.55,-0.3472068449665444,0.00026651673292434687,0.002225894953762272,-0.35,0.41785570963176694,0.0008064684758460118,0.0023225993944239955,0.25,0.14078682806556816,-1.1796728997023126e-05,0.003234529462137269,0.15
347,"[0.3365848036, -0.3472201708, 0.4178153862, 0.1407874179]","[-0.001302429193, 0.0002624793885, 0.0008087770007, -1.31174899e-05]","[0.001711419094, 0.002225890682, 0.002322583132, 0.003234482957]",0.0015554772698811734,0.005809974104484975,0.000244720116734271,0.27166274869622453,0.3365848035828263,-0.0013024291928205687,0.0017114190941177043,0.55,-0.3472201708031906,0.00026247938849958594,0.0022258906815624396,-0.35,0.41781538620797465,0.0008087770007099763,0.002322583131758442,0.25,0.140787417902018,-1.3117489897420851e-05,0.003234482956511737,0.15
348,"[0.336649925, -0.3472332948, 0.4177749474, 0.1407880738]","[-0.001300258509, 0.0002585189164, 0.0008110378473, -1.441361413e-05]","[0.00171141315, 0.002225886446, 0.002322566738, 0.003234436026]",0.001554186077068274,0.005811059577501224,0.00024461659666438973,0.2715864534322474,0.3366499250424673,-0.0013002585089345181,0.0017114131503331164,0.55,-0.3472332947726156,0.00025851891637366305,0.0022258864460282094,-0.35,0.41777494735793913,0.0008110378472678404,0.0023225667377712745,0.25,0.1407880737765129,-1.4413614133472904e-05,0.0032344360258042748,0.15
349,"[0.336714938, -0.3472462207, 0.4177343955, 0.1407887945]","[-0.001298122798, 0.0002546338501, 0.000813251912, -1.568555578e-05]","[0.00171140718, 0.002225882246, 0.002322550215, 0.003234388679]",0.0015529281710672657,0.00581212047116837,0.00024451278509408095,0.2715101742405169,0.3367149379679141,-0.0012981227976942575,0.0017114071804453772,0.55,-0.3472462207184343,0.0002546338500648481,0.0022258822464421026,-0.35,0.4177343954655757,0.0008132519119815862,0.002322550215095911,0.25,0.14078879445721956,-1.5685555782418287e-05,0.003234388678638449,0.15
350,"[0.3367798441, -0.3472589524, 0.4176937329, 0.1407895787]","[-0.001296021405, 0.000250822751, 0.0008154200744, -1.693376053e-05]","[0.001711401185, 0.002225878082, 0.002322533566, 0.003234340923]",0.0015517023509344777,0.005813157103128188,0.000244408686332703,0.2714339111539415,0.33677984410779876,-0.0012960214054565493,0.0017114011849588009,0.55,-0.34725895241093757,0.00025082275103103553,0.002225878082101952,-0.35,0.41769373286997663,0.0008154200744483939,0.0023225335663186577,0.25,0.1407895787350087,-1.6933760533752778e-05,0.0032343409234777045,0.15
351,"[0.3368446452, -0.3472714935, 0.4176529619, 0.1407904254]","[-0.001293953691, 0.0002470842081, 0.0008175431977, -1.815866584e-05]","[0.001711395164, 0.002225873952, 0.002322516794, 0.003234292769]",0.001550507457979088,0.005814169790975258,0.00024430430470259604,0.2713576642056283,0.3368446451780716,-0.0012939536908469326,0.001711395164370393,0.55,-0.34727149354848913,0.00024708420813829393,0.002225873952320545,-0.35,0.4176529618662542,0.0008175431977185023,0.00232251679397947,0.25,0.14079042542303538,-1.8158665844499123e-05,0.0032342927686281543,0.15
352,"[0.3369093429, -0.3472838478, 0.4176120847, 0.1407913334]","[-0.001291919025, 0.0002434168371, 0.0008196221286, -1.936070109e-05]","[0.001711389119, 0.002225869856, 0.002322499901, 0.003234244222]",0.0015493423743612271,0.005815158852022993,0.0002441996445352056,0.27128143342884514,0.336909342862614,-0.0012919190245289376,0.0017113891191699064,0.55,-0.34728384775889604,0.00024341683713913223,0.0022258698564252806,-0.35,0.4176120847063683,0.0008196221286067938,0.0023224999005727206,0.25,0.1407913333563276,-1.936070109094008e-05,0.003234244222241474,0.15
353,"[0.3369739388, -0.3472960186, 0.4175711036, 0.1407923014]","[-0.001289916789, 0.0002398192802, 0.000821657698, -2.054028772e-05]","[0.00171138305, 0.002225865794, 0.002322482889, 0.003234195292]",0.0015482060217310708,0.0058161246030837095,0.00024409471016741794,0.2712052188569851,0.3369739388138404,-0.0012899167889773152,0.0017113830498398906,0.55,-0.347296018600753,0.00023981928016114589,0.0022258657937578373,-0.35,0.41757110359993793,0.0008216576979997529,0.002322482888547977,0.25,0.14079230139138216,-2.0540287717997163e-05,0.003234195292317667,0.15
354,"[0.3370384347, -0.3473080096, 0.4175300207, 0.1407933284]","[-0.001287946378, 0.0002362902052, 0.0008236507212, -2.169783939e-05]","[0.001711376957, 0.002225861764, 0.00232246576, 0.003234145987]",0.0015470973599072068,0.0058170673602613646,0.0002439895059380928,0.27112902052353205,0.33703843465328925,-0.0012879463782559807,0.0017113769568557493,0.55,-0.34730800956476104,0.0002362902052050087,0.0022258617636738416,-0.35,0.4175300207150379,0.0008236507211550975,0.0023224657603107177,0.25,0.14079332840576805,-2.1697839385861113e-05,0.003234145986707741,0.15
355,"[0.337102832, -0.3473198241, 0.4174888382, 0.1407944133]","[-0.001286007198, 0.0002328283057, 0.000825601998, -2.283376211e-05]","[0.001711370841, 0.002225857766, 0.002322448518, 0.003234096313]",0.0015460153855943548,0.005817987438757113,0.000243884036184788,0.27105283846202893,0.33710283197220203,-0.0012860071977999342,0.0017113708406857962,0.55,-0.3473198240750213,0.00023282830565195324,0.0022258577655425585,-0.35,0.41748883817898014,0.0008256019979967491,0.0023224485182231107,0.25,0.14079441329773734,-2.2833762113123558e-05,0.0032340963131165692,0.15
356,"[0.3371671323, -0.3473314655, 0.4174475581, 0.140795555]","[-0.001284098664, 0.0002294322998, 0.0008275123134, -2.394845442e-05]","[0.001711364702, 0.002225853799, 0.002322431165, 0.003234046279]",0.0015449591311390458,0.005818885152686551,0.00024377830524067637,0.2709766727060473,0.33716713233209206,-0.0012840986642015904,0.0017113647017913114,0.55,-0.3473314654903039,0.00022943229978131466,0.0022258537987465605,-0.35,0.4174475580790803,0.0008275123134029995,0.002322431164604653,0.25,0.140795554985843,-2.3948454419418457e-05,0.003234046279105137,0.15
357,"[0.3372313373, -0.3473429371, 0.4174061825, 0.1407967524]","[-0.001282220205, 0.0002261009303, 0.0008293824375, -2.504230746e-05]","[0.001711358541, 0.002225849863, 0.002322413702, 0.003233995892]",0.0015439276633231345,0.005819760814908322,0.0002436723174316314,0.2709005232891585,0.33723133726530213,-0.0012822202050002294,0.0017113585406266102,0.55,-0.34734293710529296,0.00022610093029597463,0.0022258498626814564,-0.35,0.41740618246341016,0.0008293824374918197,0.002322413701733019,0.25,0.14079675240856399,-2.5042307462103786e-05,0.0032339958920937087,0.15
358,"[0.3372954483, -0.3473542422, 0.4173647133, 0.1407980045]","[-0.001280371258, 0.0002228329639, 0.0008312131259, -2.611570517e-05]","[0.001711352358, 0.002225845957, 0.002322396132, 0.003233945159]",0.0015429200821934642,0.00582061473686357,0.0002435660770734783,0.2708243902449066,0.33729544827555213,-0.001280371258476939,0.0017113523576390958,0.55,-0.34735424215180777,0.00022283296385828784,0.002225845956755561,-0.35,0.4173647133415356,0.0008312131258969869,0.002322396131844617,0.25,0.1407980045239371,-2.6115705174404712e-05,0.0032339451593637234,0.15
359,"[0.3373594668, -0.3473653838, 0.4173231527, 0.1407993103]","[-0.001278551273, 0.0002196271906, 0.00083300512, -2.71690244e-05]","[0.001711346153, 0.00222584208, 0.002322378457, 0.003233894088]",0.0015419355199278607,0.005821447228425822,0.000243459588469421,0.2707482736067829,0.337359466838476,-0.0012785512734518926,0.0017113461532693296,0.55,-0.3473653838000007,0.0002196271906333719,0.0022258420803896394,-0.35,0.41732315268524073,0.0008330051200428329,0.0023223784571354254,0.25,0.14079931030919582,-2.7169024396613754e-05,0.003233894088060976,0.15
360,"[0.3374233944, -0.3473763652, 0.4172815024, 0.1408006688]","[-0.001276759709, 0.0002164824238, 0.0008347591474, -2.820263501e-05]","[0.001711339928, 0.002225838233, 0.00232236068, 0.003233842685]",0.0015409731397355705,0.005822258597760358,0.00024335285590760167,0.2706721734082016,0.3374233944021486,-0.0012767597090867686,0.0017113399279510928,0.55,-0.34737636515953235,0.0002164824238425266,0.0022258382330166,-0.35,0.41728150242923856,0.0008347591474101671,0.0023223606797615408,0.25,0.14080066876041564,-2.8202635009646105e-05,0.0032338426851974173,0.15
361,"[0.3374872324, -0.3473871893, 0.4172397645, 0.1408020789]","[-0.001274996035, 0.0002133974993, 0.0008364759218, -2.921690006e-05]","[0.001711333682, 0.002225834414, 0.002322342802, 0.003233790958]",0.001540032134792671,0.005823049151193424,0.00024324588365882732,0.27059608968247734,0.3374872323876029,-0.0012749960346893857,0.0017113336821114574,0.55,-0.3473871892807245,0.00021339749932383252,0.002225834414081242,-0.35,0.41723976447186806,0.0008364759218014255,0.002322342801839997,0.25,0.14080207889216612,-2.9216900061518446e-05,0.0032337909576541693,0.15
362,"[0.3375509822, -0.3473978592, 0.4171979407, 0.1408035397]","[-0.00127325973, 0.0002103712751, 0.0008381561436, -3.02121759e-05]","[0.001711327416, 0.002225830623, 0.002322324825, 0.003233738912]",0.0015391117272099194,0.005823819193089787,0.00024313867597442281,0.27052002246280343,0.3375509821893374,-0.0012732597295239674,0.0017113274161708473,0.55,-0.34739785915569066,0.00021037127510201264,0.002225830623039971,-0.35,0.417197940675778,0.0008381561435957411,0.0023223248254492994,0.25,0.1408035397371692,-3.021217589521362e-05,0.0032337389121834324,0.15
363,"[0.3376146452, -0.3474083777, 0.4171560329, 0.1408050503]","[-0.001271550283, 0.000207402631, 0.0008398005, -3.118881227e-05]","[0.001711321131, 0.002225826859, 0.002322306753, 0.003233686555]",0.0015382111670339772,0.0058245690257392934,0.0002430312370842235,0.2704439717822322,0.3376146451758136,-0.0012715502826231577,0.0017113211305431108,0.55,-0.34740837771944577,0.00020740263096598706,0.0022258268593605517,-0.35,0.4171560328685982,0.0008398005000036928,0.002322306752630168,0.25,0.14080505034596394,-3.11888122719087e-05,0.0032336865554111276,0.15
364,"[0.3376782227, -0.3474187479, 0.4171140428, 0.1408066098]","[-0.001269867193, 0.0002044904681, 0.0008414096653, -3.214715249e-05]","[0.001711314826, 0.002225823123, 0.002322288585, 0.003233633894]",0.001537329731279944,0.0058252989492511885,0.0002429235711946982,0.27036793767365547,0.33767822268994474,-0.0012698671926045808,0.0017113148256355918,0.55,-0.3474187478509941,0.0002044904680546229,0.002225823122521847,-0.35,0.41711404284359804,0.0008414096653148456,0.0023222885853861532,0.25,0.14080660978657752,-3.2147152492652073e-05,0.00323363389383909,0.15
365,"[0.337741716, -0.3474289724, 0.4170719724, 0.1408082171]","[-0.001268209967, 0.0002016337085, 0.0008429843011, -3.308753352e-05]","[0.001711308502, 0.002225819412, 0.002322270326, 0.003233580934]",0.0015364667229948968,0.005826009261456245,0.00024281568248718567,0.27029192016978726,0.337741716049575,-0.0012682099674908294,0.0017113085018491952,0.55,-0.3474289723743968,0.00020163370845045536,0.0022258194120135717,-0.35,0.4170719723603323,0.0008429843011407652,0.0023222703256842716,0.25,0.14080821714420216,-3.3087533518210354e-05,0.003233580933847283,0.15
366,"[0.3378051265, -0.3474390541, 0.4170298231, 0.1408098715]","[-0.001266578125, 0.0001988312948, 0.0008445250567, -3.401028609e-05]","[0.00171130216, 0.002225815727, 0.002322251975, 0.003233527682]",0.0015356214703516453,0.005826700257816227,0.00024270757511625905,0.2702159193031472,0.33780512654794953,-0.0012665781245323393,0.00171130215957846,0.55,-0.34743905405981934,0.000198831294780777,0.002225815727336054,-0.35,0.41702982314527526,0.0008445250566544754,0.002322251975455643,0.25,0.14080987152087807,-3.401028608591452e-05,0.003233527681696123,0.15
367,"[0.3378684555, -0.3474489956, 0.4169875969, 0.140811572]","[-0.00126497119, 0.0001960821898, 0.0008460325688, -3.491573483e-05]","[0.001711295799, 0.002225812068, 0.002322233537, 0.003233474144]",0.0015347933257717822,0.005827372231340265,0.0002425992532081916,0.27013993510604445,0.33786845545417615,-0.0012649711900340668,0.0017112957992116338,0.55,-0.3474489956245584,0.0001960821898268416,0.0022258120679999973,-0.35,0.4169875968924425,0.000846032568824477,0.0023222335365961125,0.25,0.14081157203518235,-3.491573482503108e-05,0.003233474143528606,0.15
368,"[0.337931704, -0.3474587997, 0.4169452953, 0.1408133178]","[-0.001263388699, 0.0001933853761, 0.0008475074626, -3.580419837e-05]","[0.001711289421, 0.002225808434, 0.002322215011, 0.003233420325]",0.0015339816650772106,0.005828025472507915,0.00024249072085953706,0.27006396761056367,0.33793170401367784,-0.0012633886991852347,0.0017112894211307405,0.55,-0.34745879973404975,0.00019338537613999626,0.0022258084335262497,-0.35,0.4169452952640013,0.0008475074626446682,0.0023222150109668497,0.25,0.1408133178219236,-3.58041983694771e-05,0.0032334203253724545,0.15
369,"[0.3379948734, -0.347468469, 0.4169029199, 0.140815108]","[-0.001261830196, 0.0001907398557, 0.0008489503514, -3.667598947e-05]","[0.001711283026, 0.002225804823, 0.0023221964, 0.003233366233]",0.0015331858866693994,0.005828660269198461,0.00024238198213580235,0.2699880168485511,0.3379948734486371,-0.001261830195892615,0.0017112830257116523,0.55,-0.3474684690028568,0.00019073985566534383,0.0022258048234455804,-0.35,0.4169029198908691,0.0008489503513592966,0.0023221964003949354,0.25,0.14081510803184208,-3.667598946896327e-05,0.0032333662331421862,0.15
370,"[0.338057965, -0.347478006, 0.4168604724, 0.1408169418]","[-0.001260295233, 0.0001881446494, 0.0008503618367, -3.75314151e-05]","[0.001711276613, 0.002225801237, 0.002322177707, 0.003233311873]",0.0015324054107358693,0.005829276906626235,0.00024227304107022306,0.2699120828516019,0.3380579649584317,-0.0012602952326163223,0.0017112766133241637,0.55,-0.34747800599564005,0.0001881446493726394,0.0022258012372984577,-0.35,0.4168604723733011,0.0008503618366850356,0.002322177706673977,0.25,0.14081694183131552,-3.753141509772689e-05,0.003233311872641245,0.15
371,"[0.3381209797, -0.3474874132, 0.4168179543, 0.1408188184]","[-0.00125878337, 0.0001855987969, 0.000851742509, -3.837077656e-05]","[0.001711270184, 0.002225797675, 0.002322158932, 0.00323325725]",0.0015316396784827403,0.0058298756672817125,0.00024216390166263176,0.2698361656510486,0.33812097972006255,-0.0012587833702090176,0.0017112701843320735,0.55,-0.34748741322810867,0.00018559879689411478,0.0022257976746348426,-0.35,0.41681795428146684,0.0008517425090280959,0.002322158931564694,0.25,0.14081881840207042,-3.837077656134342e-05,0.0032332572495640133,0.15
372,"[0.3381839189, -0.3474966932, 0.4167753672, 0.1408207369]","[-0.001257294178, 0.0001831013562, 0.0008530929477, -3.91943696e-05]","[0.001711263739, 0.002225794135, 0.002322140077, 0.003233202369]",0.0015308881513926976,0.005830456830877785,0.00024205456787840802,0.26976026527795,0.338183918888573,-0.001257294177758571,0.00171126373909324,0.55,-0.3474966931679534,0.00018310135616879896,0.002225794135013979,-0.35,0.41677536715601543,0.0008530929476965941,0.0023221400767954796,0.25,0.14082073694089847,-3.9194369601160595e-05,0.0032332023694979025,0.15
373,"[0.3382467836, -0.3475058482, 0.4167327125, 0.1408226967]","[-0.001255827232, 0.0001806514031, 0.0008544137211, -4.00024845e-05]","[0.001711257278, 0.002225790618, 0.002322121144, 0.003233147238]",0.0015301503105078107,0.005831020674301436,0.00024194504364751578,0.2696843817630807,0.33824678359746096,-0.0012558272324329244,0.0017112572779596719,0.55,-0.34750584823576186,0.00018065140309464562,0.0022257906180041787,-0.35,0.4167327125086306,0.0008544137211099267,0.002322121144062951,0.25,0.14082269665937852,-4.0002484498283535e-05,0.003233147237925085,0.15
374,"[0.338309575, -0.3475148808, 0.4166899918, 0.1408246968]","[-0.001254382119, 0.0001782480312, 0.000855705387, -4.079540617e-05]","[0.001711250801, 0.002225787123, 0.002322102135, 0.00323309186]",0.0015294256557363607,0.005831567471570129,0.00024183533286362222,0.2696085151369223,0.3383095749590826,-0.001254382119328668,0.0017112508012775882,0.55,-0.3475148808059166,0.00017824803118594932,0.002225787123182637,-0.35,0.4166899918225751,0.0008557053870033722,0.002322102135032515,0.25,0.14082469678360343,-4.079540617346164e-05,0.003233091860224657,0.15
375,"[0.3383722941, -0.3475237932, 0.4166472066, 0.1408267366]","[-0.001252958431, 0.0001758903512, 0.0008569684926, -4.157341429e-05]","[0.001711244309, 0.00222578365, 0.002322083051, 0.003233036242]",0.0015287137051830915,0.005832097493792876,0.0002417254393832879,0.2695326654296544,0.33837229406504904,-0.001252958431321511,0.0017112443093875043,0.55,-0.3475237932074759,0.00017589035123837606,0.002225783650135233,-0.35,0.41664720655322496,0.0008569684926301106,0.002322083051338938,0.25,0.1408267365539121,-4.157341428690943e-05,0.0032330362416744182,0.15
376,"[0.338434942, -0.3475325877, 0.4166043581, 0.1408288152]","[-0.001251555769, 0.000173577491, 0.000858203575, -4.233678334e-05]","[0.001711237803, 0.002225780198, 0.002322063895, 0.003232980387]",0.001528013994501861,0.005832611009135674,0.00024161536702523072,0.2694568326711465,0.3384349419866151,-0.001251555768920528,0.001711237802624297,0.55,-0.3475325877250378,0.0001735774909997551,0.002225780198456338,-0.35,0.4166043581285935,0.0008582035749577786,0.002322063894586851,0.25,0.14082881522462642,-4.233678333550043e-05,0.0032329803874527646,0.15
377,"[0.3384975198, -0.3475412666, 0.4165614479, 0.1408309321]","[-0.00125017374, 0.0001713085948, 0.0008594111609, -4.308578275e-05]","[0.001711231281, 0.002225776768, 0.002322044666, 0.003232924303]",0.0015273260762703937,0.00583310828279111,0.0002415051195696609,0.26938101689095106,0.33849751977506115,-0.0012501737401247838,0.0017112312813172782,0.55,-0.3475412665995878,0.00017130859484717058,0.0022257767677486343,-0.35,0.41656144794984556,0.000859411160862139,0.0023220446663512855,0.25,0.1408309320637932,-4.308578274796303e-05,0.003232924302640515,0.15
378,"[0.3385600285, -0.347549832, 0.4165184774, 0.1408330864]","[-0.00124881196, 0.0001690828235, 0.0008605917673, -4.382067698e-05]","[0.001711224746, 0.002225773358, 0.002322025368, 0.003232867992]",0.0015266495193863871,0.005833589576951926,0.00024139470075767452,0.2693052181182966,0.3385600284620674,-0.001248811960282141,0.001711224745790274,0.55,-0.34754983202933015,0.00016908282347055404,0.002225773357622936,-0.35,0.4165184773918025,0.0008605917673178645,0.0023220253681782246,0.25,0.1408330863529306,-4.382067697906161e-05,0.003232867992222745,0.15
379,"[0.3386224691, -0.3475582862, 0.4164754478, 0.1408352774]","[-0.001247470052, 0.0001668993536, 0.0008617459016, -4.45417256e-05]","[0.001711218196, 0.002225769968, 0.002322006002, 0.003232811461]",0.0015259839084840025,0.005834055150788332,0.00024128411429071998,0.26922943638208174,0.3386224690600815,-0.0012474700519518062,0.0017112181963616926,0.55,-0.34755828617050366,0.00016689935356190995,0.002225769967698008,-0.35,0.4164754478034366,0.0008617459015838375,0.0023220060015850734,0.25,0.14083527738677956,-4.454172560135008e-05,0.00323281146109048,0.15
380,"[0.3386848426, -0.3475666311, 0.4164323605, 0.1408375045]","[-0.001246147645, 0.0001647573775, 0.0008628740614, -4.52491834e-05]","[0.001711211633, 0.002225766598, 0.002321986568, 0.003232754714]",0.001525328843370549,0.005834505260428748,0.00024117336383010866,0.2691536717108694,0.33868484256267906,-0.001246147644768434,0.0017112116333446,0.55,-0.34756663113818176,0.0001647573775107343,0.002225766597600394,-0.35,0.4164323605083574,0.0008628740613867157,0.002321986568061181,0.25,0.14083750447305962,-4.5249183395960954e-05,0.003232754714042427,0.15
381,"[0.3387471499, -0.347574869, 0.4163892168, 0.1408397669]","[-0.001244844375, 0.0001626561031, 0.0008639767351, -4.594330044e-05]","[0.001711205057, 0.002225763247, 0.002321967069, 0.003232697756]",0.0015246839384825733,0.005834940158944137,0.00024106245299659868,0.2690779241328823,0.3387471499449175,-0.0012448443753092992,0.0017112050570467928,0.55,-0.3475748690070573,0.00016265610310475348,0.00222576324696426,-0.35,0.41638921680528806,0.0008639767351005376,0.002321967069068372,0.25,0.1408397669322294,-4.594330044003571e-05,0.0032326977557868924,0.15
382,"[0.3388093922, -0.3475830018, 0.416346018, 0.1408420641]","[-0.001243559887, 0.0001605947532, 0.0008650544019, -4.66243222e-05]","[0.001711198468, 0.002225759915, 0.002321947506, 0.003232640591]",0.0015240488223604424,0.0058353600963351685,0.00024095138537001448,0.26900219367599815,0.33880939216368294,-0.0012435598869639933,0.0017111984677708704,0.55,-0.3475830018122125,0.0001605947532372607,0.0022257599154312134,-0.35,0.41634601796853304,0.0008650544019221119,0.002321947506041371,0.25,0.14084206409725142,-4.662432219552602e-05,0.003232640590943095,0.15
383,"[0.3388715702, -0.3475910315, 0.4163027652, 0.1408443953]","[-0.00124229383, 0.0001585725656, 0.000866107532, -4.729248959e-05]","[0.001711191866, 0.002225756603, 0.00232192788, 0.003232583224]",0.0015234231371413197,0.0058357653195227005,0.00024084016448892983,0.26892648036774586,0.33887157015803115,-0.0012422938298064813,0.001711191865814305,0.55,-0.34759103154987436,0.0001585725656189125,0.0022257566026501513,-0.35,0.41630276524843696,0.0008661075320440054,0.00232192788038832,0.25,0.14084439531336118,-4.729248959320093e-05,0.0032325832240430673,0.15
384,"[0.3389336848, -0.3475989602, 0.4162594599, 0.1408467599]","[-0.00124104586, 0.0001565887925, 0.0008671365868, -4.794803912e-05]","[0.001711185251, 0.002225753308, 0.002321908193, 0.00323252566]",0.001522806538069758,0.0058361560723409036,0.00024072879385039463,0.2688507842353021,0.33893368484952147,-0.0012410458604693597,0.0017111852514695171,0.55,-0.34759896017815534,0.00015658879249576092,0.0022257533082771096,-0.35,0.41625945987183477,0.0008671365868243811,0.0023219081934912704,0.25,0.14084675993784085,-4.7948039116846246e-05,0.003232525659533281,0.15
385,"[0.3389957371, -0.3476067896, 0.416216103, 0.1408491573]","[-0.001239815642, 0.0001546427004, 0.000868142019, -4.859120289e-05]","[0.001711178625, 0.002225750032, 0.002321888447, 0.003232467902]",0.0015221986930250566,0.00583653259553309,0.0002406172769097031,0.2687751053054881,0.33899573714254494,-0.001239815642021014,0.0017111786250239437,0.55,-0.34760678961778013,0.00015464270037263294,0.002225750031975092,-0.35,0.41621610304249357,0.0008681420189524015,0.002321888446706577,0.25,0.1408491573397967,-4.859120288611126e-05,0.003232467901775949,0.15
386,"[0.3390577279, -0.3476145218, 0.4161726959, 0.1408515869]","[-0.001238602844, 0.0001527335697, 0.0008691242726, -4.922220874e-05]","[0.001711171987, 0.002225746773, 0.002321868641, 0.003232409955]",0.0015215992820653743,0.005836895126750104,0.00024050561708020956,0.268699443604767,0.339057727924646,-0.0012386028438443402,0.0017111719867601123,0.55,-0.3476145217527988,0.0001527335697411785,0.002225746773413943,-0.35,0.41617269594154593,0.0008691242726122658,0.002321868641365435,0.25,0.140851586899941,-4.922220873642403e-05,0.0032324099550509423,0.15
387,"[0.3391196581, -0.3476221584, 0.4161292397, 0.140854048]","[-0.001237407142, 0.0001508606948, 0.0008700837836, -4.98412803e-05]","[0.001711165337, 0.002225743532, 0.002321848779, 0.003232351824]",0.0015210079969878647,0.005837243900551066,0.00024039381773318302,0.268623799159242,0.3391196580668382,-0.0012374071415184645,0.0017111653369557083,0.55,-0.34762215843128585,0.00015086069481367765,0.0022257435322701902,-0.35,0.4161292397279153,0.0008700837836431009,0.002321848778774315,0.25,0.14085404801037782,-4.984128029835019e-05,0.003232351823557211,0.15
388,"[0.3391815284, -0.3476297015, 0.4160857355, 0.1408565401]","[-0.001236228217, 0.0001490233833, 0.0008710209797, -5.044863708e-05]","[0.001711158676, 0.002225740308, 0.00232182886, 0.003232293511]",0.0015204245409037019,0.005837579148406419,0.00024028188219770352,0.2685481719946541,0.33918152842391414,-0.001236228216702171,0.0017111586758836493,0.55,-0.34762970146602656,0.00014902338326183427,0.0022257403082269014,-0.35,0.4160857355387332,0.0008710209796956495,0.0023218288602153605,0.25,0.14085654007439274,-5.04486370760388e-05,0.0032322935114141214,0.15
389,"[0.3392433398, -0.3476371526, 0.4160421845, 0.1408590625]","[-0.001235065757, 0.000147220956, 0.0008719362804, -5.104449452e-05]","[0.001711152004, 0.002225737101, 0.002321808887, 0.003232235023]",0.001519848627828574,0.005837901098702877,0.0002401698137605887,0.2684725621363806,0.33924333983474925,-0.0012350657570199468,0.0017111520038121518,0.55,-0.34763715263518963,0.00014722095596031133,0.0022257371009735474,-0.35,0.4160421844897484,0.0008719362803864487,0.002321808886946864,0.25,0.14085906250624655,-5.104449452312718e-05,0.0032322350226631014,0.15
390,"[0.3393050931, -0.3476445137, 0.4159985877, 0.1408616147]","[-0.001233919456, 0.0001454527467, 0.0008728300974, -5.162906412e-05]","[0.001711145321, 0.00222573391, 0.00232178886, 0.003232176361]",0.0015192799822873922,0.005838209976750664,0.0002400576156663617,0.26839696960943443,0.33930509312260027,-0.0012339194559498302,0.0017111453210047992,0.55,-0.34764451368298765,0.0001454527467350542,0.0022257339102058696,-0.35,0.41599858767572906,0.0008728300974492424,0.0023217888602036925,0.25,0.1408616147309727,-5.16290641173001e-05,0.0032321763612690965,0.15
391,"[0.3393667891, -0.3476517863, 0.4159549462, 0.1408641962]","[-0.001232789013, 0.0001437181021, 0.0008737028349, -5.220255344e-05]","[0.001711138628, 0.002225730736, 0.002321768781, 0.003232117531]",0.0015187183389326966,0.005838506004792396,0.00023994529111724306,0.26832139443846287,0.33936678909539775,-0.0012327890127137862,0.0017111386277206106,0.55,-0.3476517863203244,0.00014371810211716185,0.0022257307356257318,-0.35,0.4159549461708566,0.0008737028348822843,0.002321768781197644,0.25,0.14086419618417856,-5.2202553435232666e-05,0.0032321175311217083,0.15
392,"[0.3394284285, -0.3476589722, 0.415911261, 0.1408668063]","[-0.001231674132, 0.0001420163811, 0.0008745548891, -5.276516622e-05]","[0.001711131924, 0.002225727577, 0.002321748651, 0.003232058536]",0.0015181634421774035,0.005838789402013816,0.00023983284327318413,0.2682458366477471,0.33942842854603344,-0.0012316741321691431,0.0017111319242141152,0.55,-0.34765897222543024,0.00014201638110008478,0.002225727576941019,-0.35,0.41591126102911247,0.0008745548890962164,0.002321748651118009,0.25,0.1408668063118503,-5.2765166222340986e-05,0.0032320585360371737,0.15
393,"[0.3394900123, -0.347666073, 0.4158675333, 0.1408694446]","[-0.001230574525, 0.0001403469549, 0.0008753866491, -5.331710247e-05]","[0.001711125211, 0.002225724434, 0.002321728471, 0.00323199938]",0.0015176150458392783,0.005839060384556127,0.00023972027525192324,0.2681702962612021,0.3394900122526419,-0.0012305745247035865,0.0017111252107354104,0.55,-0.34766607304448527,0.00014034695490307161,0.0022257244338654797,-0.35,0.41586753328465764,0.0008753866490541867,0.0023217284711318105,0.25,0.14086944457016143,-5.33171024664172e-05,0.0032319993797590733,0.15
394,"[0.339551541, -0.3476730904, 0.415823764, 0.1408721104]","[-0.001229489906, 0.0001387092067, 0.0008761984964, -5.385855847e-05]","[0.001711118488, 0.002225721306, 0.002321708242, 0.003231940066]",0.0015170729127991667,0.005839319165529841,0.00023960759012906467,0.26809477330237674,0.3395515409788771,-0.0012294899061308963,0.0017111184875302356,0.55,-0.34767309039223043,0.00013870920673772277,0.002225721306118624,-0.35,0.41582376395220494,0.0008761984964135873,0.0023217082423843166,0.25,0.14087211042528475,-5.385855846519447e-05,0.0032319400659601514,0.15
395,"[0.3396130155, -0.3476800259, 0.415779954, 0.1408748034]","[-0.001228419998, 0.0001371025316, 0.0008769908057, -5.43897269e-05]","[0.001711111755, 0.002225718193, 0.002321687966, 0.003231880598]",0.0015165368146706018,0.005839565955030214,0.0002394947909381941,0.26801926779445384,0.3396130154741836,-0.0012284199975893394,0.0017111117548400322,0.55,-0.3476800258525673,0.00013710253157980467,0.0022257181934255852,-0.35,0.41577995402738427,0.0008769908056624583,0.00232168796599936,0.25,0.140874803353208,-5.4389726895648515e-05,0.0032318805982433497,0.15
396,"[0.3396744365, -0.347686881, 0.4157361045, 0.1408775228]","[-0.001227364525, 0.0001355263359, 0.0008777639443, -5.491079688e-05]","[0.001711105013, 0.002225715096, 0.002321667643, 0.00323182098]",0.001516006531481965,0.005839800960153853,0.00023938188067100998,0.26794377976025074,0.3396744364740631,-0.001227364525441319,0.0017111050129020177,0.55,-0.3476868809791463,0.0001355263359448832,0.0022257150955170206,-0.35,0.41573610448710113,0.0008777639442558307,0.0023216676430798154,0.25,0.1408775228395528,-5.491079687990239e-05,0.0032318209801434155,0.15
397,"[0.3397358047, -0.3476936573, 0.4156922163, 0.1408802684]","[-0.001226323221, 0.0001339800377, 0.0008785182727, -5.542195405e-05]","[0.001711098262, 0.002225712012, 0.002321647275, 0.003231761215]",0.0015154818513689729,0.005840024385016659,0.00023926886227748384,0.2678683092222205,0.33973580470033515,-0.0012263232211758251,0.0017110982619492417,0.55,-0.34769365729594354,0.0001339800376689263,0.0022257120121289757,-0.35,0.41569221628988834,0.0008785182727461679,0.0023216472747078685,0.25,0.1408802683793968,-5.5421954052531865e-05,0.003231761215127777,0.15
398,"[0.3397971209, -0.3477003563, 0.4156482904, 0.1408830395]","[-0.001225295821, 0.0001324630657, 0.0008792541449, -5.592338062e-05]","[0.001711091502, 0.002225708943, 0.002321626862, 0.003231701307]",0.0015149625702791157,0.00584023643077299,0.0002391557386660318,0.26779285620245225,0.33979712086139396,-0.0012252958213117458,0.0017110915022106549,0.55,-0.347700356297827,0.00013246306569217586,0.0022257089430027877,-0.35,0.415648290376251,0.0008792541449147376,0.002321626861945487,0.25,0.14088303947709943,-5.5923380623514965e-05,0.0032317013065981852,0.15
399,"[0.3398583857, -0.3477069795, 0.4156043277, 0.1408858356]","[-0.001224282067, 0.0001309748598, 0.0008799719079, -5.641525544e-05]","[0.001711084734, 0.002225705888, 0.002321606406, 0.003231641258]",0.001514448491686206,0.005840437295635837,0.00023904251270371961,0.2677174207226729,0.33985838565245957,-0.001224282067303554,0.001711084733911178,0.55,-0.34770697945111156,0.0001309748598480259,0.0022257058878849653,-0.35,0.4156043276690053,0.0008799719078985933,0.002321606405834747,0.25,0.1408858356461306,-5.641525544265081e-05,0.003231641257891708,0.15
400,"[0.3399195998, -0.3477135282, 0.4155603291, 0.1408886564]","[-0.001223281705, 0.0001295148707, 0.0008806719023, -5.689775406e-05]","[0.001711077957, 0.002225702847, 0.002321585907, 0.003231581072]",0.00151393942631485,0.005840627174898005,0.00023892918721647678,0.2676420028042482,0.33991959975582475,-0.0012232817054492386,0.0017110779572717485,0.55,-0.34771352819410395,0.00012951487065519256,0.0022257028465270754,-0.35,0.41556032907361035,0.0008806719023141667,0.002321585907398138,0.25,0.14088865640890275,-5.6897754061599905e-05,0.003231581072281865,0.15
401,"[0.3399807638, -0.3477200039, 0.4155162955, 0.1408915013]","[-0.001222294487, 0.0001280825591, 0.0008813544624, -5.737104879e-05]","[0.001711071173, 0.002225699819, 0.002321565368, 0.003231520753]",0.0015134351918757991,0.005840806260954385,0.0002388157649893298,0.2675666024681845,0.3399807638410972,-0.0012222944867983922,0.0017110711725094022,0.55,-0.3477200039376367,0.00012808255911428464,0.0022256998186856547,-0.35,0.4155162954784946,0.0008813544623824033,0.002321565367639044,0.25,0.14089150129660583,-5.737104879425449e-05,0.0032315207529801356,0.15
402,"[0.3400418786, -0.3477264081, 0.4154722278, 0.1408943698]","[-0.001221320167, 0.0001266773965, 0.000882019916, -5.783530878e-05]","[0.00171106438, 0.002225696804, 0.002321544788, 0.003231460303]",0.0015129356128097552,0.005840974743324933,0.00023870224876665734,0.26749121973513024,0.3400418785654371,-0.0012213201670637083,0.0017110643798373228,0.55,-0.3477264080655924,0.00012667739650792755,0.002225696804122096,-0.35,0.4154722277553755,0.0008820199160473495,0.0023215447875420078,0.25,0.14089436984904555,-5.7835308776770657e-05,0.0032314603031369247,0.15
403,"[0.3401029446, -0.3477327419, 0.4154281268, 0.1408972616]","[-0.001220358507, 0.0001252988642, 0.0008826685851, -5.829070003e-05]","[0.001711057579, 0.002225693803, 0.002321524168, 0.003231399726]",0.0015124405200409863,0.005841132808678455,0.00023858864125245202,0.26741585462537804,0.3401029445737903,-0.0012203585065334434,0.0017110575794649068,0.55,-0.3477327419354178,0.0001252988642051748,0.0022256938026025425,-0.35,0.41542812675957314,0.000882668585094401,0.002321524168073072,0.25,0.14089726161448438,-5.829070002714074e-05,0.003231399725842608,0.15
404,"[0.3401639625, -0.3477390069, 0.4153839933, 0.1409001761]","[-0.00121940927, 0.0001239464535, 0.0008833007853, -5.87373855e-05]","[0.001711050772, 0.002225690814, 0.00232150351, 0.003231339024]",0.001511949750739573,0.005841280640857262,0.00023847494511060476,0.2673405071588668,0.34016396249911696,-0.0012194092699853362,0.001711050771597824,0.55,-0.3477390068786281,0.0001239464534691248,0.002225690813897793,-0.35,0.4153839933303184,0.0008833007852663064,0.0023215035101801324,0.25,0.14090017614948575,-5.873738550224148e-05,0.0032313390241287825,0.15
405,"[0.340224933, -0.3477452042, 0.4153398283, 0.140903113]","[-0.001218472227, 0.0001226196653, 0.0008839168264, -5.917552515e-05]","[0.001711043956, 0.002225687838, 0.002321482815, 0.003231278201]",0.0015114631480925085,0.0058414184209024415,0.00023836116296519817,0.2672651773551835,0.34022493296261624,-0.0012184722266024822,0.001711043956438074,0.55,-0.3477452042013015,0.00012261966526845835,0.002225687837783209,-0.35,0.4153398282910551,0.0008839168263769283,0.0023214828147932708,0.25,0.14090311301876085,-5.917552515437605e-05,0.0032312782009693316,0.15
406,"[0.3402858566, -0.3477513352, 0.4152956324, 0.1409060718]","[-0.00121754715, 0.0001213180101, 0.0008845170124, -5.960527599e-05]","[0.001711037134, 0.002225684874, 0.002321462083, 0.003231217259]",0.001510980561082913,0.005841546327079657,0.00023824729740080865,0.2671898652335661,0.3402858565739464,-0.001217547149890466,0.0017110371341840511,0.55,-0.3477513351845649,0.0001213180100923569,0.0022256848740386213,-0.35,0.4152956324497362,0.0008845170124230536,0.0023214620828251134,0.25,0.14090607179501857,-5.960527598681681e-05,0.003231217259281655,0.15
407,"[0.3403467339, -0.3477574011, 0.4152514066, 0.1409090521]","[-0.001216633818, 0.0001200410078, 0.0008851016417, -6.002679211e-05]","[0.001711030305, 0.002225681922, 0.002321441315, 0.003231156202]",0.0015105018442769195,0.005841664534905694,0.00023813335096283127,0.26711457081290535,0.34034673393144094,-0.0012166338175966605,0.001711030305030597,0.55,-0.34775740108506953,0.00012004100776941311,0.0022256819224482256,-0.35,0.4152514065991151,0.0008851016416926138,0.00232144131517107,0.25,0.1409090520588179,-6.002679210897987e-05,0.0032311562019274056,0.15
408,"[0.3404075656, -0.3477634031, 0.4152071515, 0.1409120534]","[-0.001215732012, 0.0001187881873, 0.0008856710069, -6.044022479e-05]","[0.001711023469, 0.002225678983, 0.002321420513, 0.003231095032]",0.0015100268576188952,0.0058417732171753825,0.0002380193261578011,0.2670392941117476,0.3404075656223208,-0.0012157320116303668,0.0017110234691690574,0.55,-0.347763403135458,0.00011878818728947489,0.0022256789828004994,-0.35,0.41520715151703047,0.0008856710068730179,0.0023214205127096996,0.25,0.14091205339842336,-6.0440224789391085e-05,0.0032310950317137447,0.15
409,"[0.3404683522, -0.3477693425, 0.415162868, 0.1409150754]","[-0.001214841518, 0.0001175590866, 0.0008862253952, -6.084572251e-05]","[0.001711016627, 0.002225676055, 0.002321399676, 0.003231033751]",0.0015095554662337707,0.005841872543989027,0.00023790522545373693,0.26696403514829753,0.3404683522229023,-0.0012148415179844615,0.0017110166267873485,0.55,-0.3477693425448225,0.00011755908662893046,0.002225676054888125,-0.35,0.41516286796668683,0.0008862253951568653,0.002321399676303061,0.25,0.14091507540966283,-6.084572250780001e-05,0.0032310337513945064,0.15
410,"[0.3405290943, -0.3477752205, 0.4151185567, 0.1409181177]","[-0.001213962127, 0.0001163532526, 0.0008867650883, -6.124343101e-05]","[0.001711009778, 0.002225673139, 0.002321378807, 0.003230972364]",0.0015090875402363284,0.005841962682780278,0.00023779105128048247,0.2668887939404206,0.3405290942988015,-0.00121396212665936,0.0017110097780700005,0.55,-0.34777522049915394,0.00011635325257985243,0.0022256731385078827,-0.35,0.415118556696929,0.0008867650883439718,0.0023213788067969242,0.25,0.14091811769578821,-6.124343100785303e-05,0.0032309723636708668,0.15
411,"[0.3405897924, -0.3477810382, 0.4150742184, 0.1409211799]","[-0.001213093632, 0.0001151702406, 0.0008872903629, -6.163349335e-05]","[0.001711002923, 0.002225670233, 0.002321357905, 0.003230910871]",0.0015086229545476552,0.005842043798344373,0.00023767680603006643,0.2668135705056463,0.3405897924051345,-0.001213093631587513,0.001711002923198219,0.55,-0.3477810381617829,0.00011517024058173362,0.0022256702334605737,-0.35,0.4150742184425118,0.0008872903629433229,0.0023213579050211076,0.25,0.1409211798673386,-6.163349334710463e-05,0.0032309108711924737,0.15
412,"[0.3406504471, -0.3477867967, 0.4150298539, 0.1409242615]","[-0.001212235831, 0.0001140096146, 0.0008878014903, -6.201604995e-05]","[0.001710996062, 0.00222566734, 0.002321336972, 0.003230849277]",0.0015081615887186355,0.005842116052866729,0.0002375624920570612,0.2667383648611705,0.3406504470867139,-0.001212235830559376,0.001710996062349944,0.55,-0.347786796673812,0.00011400961455662755,0.002225667339550951,-0.35,0.41502985392436464,0.0008878014902736252,0.0023213369717898324,0.25,0.14092426154200596,-6.201604994611048e-05,0.0032308492765586385,0.15
413,"[0.3407110589, -0.3477924972, 0.4149854638, 0.1409273623]","[-0.001211388525, 0.0001128709467, 0.0008882987366, -6.239123864e-05]","[0.001710989196, 0.002225664457, 0.002321316008, 0.003230787582]",0.0015077033267588932,0.005842179605951652,0.00023744811167895514,0.2666631770238589,0.3407110588782418,-0.0012113885251516657,0.0017109891956998934,0.55,-0.34779249715453986,0.00011287094674780215,0.002225664456587614,-0.35,0.41498546384985097,0.0008882987365588919,0.002321316007901896,0.25,0.14092736234450326,-6.239123863842286e-05,0.0032307875823188565,0.15
414,"[0.3407716283, -0.3477981407, 0.4149410489, 0.1409304819]","[-0.001210551521, 0.0001117538176, 0.000888782363, -6.275919472e-05]","[0.001710982323, 0.002225661584, 0.002321295014, 0.003230725791]",0.0015072480569729544,0.0058422346146516915,0.00023733366717652567,0.2665880070102499,0.3407716283044994,-0.001210551520655776,0.0017109823234196264,0.55,-0.34779814070187726,0.00011175381756092326,0.0022256615843829495,-0.35,0.414941048913023,0.0008887823630257921,0.0023212950141410396,0.25,0.14093048190643517,-6.275919471745943e-05,0.0032307257909740747,0.15
415,"[0.3408321559, -0.3478037284, 0.4148966098, 0.1409336199]","[-0.001209724626, 0.0001106578154, 0.000889252626, -6.312005098e-05]","[0.001710975446, 0.002225658723, 0.002321273991, 0.003230663905]",0.0015067956718018993,0.005842281233496784,0.00023721916079422276,0.2665128548365577,0.34083215588053223,-0.0012097246260082384,0.0017109754456775894,0.55,-0.3478037283927553,0.00011065781540854573,0.0022256587227530438,-0.35,0.41489660979487175,0.0008892526259972417,0.0023212739912762035,0.25,0.14093361986617103,-6.312005098368508e-05,0.0032306639049775048,0.15
416,"[0.3408926421, -0.3478092613, 0.4148521472, 0.1409367759]","[-0.001208907654, 0.0001095825366, 0.000889709777, -6.347393779e-05]","[0.001710968563, 0.002225655872, 0.00232125294, 0.003230601927]",0.001506346067670745,0.0058423196145238575,0.00023710459474055119,0.26643772051867537,0.3408926421118326,-0.0012089076537225968,0.0017109685626391716,0.55,-0.34780926128352574,0.00010958253655759634,0.0022256558715176107,-0.35,0.4148521471635719,0.0008897097769840134,0.0023212529400617825,0.25,0.14093677586872022,-6.347393779105262e-05,0.003230601926735454,0.15
417,"[0.3409530875, -0.3478147404, 0.4148076617, 0.1409399496]","[-0.00120810042, 0.000108527585, 0.0008901540628, -6.382098309e-05]","[0.001710961674, 0.00222565303, 0.002321231861, 0.003230539859]",0.0015058991448415704,0.005842349907306437,0.00023698997118846326,0.2663626040721783,0.34095308749451875,-0.0012081004198221232,0.001710961674466752,0.55,-0.3478147404103536,0.00010852758497958841,0.0022256530304999144,-0.35,0.41480766167472266,0.0008901540627755777,0.0023212318612379026,0.25,0.14093994956560976,-6.382098309187678e-05,0.0032305398586082775,0.15
418,"[0.3410134925, -0.3478201668, 0.414763154, 0.1409431406]","[-0.001207302744, 0.0001074925722, 0.0008905857255, -6.416131248e-05]","[0.001710954781, 0.0022256502, 0.002321210756, 0.003230477703]",0.0015054548072722122,0.0058423722589845736,0.00023687529227575457,0.26628750551232744,0.34101349251550983,-0.0012073027437735715,0.0017109547813197574,0.55,-0.3478201667896026,0.0001074925722037541,0.0022256501995267077,-0.35,0.41476315397158386,0.0008905857255298678,0.0023212107555307324,0.25,0.14094314061476435,-6.416131248095939e-05,0.0032304777029113657,0.15
419,"[0.3410738577, -0.3478255414, 0.4147186247, 0.1409463487]","[-0.001206514448, 0.0001064771172, 0.0008910050029, -6.449504924e-05]","[0.001710947883, 0.002225647378, 0.002321189624, 0.003230415462]",0.0015050129624794909,0.005842386814294595,0.00023676056010545714,0.26621242485407226,0.3410738576526985,-0.0012065144484234378,0.001710947883354705,0.55,-0.34782554141821276,0.00010647711717324278,0.00222564737842814,-0.35,0.41471862468530735,0.0008910050028584468,0.0023211896236526473,0.25,0.14094634868038838,-6.449504924004599e-05,0.0032304154619156584,0.15
420,"[0.3411341834, -0.3478308653, 0.4146740744, 0.1409495734]","[-0.00120573536, 0.0001054808461, 0.0008914121279, -6.482231438e-05]","[0.001710940981, 0.002225644567, 0.002321168466, 0.003230353138]",0.001504573521407832,0.005842393715599124,0.00023664577674624174,0.2661373621120545,0.34113418337511964,-0.0012057353599341093,0.0017109409807252488,0.55,-0.3478308652740714,0.00010548084610345531,0.002225644567037706,-0.35,0.4146740744351644,0.0008914121279127011,0.0023211684663025354,0.25,0.1409495734328504,-6.482231437998112e-05,0.003230353137848752,0.15
421,"[0.3411944701, -0.3478361393, 0.4146295038, 0.1409528145]","[-0.001204965308, 0.0001045033923, 0.0008918073295, -6.514322668e-05]","[0.001710934074, 0.002225641765, 0.002321147284, 0.003230290733]",0.001504136398303302,0.005842393102917083,0.00023653094423282343,0.2660623173006115,0.3411944701431163,-0.0012049653077213017,0.001710934073582243,0.55,-0.3478361393163766,0.00010450339234378098,0.0022256417651921752,-0.35,0.4146295038287688,0.0008918073294691977,0.0023211472841660964,0.25,0.1409528145485694,-6.51432266824243e-05,0.0032302907328957227,0.15
422,"[0.3412547184, -0.3478413645, 0.4145849135, 0.1409560717]","[-0.001204204124, 0.0001035443962, 0.000892190832, -6.545790274e-05]","[0.001710927162, 0.002225638973, 0.002321126078, 0.003230228249]",0.001503701510590738,0.005842385113953662,0.0002364160645663619,0.2659872904337792,0.3412547184085024,-0.0012042041243938663,0.0017109271620737707,0.55,-0.3478413644859938,0.00010354439624132919,0.002225638972731516,-0.35,0.4145849134622953,0.0008921908320092313,0.0023211260779159738,0.25,0.1409560717099035,-6.545790274186326e-05,0.0032302282491997233,0.15
423,"[0.3413149286, -0.3478465417, 0.4145403039, 0.1409593446]","[-0.001203451646, 0.000102603505, 0.0008925628558, -6.576645701e-05]","[0.001710920246, 0.002225636189, 0.002321104848, 0.003230165689]",0.001503268778756993,0.005842369884130388,0.0002363011397148697,0.2659122815252962,0.3413149286147221,-0.0012034516456933422,0.001710920246345203,0.55,-0.34784654170580587,0.00010260350500773514,0.0022256361894988394,-0.35,0.41454030392069485,0.0008925628558015601,0.0023211048482120935,0.25,0.14095934460504062,-6.576645700520983e-05,0.0032301656888629893,0.15
424,"[0.3413751012, -0.3478516719, 0.4144956758, 0.1409626329]","[-0.00120270771, 0.0001016803726, 0.000892923617, -6.606900181e-05]","[0.001710913327, 0.002225633415, 0.002321083596, 0.003230103054]",0.0015028381262375428,0.005842347546615047,0.00023618617161362093,0.2658372905886069,0.3413751011970068,-0.0012027077104351182,0.0017109133265392454,0.55,-0.34785167188105626,0.00010168037258819393,0.0022256334153403366,-0.35,0.41449567577790475,0.000892923616981315,0.0023210835957018705,0.25,0.14096263292789088,-6.606900181186704e-05,0.003230103053947546,0.15
425,"[0.3414352366, -0.3478567559, 0.4144510296, 0.1409659364]","[-0.00120197216, 0.0001007746595, 0.0008932733276, -6.636564743e-05]","[0.001710906403, 0.00222563065, 0.002321062321, 0.003230040346]",0.001502409479307389,0.005842318232351661,0.00023607116216555794,0.2657623176368647,0.34143523658252856,-0.0012019721604512757,0.0017109064027959755,0.55,-0.3478567558996857,0.0001007746595332984,0.002225630650105206,-0.35,0.4144510295970557,0.0008932733276268499,0.002321062321020415,0.25,0.14096593637798147,-6.636564743294858e-05,0.0032300403464758554,0.15
426,"[0.3414953352, -0.3478617946, 0.4144063659, 0.1409692547]","[-0.001201244841, 9.988603287e-05, 0.0008936121958, -6.665650211e-05]","[0.001710899475, 0.002225627894, 0.002321041025, 0.003229977568]",0.0015019827669758873,0.005842282070090318,0.00023595611324170253,0.26568736268293586,0.34149533519055114,-0.0012012448405338643,0.001710899475252893,0.55,-0.34786179463266237,9.988603287295491e-05,0.0022256278936455963,-0.35,0.41440636593067437,0.0008936121958359555,0.002321041024790747,0.25,0.14096925466035312,-6.66565021093852e-05,0.0032299775684315746,0.15
427,"[0.3415553974, -0.3478667889, 0.4143616853, 0.1409725875]","[-0.001200525598, 9.901416599e-05, 0.0008939404258, -6.694167209e-05]","[0.001710892544, 0.002225625146, 0.002321019708, 0.003229914722]",0.0015015579208863127,0.005842239186417005,0.00023584102668156178,0.2656124257394031,0.34155539743257785,-0.001200525598378879,0.001710892544044967,0.55,-0.347866788934306,9.901416599278318e-05,0.002225625145816563,-0.35,0.4143616853208826,0.0008939404258026514,0.0023210197076241387,0.25,0.1409725874854586,-6.69416720883827e-05,0.003229914721760642,0.15
428,"[0.3416154237, -0.3478717396, 0.4143169883, 0.1409759346]","[-0.001199814285, 9.815873851e-05, 0.0008942582179, -6.722126166e-05]","[0.001710885609, 0.002225622406, 0.00232099837, 0.003229851808]",0.0015011348752175862,0.005842189705783183,0.00023572590429354055,0.2655375068185686,0.3416154237124968,-0.0011998142845325215,0.0017108856093046734,0.55,-0.34787173964260565,9.8158738513121e-05,0.002225622406475987,-0.35,0.41431698829959246,0.000894258217888071,0.002320998370120191,0.25,0.14097593456906302,-6.722126166173628e-05,0.003229851808371528,0.15
429,"[0.3416754144, -0.3478766476, 0.4142722754, 0.1409792956]","[-0.001199110752, 9.731943617e-05, 0.0008945657687, -6.74953732e-05]","[0.001710878671, 0.002225619675, 0.002320977013, 0.00322978883]",0.0015007135665907215,0.005842133750535379,0.00023561074785534742,0.2654626059324579,0.34167541442672344,-0.001199110752337518,0.0017108786711620403,0.55,-0.3478766475795313,9.731943617032893e-05,0.0022256196754845215,-0.35,0.41427227538869804,0.0008945657686932995,0.0023209770128670842,0.25,0.1409792956321461,-6.749537320180494e-05,0.0032297888301360124,0.15
430,"[0.34173537, -0.3478815136, 0.4142275471, 0.1409826704]","[-0.001198414858, 9.64959507e-05, 0.0008948632711, -6.77641072e-05]","[0.00171087173, 0.002225616953, 0.002320955636, 0.003229725789]",0.001500293933978813,0.005842071440944758,0.00023549555911440506,0.2653877230928233,0.34173536996434034,-0.0011984148578803274,0.0017108717297446949,0.55,-0.34788151355133984,9.649595069978444e-05,0.0022256169527055535,-0.35,0.4142275471002634,0.0008948632711313028,0.0023209556364418783,0.25,0.14098267040080617,-6.776410719567556e-05,0.003229725788890249,0.15
431,"[0.3417952907, -0.3478863383, 0.4141828039, 0.1409860586]","[-0.00119772646, 9.568797972e-05, 0.0008951509145, -6.802756228e-05]","[0.001710864785, 0.002225614238, 0.002320934241, 0.003229662686]",0.0014998759186193192,0.00584200289523614,0.0002353803397882548,0.2653128583111476,0.34179529070723436,-0.001197726459940313,0.0017108647851778978,0.55,-0.34788633834887484,9.568797972181555e-05,0.0022256142380051263,-0.35,0.4141828039367068,0.0008951509144941969,0.002320934241410602,0.25,0.14098605860616595,-6.802756228141975e-05,0.0032296626864349903,0.15
432,"[0.341855177, -0.3478911227, 0.4141380464, 0.14098946]","[-0.00119704542, 9.489522663e-05, 0.0008954288845, -6.828583528e-05]","[0.001710857838, 0.002225611531, 0.002320912828, 0.003229599525]",0.0014994594639306318,0.005841928229617341,0.0002352650915649645,0.265238011598647,0.3418551770302314,-0.0011970454199387783,0.0017108578375845875,0.55,-0.34789112274786094,9.489522662947291e-05,0.0022256115312519003,-0.35,0.4141380463909821,0.000895428884522698,0.0023209128283285248,0.25,0.14098945998428003,-6.828583528162683e-05,0.0032295995245364842,0.15
433,"[0.3419150293, -0.3478958675, 0.4140932749, 0.1409928743]","[-0.001196371602, 9.411740048e-05, 0.0008956973635, -6.853902124e-05]","[0.001710850887, 0.002225608832, 0.002320891398, 0.003229536305]",0.0014990445154311842,0.005841847558307925,0.00023514981610353095,0.2651631829662753,0.3419150293012283,-0.0011963716018897222,0.0017108508870854204,0.55,-0.34789586750919244,9.411740047825956e-05,0.002225608832317096,-0.35,0.41409327494675596,0.0008956973634723151,0.0023208913977403466,0.25,0.14099287427604412,-6.853902123675521e-05,0.003229536304927142,0.15
434,"[0.3419748479, -0.3479005734, 0.4140484901, 0.1409963012]","[-0.001195704872, 9.335421588e-05, 0.0008959565302, -6.878721344e-05]","[0.001710843934, 0.002225606141, 0.00232086995, 0.003229473029]",0.0014986310206617215,0.005841760993568145,0.0002350345150342858,0.26508837242472677,0.34197484788132276,-0.0011957048723508746,0.001710843933798815,0.55,-0.34790057337921637,9.335421587849715e-05,0.0022256061410744457,-0.35,0.41404849007858235,0.0008959565301793662,0.002320869950180403,0.25,0.14099630122710596,-6.878721343849862e-05,0.003229473029306117,0.15
435,"[0.3420346331, -0.3479052411, 0.4140036923, 0.1409997406]","[-0.0011950451, 9.260539289e-05, 0.0008962065601, -6.903050346e-05]","[0.001710836978, 0.002225603457, 0.002320848486, 0.003229409699]",0.001498218929110237,0.0058416686457273635,0.00023491918995929297,0.26501357998444014,0.3420346331249403,-0.001195045100376434,0.0017108369778409845,0.55,-0.3479052410900103,9.260539288921487e-05,0.0022256034574001365,-0.35,0.4140036922520734,0.0008962065601244701,0.002320848486172833,0.25,0.1409997405877779,-6.90305034618946e-05,0.0032294096993399153,0.15
436,"[0.3420943854, -0.3479098714, 0.4139588819, 0.1410031921]","[-0.001194392157, 9.187065691e-05, 0.0008964476255, -6.92689812e-05]","[0.001710830019, 0.002225600781, 0.002320827006, 0.003229346317]",0.001497808192139731,0.005841570623212474,0.00023480384245275118,0.26493880565560196,0.3420943853799591,-0.001194392157470345,0.0017108300193259729,0.55,-0.3479098713596548,9.187065691425236e-05,0.0022256007811727596,-0.35,0.41395888192406716,0.0008964476254953638,0.002320827006231752,0.25,0.14100319211295098,-6.926898119715672e-05,0.003229346316662951,0.15
437,"[0.342154105, -0.3479144649, 0.4139140595, 0.1410066556]","[-0.001193745918, 9.11497386e-05, 0.0008966798953, -6.950273488e-05]","[0.001710823058, 0.002225598112, 0.002320805511, 0.003229282883]",0.001497398762919152,0.005841467032576067,0.0002346884740613865,0.26486404944814973,0.34215410498783266,-0.0011937459175395515,0.0017108230583657092,0.55,-0.3479144648925005,9.114973860051017e-05,0.0022255981122732784,-0.35,0.41391405954279237,0.0008966798952506199,0.0023208055108615293,0.25,0.14100665556201084,-6.950273488041631e-05,0.003229282882878408,0.15
438,"[0.3422137923, -0.3479190224, 0.4138692255, 0.1410101307]","[-0.001193106257, 9.044237374e-05, 0.0008969035352, -6.973185112e-05]","[0.001710816095, 0.002225595451, 0.002320784001, 0.0032292194]",0.001496990596355944,0.005841357978524301,0.00023457308630485147,0.26478931137177586,0.34221379228370963,-0.0011931062568499374,0.001710816095070025,0.55,-0.3479190223794305,9.044237373770005e-05,0.0022255954505849655,-0.35,0.41386922554802985,0.0008969035351781663,0.0023207840005568764,0.25,0.14101013069875484,-6.973185112453218e-05,0.003229219399558605,0.15
439,"[0.3422734476, -0.3479235445, 0.4138243804, 0.1410136173]","[-0.001192473054, 8.974830316e-05, 0.000897118708, -6.995641495e-05]","[0.00171080913, 0.002225592796, 0.002320762476, 0.003229155868]",0.0014965836490318494,0.005841243563944642,0.00023445768067611474,0.2647145914359304,0.34227344759655215,-0.0011924730539815977,0.0017108091295467021,0.55,-0.3479235444981174,8.974830316060875e-05,0.002225592795993356,-0.35,0.41382438037127095,0.0008971187079559355,0.002320762475803054,0.25,0.14101361729131107,-6.995641494924882e-05,0.003229155868245567,0.15
440,"[0.3423330712, -0.3479280319, 0.4137795244, 0.1410171151]","[-0.00119184619, 8.906727265e-05, 0.0008973255732, -7.017650981e-05]","[0.001710802162, 0.002225590148, 0.002320740937, 0.00322909229]",0.0014961778791408244,0.005841123889933256,0.00023434225864184854,0.26463988964982543,0.3423330712492512,-0.0011918461897855762,0.001710802161901508,0.55,-0.3479280319132754,8.906727265265145e-05,0.0022255901483862143,-0.35,0.4137795244358732,0.000897325573210202,0.002320740937076077,0.25,0.14101711511205853,-7.017650981019234e-05,0.003229092290451775,0.15
441,"[0.3423926636, -0.3479324853, 0.4137346582, 0.1410206239]","[-0.001191225547, 8.839903285e-05, 0.0008975242876, -7.039221763e-05]","[0.001710795192, 0.002225587508, 0.002320719385, 0.003229028668]",0.001495773246429228,0.005840999055822281,0.00023422682164282125,0.2645652060224374,0.3423926635587405,-0.001191225547341078,0.0017107951922382327,0.55,-0.34793248527690807,8.839903285158992e-05,0.0022255875076534833,-0.35,0.41373465815721266,0.0008975242875731579,0.0023207193848428804,0.25,0.14102062393754905,-7.039221762794893e-05,0.003229028667660661,0.15
442,"[0.3424522248, -0.3479369052, 0.4136897819, 0.1410241435]","[-0.001190611012, 8.774333916e-05, 0.0008977150047, -7.060361882e-05]","[0.001710788221, 0.002225584874, 0.00232069782, 0.003228965001]",0.0014953697121379472,0.005840869159206753,0.00023411137109427275,0.2644905405625112,0.34245222483610754,-0.0011906110119144027,0.0017107882206587133,0.55,-0.34793690522855064,8.774333915717232e-05,0.002225584873687227,-0.35,0.413689781942834,0.0008977150047376753,0.002320697819561404,0.25,0.14102414354843046,-7.060361881712723e-05,0.0032289650013268526,0.15
443,"[0.3425117554, -0.3479412924, 0.4136448962, 0.1410276737]","[-0.001190002471, 8.709995164e-05, 0.0008978978755, -7.081079231e-05]","[0.001710781247, 0.002225582246, 0.002320676242, 0.003228901293]",0.0014949672389475259,0.005840734295971355,0.0002339959083863037,0.2644158932785633,0.34251175538670325,-0.0011900024709170108,0.0017107812472628842,0.55,-0.3479412923955085,8.709995163982287e-05,0.0022255822463816176,-0.35,0.41364489619259714,0.0008978978755149341,0.0023206762416809116,0.25,0.1410276737293713,-7.081079231237374e-05,0.003228901292877324,0.15
444,"[0.3425712555, -0.3479456474, 0.4136000013, 0.1410312143]","[-0.001189399814, 8.646863495e-05, 0.0008980730479, -7.10138156e-05]","[0.001710774272, 0.002225579626, 0.002320654652, 0.003228837544]",0.00149456579092428,0.00584059456031683,0.00023388043488424364,0.2643412641788851,0.3425712555102491,-0.0011893998138660558,0.0017107742721488002,0.55,-0.3479456473930905,8.64686349520761e-05,0.0022255796256328672,-0.35,0.4136000012988214,0.0008980730478865862,0.002320654651642029,0.25,0.14103121426898693,-7.10138155976168e-05,0.003228837543711377,0.15
445,"[0.3426307255, -0.3479499708, 0.4135550976, 0.141034765]","[-0.001188802932, 8.584915824e-05, 0.0008982406671, -7.121276473e-05]","[0.001710767295, 0.002225577011, 0.00232063305, 0.003228773755]",0.001494165333469,0.005840450044786122,0.00023376495192903638,0.2642666532715459,0.34263072550094237,-0.0011888029323445762,0.0017107672954126717,0.55,-0.3479499708248381,8.584915824097562e-05,0.0022255770113392,-0.35,0.41355509764642706,0.000898240667058686,0.0023206330498769592,0.25,0.1410347649597668,-7.121276473180839e-05,0.003228773755201418,0.15
446,"[0.3426901656, -0.3479542633, 0.4135101856, 0.1410383256]","[-0.00118821172, 8.524129506e-05, 0.0008984008755, -7.140771438e-05]","[0.001710760317, 0.002225574403, 0.002320611437, 0.003228709929]",0.0014937658332675365,0.005840300840290441,0.00023364946083760196,0.26419206056439687,0.3426901656475596,-0.001188211719962789,0.0017107603171489032,0.55,-0.34795426328275014,8.524129506232111e-05,0.00222557440340081,-0.35,0.4135101856130741,0.0008984008755140073,0.002320611436809637,0.25,0.1410383255980034,-7.14077143752119e-05,0.003228709928693446,0.15
447,"[0.3427495762, -0.3479585253, 0.4134652656, 0.141041896]","[-0.001187626072, 8.46448233e-05, 0.0008985538131, -7.159873782e-05]","[0.001710753337, 0.002225571802, 0.002320589813, 0.003228646066]",0.0014933672582430387,0.005840147036134695,0.00023353396290320765,0.26411748606507374,0.34274957623355773,-0.0011876260723202886,0.0017107533374501173,0.55,-0.34795852534750327,8.464482329667858e-05,0.002225571801719822,-0.35,0.4134652655692984,0.0008985538130627999,0.0023205898128558834,0.25,0.14104189598372216,-7.15987378156377e-05,0.0032286460655075464,0.15
448,"[0.3428089575, -0.3479627576, 0.4134203379, 0.1410454759]","[-0.001187045887, 8.405952507e-05, 0.0008986996169, -7.178590699e-05]","[0.001710746356, 0.002225569206, 0.002320568178, 0.003228582167]",0.0014929695775098833,0.005839988720042995,0.0002334184593958322,0.2640429297810001,0.3428089575371737,-0.0011870458869686499,0.0017107463564071924,0.55,-0.3479627575886681,8.405952506690323e-05,0.002225569206200249,-0.35,0.4134203378786453,0.000898699616892905,0.002320568178423526,0.25,0.14104547592061295,-7.17859069938016e-05,0.003228582166938273,0.15
449,"[0.3428683098, -0.3479669606, 0.4133754029, 0.1410490652]","[-0.001186471063, 8.348518666e-05, 0.0008988384216, -7.196929253e-05]","[0.001710739374, 0.002225566617, 0.002320546534, 0.003228518234]",0.0014925727613296646,0.005839825978183702,0.00023330295156252757,0.2639683917193907,0.34286830983152217,-0.0011864710633748006,0.001710739374109291,0.55,-0.3479669605649215,8.348518665719322e-05,0.002225566616747959,-0.35,0.41337540289780067,0.0008988384216194841,0.002320546533912594,0.25,0.14104906521596264,-7.196929252770391e-05,0.0032285182342552776,0.15
450,"[0.3429276334, -0.3479711348, 0.413330461, 0.1410526637]","[-0.001185901503, 8.292159843e-05, 0.0008989703593, -7.214896374e-05]","[0.001710732391, 0.002225564033, 0.00232052488, 0.003228454269]",0.001492176781068622,0.0058396588951941915,0.00023318744062777192,0.26389387188725466,0.3429276333846909,-0.0011859015028852376,0.0017107323906438928,0.55,-0.34797113482425435,8.29215984335594e-05,0.002225564033270646,-0.35,0.4133304609767197,0.0008989703593332453,0.0023205248797154685,0.25,0.14105266368058902,-7.214896373703518e-05,0.0032284542687038556,0.15
451,"[0.3429869285, -0.3479752809, 0.4132855125, 0.1410562711]","[-0.001185337109, 8.236855477e-05, 0.0008990955596, -7.232498867e-05]","[0.001710725406, 0.002225561456, 0.002320503216, 0.003228390272]",0.00149178160915634,0.005839487554205447,0.0002330719277938291,0.2638193702913984,0.34298692845983514,-0.0011853371086907438,0.0017107254060968232,0.55,-0.347975280904176,8.236855476643747e-05,0.002225561455677773,-0.35,0.41328551245875306,0.0008990955596473556,0.0023205032162169625,0.25,0.1410562711287759,-7.23249886681191e-05,0.0032283902715050643,0.15
452,"[0.3430461953, -0.3479793993, 0.4132405577, 0.1410598874]","[-0.001184777786, 8.182585395e-05, 0.0008992141497, -7.249743412e-05]","[0.001710718421, 0.002225558884, 0.002320481544, 0.003228326244]",0.001491387219046505,0.005839312036866207,0.00023295641424109247,0.263744886938429,0.3430461953152697,-0.0011847777857919134,0.001710718420552284,0.55,-0.34797939933191435,8.182585395373114e-05,0.002225558883880556,-0.35,0.41324055768077067,0.0008992141497444296,0.002320481543794524,0.25,0.1410598873782093,-7.249743411614133e-05,0.0032283262438565353,0.15
453,"[0.3431054342, -0.3479834906, 0.413195597, 0.1410635122]","[-0.001184223441, 8.129329815e-05, 0.0008993262544, -7.266636565e-05]","[0.001710711434, 0.002225556318, 0.002320459863, 0.003228262187]",0.0014909935851787517,0.00583913242336702,0.00023284090112843335,0.26367042183475714,0.3431054342045593,-0.0011842234409652058,0.00171071143409288,0.55,-0.34798349062461204,8.12932981463702e-05,0.0022255563177919187,-0.35,0.41319559697328345,0.0008993262544219133,0.0023204598628183424,0.25,0.1410635122499151,-7.266636564913139e-05,0.0032282621869327214,0.15
454,"[0.3431646454, -0.3479875553, 0.4131506307, 0.1410671456]","[-0.001183673983, 8.077069327e-05, 0.0008994319961, -7.283184763e-05]","[0.001710704447, 0.002225553757, 0.002320438174, 0.003228198102]",0.0014906006829422977,0.005838948792463794,0.00023272538959354474,0.26359597498660003,0.34316464537660757,-0.0011836739827294925,0.0017107044467996532,0.55,-0.34798755528951936,8.077069327456815e-05,0.0022255537573264675,-0.35,0.41315063066056235,0.000899431996137614,0.0023204381736515235,0.25,0.14106714556819755,-7.283184762999047e-05,0.0032281981018854695,0.15
455,"[0.3432238291, -0.3479915938, 0.4131056591, 0.1410707872]","[-0.001183129321, 8.025784898e-05, 0.0008995314951, -7.299394324e-05]","[0.001710697459, 0.002225551202, 0.002320416477, 0.00322813399]",0.0014902084886402622,0.005838761221501246,0.00023260988075327825,0.26352154639998465,0.34322382907574406,-0.0011831293213138304,0.0017106974587521053,0.55,-0.3479915938241831,8.025784897569972e-05,0.002225551202400451,-0.35,0.41310565906075547,0.0008995314950523797,0.0023204164766501734,0.25,0.14107078716057905,-7.29939432391059e-05,0.0032281339898443577,0.15
456,"[0.3432829855, -0.3479956067, 0.4130606825, 0.1410744369]","[-0.001182589369, 7.975457852e-05, 0.0008996248691, -7.31527145e-05]","[0.00171069047, 0.002225548653, 0.002320394772, 0.003228069852]",0.001489816979455951,0.0058385697864358965,0.00023249437570397547,0.26344713608075065,0.34328298554180975,-0.0011825893686250193,0.0017106904700282279,0.55,-0.3479956067166319,7.975457852384674e-05,0.0022255486529317273,-0.35,0.41306068248600286,0.0008996248690741343,0.002320394772163548,0.25,0.14107443685774101,-7.315271449619637e-05,0.003228069851917071,0.15
457,"[0.343342115, -0.3479995944, 0.4130157012, 0.1410780945]","[-0.001182054038, 7.926069876e-05, 0.0008997122339, -7.330822228e-05]","[0.001710683481, 0.002225546109, 0.002320373061, 0.003228005689]",0.0014894261334202458,0.005838374561858936,0.00023237887552180478,0.26337274403455324,0.343342115010241,-0.0011820540382164655,0.0017106834807045313,0.55,-0.34799959444555806,7.926069876017751e-05,0.002225546108839736,-0.35,0.41301570124254916,0.0008997122338999831,0.002320373060534202,0.25,0.1410780944934658,-7.330822228154939e-05,0.0032280056891899702,0.15
458,"[0.3434012177, -0.3480035575, 0.4129707156, 0.1410817599]","[-0.001181523245, 7.877603002e-05, 0.0008997937031, -7.346052636e-05]","[0.001710676491, 0.00222554357, 0.002320351342, 0.003227941503]",0.0014890359293800008,0.005838175621018728,0.00023226338126308262,0.26329837026686603,0.3434012177121518,-0.0011815232452569537,0.0017106764908560715,0.55,-0.34800355748049605,7.877603002487929e-05,0.0022255435700454726,-0.35,0.41297071563085413,0.0008997937030580719,0.002320351342098112,0.25,0.14108175990457988,-7.346052635667903e-05,0.003227941502728456,0.15
459,"[0.3434602939, -0.3480074963, 0.4129257259, 0.1410854329]","[-0.001180996907, 7.830039609e-05, 0.0008998693879, -7.360968539e-05]","[0.001710669501, 0.002225541036, 0.002320329617, 0.003227877294]",0.0014886463469675232,0.005837973035842953,0.00023214789396459887,0.2632240147829842,0.3434602938744147,-0.0011809969065010365,0.0017106695005564688,0.55,-0.3480074962819973,7.830039609068322e-05,0.002225541036471438,-0.35,0.4129257259457012,0.0008998693879470237,0.0023203296171847403,0.25,0.14108543293089773,-7.360968538599165e-05,0.00322787729357717,0.15
460,"[0.3435193437, -0.3480114113, 0.4128807325, 0.1410891134]","[-0.00118047494, 7.78336241e-05, 0.0008999393979, -7.375575696e-05]","[0.00171066251, 0.002225538508, 0.002320307886, 0.003227813063]",0.001488257366571885,0.005837766876960543,0.00023203241464393577,0.2631496775880271,0.34351934371973974,-0.0011804749402585582,0.0017106625098779473,0.55,-0.3480114113018018,7.783362409714119e-05,0.002225538508041633,-0.35,0.41288073247630386,0.0008999393978778759,0.0023203078861172583,0.25,0.14108911341516703,-7.375575695596178e-05,0.0032278130627606933,0.15
461,"[0.3435783675, -0.348015303, 0.4128357355, 0.1410928012]","[-0.001179957266, 7.737554449e-05, 0.0009000038401, -7.38987976e-05]","[0.001710655519, 0.002225535985, 0.002320286149, 0.003227748811]",0.0014878689693102846,0.005837557213723344,0.00023191694429978093,0.2630753586869412,0.3435783674667527,-0.0011799572663662304,0.0017106555188913487,0.55,-0.34801530298300665,7.737554448640611e-05,0.0022255359846815115,-0.35,0.41283573550640995,0.0009000038401114381,0.0023202861492125746,0.25,0.14109280120301482,-7.389879759562118e-05,0.003227748811283704,0.15
462,"[0.3436373653, -0.3480191718, 0.4127907353, 0.1410964961]","[-0.001179443806, 7.692599094e-05, 0.0009000628199, -7.40388628e-05]","[0.001710648528, 0.002225533466, 0.002320264407, 0.00322768454]",0.001487481137001385,0.0058373441142274395,0.00023180148391224075,0.2630010580845028,0.343637365330071,-0.001179443806158458,0.0017106485276661633,0.55,-0.34801917176023095,7.69259909403619e-05,0.0022255334663179617,-0.35,0.41279073531440436,0.0009000628198982195,0.0023202644067815198,0.25,0.1410964961428946,-7.403886279577434e-05,0.0032276845401314974,0.15
463,"[0.3436963375, -0.3480230181, 0.4127457322, 0.1411001981]","[-0.001178934482, 7.648480032e-05, 0.0009001164405, -7.417600703e-05]","[0.001710641536, 0.002225530953, 0.002320242659, 0.00322762025]",0.0014870938521389144,0.005837127645334193,0.0002316860344431456,0.26292677578532075,0.3436963375203789,-0.0011789344824396867,0.0017106415362705522,0.55,-0.348023018059778,7.648480031868507e-05,0.0022255309528792706,-0.35,0.41274573217340943,0.0009001164405151,0.002320242659128903,0.25,0.14110019808603438,-7.417600702829003e-05,0.0032276202502702013,0.15
464,"[0.3437552842, -0.3480268423, 0.4127007264, 0.1411039069]","[-0.001178429219, 7.60518126e-05, 0.0009001648033, -7.431028376e-05]","[0.001710634545, 0.002225528444, 0.002320220907, 0.003227555943]",0.001486707097866886,0.005836907872691012,0.00023157059683635384,0.26285251179383934,0.3437552842445009,-0.0011784292194566583,0.001710634544771375,0.55,-0.3480268422997939,7.605181259835402e-05,0.0022255284442951034,-0.35,0.41270072635138366,0.0009001648033031674,0.0023202209065536763,0.25,0.1411039068863858,-7.431028376492844e-05,0.003227555942647298,0.15
465,"[0.3438142057, -0.3480306449, 0.4126557181, 0.1411076224]","[-0.001177927943, 7.562687081e-05, 0.0009002080077, -7.44417455e-05]","[0.001710627553, 0.00222552594, 0.002320199149, 0.003227491618]",0.0014863208579552335,0.005836684860751793,0.0002314551720180505,0.2627782661143407,0.3438142057054738,-0.0011779279428714938,0.0017106275532342082,0.55,-0.34803064489042385,7.56268708139082e-05,0.002225525940496472,-0.35,0.4126557181112185,0.000900208007703669,0.0023201991493490225,0.25,0.14110762240057403,-7.444174549538434e-05,0.003227491618191941,0.15
466,"[0.3438731021, -0.3480344262, 0.4126107077, 0.1411113445]","[-0.00117743058, 7.5209821e-05, 0.0009002461513, -7.457044375e-05]","[0.001710620562, 0.002225523441, 0.002320177388, 0.003227427278]",0.001485935116776379,0.00583645867279722,0.00023133976089704215,0.26270403875094783,0.34387310210261735,-0.001177430579735418,0.0017106205617233694,0.55,-0.3480344262339645,7.520982099957085e-05,0.002225523441415702,-0.35,0.4126107077108333,0.0009002461512929802,0.0023201773878024153,0.25,0.14111134448784882,-7.457044374641806e-05,0.003227427277815061,0.15
467,"[0.3439319736, -0.3480381867, 0.4125656954, 0.141115073]","[-0.001176937058, 7.480051213e-05, 0.0009002793298, -7.46964291e-05]","[0.00171061357, 0.002225520947, 0.002320155622, 0.003227362922]",0.0014855498592834728,0.005836229370954527,0.0002312243643650486,0.26262982970762694,0.3439319736316041,-0.0011769370584619264,0.0017106135703019506,0.55,-0.3480381867250145,7.480051213136867e-05,0.0022255209469864328,-0.35,0.41256569540326865,0.0009002793298199446,0.002320155622195868,0.25,0.14111507301003615,-7.469642909784966e-05,0.0032273629224102846,0.15
468,"[0.3439908205, -0.3480419268, 0.4125206814, 0.1411188078]","[-0.001176447309, 7.439879607e-05, 0.0009003076372, -7.48197512e-05]","[0.001710606579, 0.002225518457, 0.002320133853, 0.003227298553]",0.0014851650709880066,0.005835997016217213,0.00023110898329698891,0.26255563898819007,0.3439908204845272,-0.0011764473088024111,0.0017106065790318235,0.55,-0.34804192675062107,7.43987960717157e-05,0.0022255184571435536,-0.35,0.41252068143677767,0.0009003076372371393,0.0023201338528058587,0.25,0.14111880783149103,-7.481975120203465e-05,0.00322729855285357,0.15
469,"[0.3440496428, -0.3480456467, 0.4124756661, 0.1411225488]","[-0.001175961262, 7.400452751e-05, 0.0009003311657, -7.49404588e-05]","[0.001710599588, 0.002225515972, 0.00232011208, 0.00322723417]",0.0014847807379396647,0.0058357616684643725,0.0002309936185512691,0.2624814665962977,0.34404964284996736,-0.0011759612618202125,0.0017105995879736758,0.55,-0.34804564669042465,7.40045275136872e-05,0.002225515971823214,-0.35,0.4124756660549158,0.0009003311657369762,0.0023201120799035786,0.25,0.14112254881905112,-7.494045879924778e-05,0.003227234170004113,0.15
470,"[0.3441084409, -0.3480493469, 0.4124306495, 0.1411262958]","[-0.00117547885, 7.361756393e-05, 0.0009003500058, -7.505859974e-05]","[0.001710592597, 0.002225513491, 0.002320090304, 0.003227169775]",0.0014843968467059116,0.005835523386479728,0.00023087827097005283,0.2624073125354612,0.34410844091305837,-0.0011754788498666172,0.0017105925971870265,0.55,-0.34804934691680034,7.361756392753422e-05,0.002225513490962772,-0.35,0.41243064949662894,0.0009003500057831832,0.00232009030375493,0.25,0.14112629584199107,-7.505859973584294e-05,0.003227169774704245,0.15
471,"[0.3441672149, -0.3480530278, 0.412385632, 0.1411300488]","[-0.001175000007, 7.323776551e-05, 0.0009003642461, -7.517422098e-05]","[0.001710585607, 0.002225511015, 0.002320068525, 0.003227105368]",0.0014840133843531127,0.005835282227970523,0.0002307629413795494,0.2623331768090454,0.3441672148555517,-0.0011750000065562408,0.0017105856067302489,0.55,-0.3480530277949967,7.323776550737508e-05,0.002225511014500793,-0.35,0.41238563199633976,0.0009003642461446394,0.0023200685246207065,0.25,0.14113004877197788,-7.51742209796378e-05,0.003227105367780078,0.15
472,"[0.3442259649, -0.3480566897, 0.4123406138, 0.1411338075]","[-0.001174524667, 7.286499512e-05, 0.0009003739739, -7.528736864e-05]","[0.001710578617, 0.002225508542, 0.002320046743, 0.00322704095]",0.0014836303384275714,0.005835038249585874,0.00023064763059027157,0.2622590594202711,0.3442259648558795,-0.0011745246667438894,0.0017105786166605917,0.55,-0.3480566896832721,7.286499511926905e-05,0.002225508542377007,-0.35,0.41234061378403253,0.0009003739739257588,0.0023200467427566276,0.25,0.14113380748302687,-7.528736863692166e-05,0.0032270409500415966,0.15
473,"[0.3442846911, -0.3480603329, 0.4122955951, 0.1411375719]","[-0.001174052767, 7.249911825e-05, 0.0009003792746, -7.539808797e-05]","[0.001710571627, 0.002225506075, 0.002320024958, 0.003226976522]",0.0014832476969380548,0.005834791506935168,0.0002305323393973168,0.2621849603722174,0.34428469108921667,-0.0011740527665010624,0.0017105716270341973,0.55,-0.348060332933028,7.249911825030198e-05,0.002225506074532301,-0.35,0.41229559508533625,0.0009003792745987578,0.0023200249584134696,0.25,0.14113757185145873,-7.539808796772752e-05,0.0032269765222830795,0.15
474,"[0.3443433937, -0.3480639579, 0.4122505761, 0.1411413418]","[-0.001173584243, 7.214000296e-05, 0.000900380232, -7.55064234e-05]","[0.001710564638, 0.002225503611, 0.002320003172, 0.003226912085]",0.0014828654483383667,0.005834542054605871,0.00023041706858061933,0.26211087966782387,0.3443433937275417,-0.0011735842430931685,0.0017105646379061274,0.55,-0.3480639578889405,7.214000295843067e-05,0.0022255036109086863,-0.35,0.4122505761216063,0.0009003802320338939,0.00232000317183715,0.25,0.1411413417558571,-7.550642340178026e-05,0.0032269120852833635,0.15
475,"[0.3444020729, -0.3480675649, 0.4122055571, 0.1411451171]","[-0.001173119035, 7.178751982e-05, 0.0009003769285, -7.561241855e-05]","[0.001710557649, 0.002225501151, 0.002319981383, 0.00322684764]",0.0014824835815109272,0.005834289946181422,0.000230301818905221,0.26203681730989326,0.3444020729396963,-0.0011731190349571284,0.001710557649330379,0.55,-0.3480675648890884,7.178751982374217e-05,0.00222550115144928,-0.35,0.4122055571100046,0.0009003769285297751,0.002319981383268818,0.25,0.1411451170770272,-7.561241855387073e-05,0.0032268476398060915,0.15
476,"[0.3444607289, -0.3480711543, 0.4121605383, 0.1411488977]","[-0.001172657082, 7.14415419e-05, 0.0009003694448, -7.571611624e-05]","[0.001710550661, 0.002225498696, 0.002319959593, 0.003226783187]",0.0014821020857508124,0.005834035234258518,0.00023018659112151841,0.2619627733010937,0.3444607288914442,-0.0011726570816795962,0.0017105506613599053,0.55,-0.3480711542650796,7.144154189981633e-05,0.0022254986960982873,-0.35,0.4121605382635781,0.0009003694448427024,0.002319959592944955,0.25,0.1411488976979549,-7.571611623836677e-05,0.0032267831866001407,0.15
477,"[0.3445193617, -0.3480747263, 0.4121155198, 0.1411526835]","[-0.001172198324, 7.110194467e-05, 0.0009003578602, -7.581755848e-05]","[0.001710543674, 0.002225496245, 0.002319937801, 0.003226718726]",0.0014817209507502532,0.00583377797046431,0.00023007138596552214,0.26188874764396086,0.34451936174552816,-0.0011721983239755469,0.0017105436740466307,0.55,-0.3480747263421746,7.110194466699617e-05,0.0022254962448009707,-0.35,0.412115519791336,0.0009003578602151208,0.0023199378010974317,0.25,0.14115268350376683,-7.581755848464976e-05,0.00322671872639971,0.15
478,"[0.3445779717, -0.3480782814, 0.4120705019, 0.1411564744]","[-0.001171742704, 7.076860599e-05, 0.0009003422524, -7.591678655e-05]","[0.001710536687, 0.002225493798, 0.002319916008, 0.00322665426]",0.0014813401665840897,0.005833518205473389,0.0002299562041591035,0.26181474034090046,0.34457797166172693,-0.001171742703666778,0.0017105366874414782,0.55,-0.348078281439408,7.07686059857767e-05,0.0022254937975036376,-0.35,0.4120705018983252,0.0009003422524049698,0.0023199160079536295,0.25,0.14115647438169107,-7.591678655095749e-05,0.0032266542599247443,0.15
479,"[0.3446365588, -0.3480818199, 0.4120254848, 0.1411602702]","[-0.001171290164, 7.044140605e-05, 0.0009003226977, -7.601384094e-05]","[0.001710529702, 0.002225491354, 0.002319894214, 0.003226589788]",0.0014809597236955492,0.0058332559890243675,0.00022984104641023958,0.26174075139419023,0.3446365587969103,-0.001171290163661362,0.0017105297015943825,0.55,-0.34808181986970727,7.044140605151103e-05,0.002225491354153622,-0.35,0.412025484785705,0.0009003226977132974,0.0023198942137365353,0.25,0.14116027022101862,-7.601384093883234e-05,0.0032265897878812426,0.15
480,"[0.3446951233, -0.3480853419, 0.4119804687, 0.1411640709]","[-0.001170840648, 7.012022735e-05, 0.000900299271, -7.610876141e-05]","[0.001710522717, 0.002225488915, 0.002319872419, 0.003226525311]",0.0014805796128821947,0.005832991369936268,0.0002297259134132562,0.26166678080598216,0.3446951233050934,-0.001170840647933608,0.001710522716554306,0.55,-0.34808534194000984,7.012022734981829e-05,0.00222548891469925,-0.35,0.41198046865081933,0.0009002992710106105,0.0023198724186647523,0.25,0.14116407091306557,-7.61087614074222e-05,0.0032265253109612624,0.15
481,"[0.3447536653, -0.348088848, 0.4119354537, 0.1411678764]","[-0.001170394102, 6.980495461e-05, 0.0009002720458, -7.620158699e-05]","[0.001710515732, 0.002225486479, 0.002319850623, 0.00322646083]",0.0014801998252831352,0.005832724396124707,0.0002296108058490624,0.2615928285783049,0.3447536653374901,-0.0011703941015036865,0.0017105157323692628,0.55,-0.34808884795137734,6.980495461288773e-05,0.0022254864790898364,-0.35,0.4119354536872688,0.0009002720457649495,0.0023198506229526613,0.25,0.14116787635113595,-7.620158698667606e-05,0.0032264608298434648,0.15
482,"[0.344812185, -0.3480923382, 0.4118904401, 0.1411716864]","[-0.00116995047, 6.949547478e-05, 0.0009002410941, -7.629235599e-05]","[0.001710508749, 0.002225484047, 0.002319828827, 0.003226396345]",0.0014798203523663533,0.005832455114617757,0.00022949572438538932,0.26151889471306544,0.3448121850425653,-0.0011699504704180744,0.0017105087490863343,0.55,-0.348092338199108,6.949547477643212e-05,0.002225484047275663,-0.35,0.41189044008498055,0.0009002410940682703,0.0023198288268105006,0.25,0.14117168643048528,-7.629235599040308e-05,0.003226396345193385,0.15
483,"[0.3448706826, -0.348095813, 0.411845428, 0.141175501]","[-0.001169509702, 6.919167694e-05, 0.0009002064867, -7.638110603e-05]","[0.001710501767, 0.002225481619, 0.00231980703, 0.003226331858]",0.0014794411859159829,0.005832183571571602,0.00022938066967701998,0.26144497921205184,0.34487068256608616,-0.0011695097017307952,0.0017105017667516807,0.55,-0.3480958129728468,6.919167693789746e-05,0.002225481619207949,-0.35,0.4118454280302771,0.0009002064866607569,0.0023198070304443616,0.25,0.1411755010482848,-7.638110603057532e-05,0.003226331857663383,0.15
484,"[0.3449291581, -0.3480992726, 0.4118004177, 0.1411793201]","[-0.001169071743, 6.889345232e-05, 0.000900168293, -7.646787403e-05]","[0.001710494785, 0.002225479195, 0.002319785234, 0.003226267368]",0.001479062318021169,0.005831909812285928,0.00022926564236601263,0.26137108207693455,0.3449291580511727,-0.0011690717434839101,0.0017104947854105696,0.55,-0.3480992725566937,6.88934523150971e-05,0.0022254791948388437,-0.35,0.4118004177059441,0.0009001682929581362,0.0023197852340563698,0.25,0.14117932010358633,-7.646787402947248e-05,0.003226267367893201,0.15
485,"[0.3449876116, -0.3481027172, 0.4117554093, 0.1411831435]","[-0.001168636545, 6.860069421e-05, 0.0009001265811, -7.655269623e-05]","[0.001710487805, 0.002225476774, 0.002319763438, 0.003226202877]",0.0014786837410641653,0.0058316338812190475,0.00022915064308193025,0.2612972033092689,0.3449876116383469,-0.0011686365446898009,0.0017104878051073776,0.55,-0.34810271722930947,6.860069420555158e-05,0.002225476774121401,-0.35,0.4117554092912962,0.0009001265810746066,0.0023197634378446675,0.25,0.1411831434972878,-7.655269623242926e-05,0.0032262028765100053,0.15
486,"[0.3450460435, -0.3481061473, 0.411710403, 0.1411869711]","[-0.001168204055, 6.831329795e-05, 0.0009000814178, -7.663560822e-05]","[0.001710480826, 0.002225474357, 0.002319741642, 0.003226138384]",0.0014783054477099686,0.005831355822002807,0.00022903567244205624,0.26122334291049726,0.3450460434655814,-0.0011682040553121717,0.0017104808258856237,0.55,-0.3481061472640197,6.831329794711847e-05,0.002225474357009571,-0.35,0.4117104029622425,0.0009000814178492002,0.0023197416420035776,0.25,0.14118697113209944,-7.663560822051758e-05,0.003226138384128784,0.15
487,"[0.3451044537, -0.3481095629, 0.4116653989, 0.1411908029]","[-0.001167774226, 6.803116088e-05, 0.0009000328689, -7.671664492e-05]","[0.001710473848, 0.002225471943, 0.002319719847, 0.003226073891]",0.001477927430895274,0.005831075677457321,0.0002289207310516162,0.2611495008819505,0.34510445366834697,-0.0011677742262489786,0.0017104738477879684,0.55,-0.3481095629289171,6.803116087871176e-05,0.002225471943458172,-0.35,0.41166539889135,0.0009000328688679179,0.0023197198467235954,0.25,0.14119080291251046,-7.671664492262517e-05,0.0032260738913524275,0.15
488,"[0.3451628424, -0.3481129645, 0.4116203972, 0.1411946387]","[-0.001167347009, 6.77541823e-05, 0.0008999809985, -7.679584063e-05]","[0.001710466871, 0.002225469533, 0.002319698052, 0.003226009399]",0.0014775496838188617,0.00583079348960537,0.00022880581950398448,0.2610756772248503,0.34516284237965944,-0.0011673470093143666,0.001710466870856245,0.55,-0.34811296448696105,6.775418230239887e-05,0.0022254695334228817,-0.35,0.4116203972479066,0.0008999809984887838,0.0023196980521915304,0.25,0.1411946387447566,-7.679584062751486e-05,0.0032260093987721045,0.15
489,"[0.3452212097, -0.3481163522, 0.4115753982, 0.1411984785]","[-0.001166922357, 6.748226345e-05, 0.0008999258699, -7.6873229e-05]","[0.001710459895, 0.002225467127, 0.002319676259, 0.003225944907]",0.0014771721999314695,0.0058305092996865345,0.00022869093838090158,0.26100187194031105,0.34522120973012516,-0.0011669223572219555,0.0017104598951314643,0.55,-0.3481163521960762,6.748226344568138e-05,0.002225467126860216,-0.35,0.41157539819798217,0.0008999258698637179,0.002319676258590526,0.25,0.14119847853678796,-7.687322899560729e-05,0.003225944906967384,0.15
490,"[0.3452795558, -0.3481197263, 0.4115304019, 0.1412023222]","[-0.001166500224, 6.721530742e-05, 0.000899867545, -7.694884307e-05]","[0.001710452921, 0.002225464724, 0.002319654466, 0.003225880417]",0.0014767949729264913,0.005830223148171306,0.0002285760882526768,0.2609280850293415,0.34527955584798625,-0.0011665002235678953,0.001710452920653832,0.55,-0.3481197263092485,6.721530742494586e-05,0.0022254647237275097,-0.35,0.411530401904489,0.0008998675449613982,0.002319654466100128,0.25,0.14120232219823775,-7.694884307072357e-05,0.0032258804165063875,0.15
491,"[0.3453378809, -0.3481230871, 0.4114854085, 0.1412061696]","[-0.001166080563, 6.695321921e-05, 0.0008998060846, -7.702271529e-05]","[0.001710445947, 0.002225462324, 0.002319632675, 0.003225815928]",0.0014764179967312373,0.005829935074774759,0.0002284612696783926,0.26085431649284707,0.34533788085916467,-0.0011660805628142023,0.0017104459474627668,0.55,-0.34812308707461975,6.69532192091465e-05,0.002225462323982913,-0.35,0.4114854085272409,0.0008998060845901991,0.0023196326748964103,0.25,0.1412061696403913,-7.702271529088159e-05,0.003225815927946282,0.15
492,"[0.3453961849, -0.3481264347, 0.4114404182, 0.1412100208]","[-0.00116566333, 6.669590558e-05, 0.0008997415484, -7.70948775e-05]","[0.001710438976, 0.002225459928, 0.002319610885, 0.003225751442]",0.0014760412654979268,0.005829645118470001,0.00022834648320610286,0.26078056633163105,0.3453961848873054,-0.0011656633302725276,0.0017104389755969167,0.55,-0.3481264347355802,6.669590558469953e-05,0.0022254599275853652,-0.35,0.4114404182230114,0.0008997415484194263,0.0023196108851519896,0.25,0.14121002077615583,-7.709487749994432e-05,0.0032257514418332278,0.15
493,"[0.3454544681, -0.3481297695, 0.4113954311, 0.1412138755]","[-0.001165248482, 6.644327512e-05, 0.000899673995, -7.716536096e-05]","[0.001710432005, 0.002225457534, 0.002319589097, 0.003225686959]",0.0014756647735953976,0.005829353317501609,0.00022823172937303654,0.260706834546397,0.345454468053819,-0.0011652484820886889,0.001710432005094164,0.55,-0.34812976953085945,6.644327512060792e-05,0.002225457534494578,-0.35,0.41139543114559046,0.0008996739950002622,0.0023195890970360952,0.25,0.1412138755200308,-7.716536095864666e-05,0.0032256869587026778,0.15
494,"[0.3455127305, -0.3481330917, 0.4113504474, 0.1412177338]","[-0.001164835975, 6.619523813e-05, 0.0008996034818, -7.723419635e-05]","[0.001710425036, 0.002225455145, 0.002319567311, 0.003225622479]",0.001475288515601059,0.0058290597093986415,0.00022811700870578223,0.26063312113775,0.34551273047792347,-0.0011648359752266207,0.001710425035991648,0.55,-0.3481330916946155,6.61952381344857e-05,0.0022254551446710285,-0.35,0.41135044744584043,0.0008996034817873802,0.002319567310714642,0.25,0.14121773378807875,-7.723419635475408e-05,0.0032256224790795673,0.15
495,"[0.3455709723, -0.3481364015, 0.4113054673, 0.1412215955]","[-0.001164425767, 6.595170666e-05, 0.0008995300652, -7.730141381e-05]","[0.001710418068, 0.002225452758, 0.002319545526, 0.003225558003]",0.0014749124862931313,0.005828764330987484,0.00022800232172048596,0.2605594261061989,0.3455709722766848,-0.0011644257674532268,0.0017104180683257786,0.55,-0.3481364014565222,6.595170665917872e-05,0.0022254527580759377,-0.35,0.41130546727175105,0.0008995300651592576,0.0023195455263502964,0.25,0.14122159549789648,-7.730141381419437e-05,0.003225558003478545,0.15
496,"[0.3456291936, -0.348139699, 0.4112604908, 0.1412254606]","[-0.001164017817, 6.571259441e-05, 0.0008994538004, -7.736704291e-05]","[0.001710411102, 0.002225450375, 0.002319523744, 0.003225493532]",0.0014745366806432985,0.005828467218404612,0.00022788766892303824,0.26048574945215774,0.3456291935650575,-0.0011640178173232523,0.0017104111021322467,0.55,-0.34813969904185516,6.571259441004528e-05,0.00222545037467126,-0.35,0.4112604907684931,0.0008994538004387239,0.0023195237441025435,0.25,0.1412254605685872,-7.736704291108252e-05,0.003225493532404152,0.15
497,"[0.3456873945, -0.3481429847, 0.4112155181, 0.1412293289]","[-0.001163612084, 6.547781675e-05, 0.0008993747419, -7.743111268e-05]","[0.001710404137, 0.002225447994, 0.002319501964, 0.003225429066]",0.0014741610938092105,0.005828168407108831,0.0002277730508092528,0.2604120911759473,0.34568739445592367,-0.0011636120841649234,0.001710404137446036,0.55,-0.3481429846715757,6.54778167526893e-05,0.0022254479944196653,-0.35,0.4112155180784711,0.0008993747419117842,0.002319501964127713,0.25,0.14122932892073276,-7.743111267794113e-05,0.0032254290663509687,0.15
498,"[0.3457455751, -0.3481462586, 0.4111705493, 0.1412332005]","[-0.001163208528, 6.524729067e-05, 0.0008992929428, -7.749365162e-05]","[0.001710397174, 0.002225445617, 0.002319480187, 0.003225364606]",0.0014737857211280876,0.005827867931893752,0.00022765846786505529,0.2603384512777972,0.3457455750601319,-0.0011632085280647898,0.0017103971743014437,0.55,-0.3481462585624133,6.524729067164224e-05,0.002225445617284535,-0.35,0.41117054934137554,0.0008992929428488168,0.0023194801865791177,0.25,0.14123320047636664,-7.749365161551576e-05,0.003225364605803992,0.15
499,"[0.3458037355, -0.3481495209, 0.4111255847, 0.1412370752]","[-0.00116280711, 6.502093474e-05, 0.0008992084555, -7.75546877e-05]","[0.001710390213, 0.002225443243, 0.002319458412, 0.003225300151]",0.001473410558109131,0.005827565826899642,0.0002275439205666588,0.26026482975784715,0.34580373548653515,-0.0011628071098545086,0.001710390212732083,0.55,-0.3481495209269469,6.502093473936426e-05,0.0022254432432299246,-0.35,0.4111255846942331,0.0008992084555208235,0.002319458411606968,0.25,0.14123707515894743,-7.755468770319738e-05,0.0032253001512383985,0.15
500,"[0.3458618758, -0.348152772, 0.4110806243, 0.1412409529]","[-0.001162407791, 6.479866909e-05, 0.0008991213312, -7.761424841e-05]","[0.001710383253, 0.002225440872, 0.002319436639, 0.003225235703]",0.001473035600428411,0.005827262125625362,0.00022742940938073715,0.26019122661614863,0.3458618758420279,-0.0011624077910957688,0.0017103832527709073,0.55,-0.3481527719736839,6.479866908578265e-05,0.002225440872220586,-0.35,0.4110806242714571,0.0008991213312218847,0.0023194366393586253,0.25,0.14124095289333258,-7.761424840737352e-05,0.0032252357031203405,0.15
501,"[0.3459199962, -0.3481560119, 0.4110356682, 0.1412448336]","[-0.001162010534, 6.458041537e-05, 0.0008990316203, -7.767236069e-05]","[0.001710376294, 0.002225438504, 0.00231941487, 0.003225171262]",0.001472660843921425,0.005826956860939899,0.00022731493476460288,0.26011764185266667,0.34591999623158265,-0.0011620105340675749,0.0017103762944502133,0.55,-0.3481560119071382,6.458041536875645e-05,0.0022254385042219226,-0.35,0.411035668204896,0.0008990316202841086,0.0023194148699784796,0.25,0.14124483360575293,-7.767236069208778e-05,0.0032251712619065682,0.15
502,"[0.3459780968, -0.3481592409, 0.4109907166, 0.1412487172]","[-0.001161615302, 6.436609674e-05, 0.0008989393721, -7.772905103e-05]","[0.001710369338, 0.002225436139, 0.002319393104, 0.003225106828]",0.0014722862845778584,0.005826650065093926,0.0002272004971663714,0.26004407546728125,0.345978096758286,-0.0011616153017524656,0.0017103693378016562,0.55,-0.3481592409279066,6.436609674483164e-05,0.002225436139199991,-0.35,0.4109907166238818,0.0008989393720973436,0.0023193931036080973,0.25,0.14124871722378754,-7.772905102772659e-05,0.003225106828044885,0.15
503,"[0.3460361775, -0.3481624592, 0.4109457697, 0.1412526037]","[-0.001161222058, 6.415563784e-05, 0.0008988446351, -7.77843454e-05]","[0.001710362383, 0.002225433777, 0.00231937134, 0.003225042402]",0.001471911918535738,0.00582634176973093,0.0002270860970251327,0.25997052745978877,0.3460361775233736,-0.0011612220578232184,0.001710362382856264,0.55,-0.34816245923274386,6.415563784066131e-05,0.002225433777121486,-0.35,0.41094576965527696,0.0008988446351268282,0.0023193713403862597,0.25,0.14125260367633893,-7.778434540023898e-05,0.003225042401974252,0.15
504,"[0.3460942386, -0.348165667, 0.4109008274, 0.1412564929]","[-0.001160830767, 6.394896472e-05, 0.0008987474569, -7.783826932e-05]","[0.00171035543, 0.002225431418, 0.00231934958, 0.003224977984]",0.0014715377420758881,0.005826032005898302,0.00022697173477111309,0.25989699782990366,0.34609423862626476,-0.001160830766630119,0.0017103554296444491,0.55,-0.3481656670146359,6.394896472456876e-05,0.002225431417953735,-0.35,0.41090082742352063,0.0008987474569303387,0.002319349580449029,0.25,0.14125649289360895,-7.783826931938993e-05,0.003224977984125087,0.15
505,"[0.3461522802, -0.3481688645, 0.4108558901, 0.1412603848]","[-0.001160441393, 6.374600488e-05, 0.0008986478842, -7.789084783e-05]","[0.001710348478, 0.002225429062, 0.002319327824, 0.003224913575]",0.0014711637516163945,0.005825720804058224,0.00022685741082583436,0.25982348657725995,0.34615228016459626,-0.0011604413931884656,0.0017103484781960127,0.55,-0.34816886446287215,6.374600487976251e-05,0.002225429061664667,-0.35,0.41085589005067413,0.0008986478841744296,0.002319327823929736,0.25,0.14126038480707492,-7.789084782904521e-05,0.0032249135749190796,0.15
506,"[0.3462103022, -0.3481720518, 0.4108109577, 0.1412642793]","[-0.001160053903, 6.354668718e-05, 0.0008985459627, -7.794210551e-05]","[0.001710341529, 0.002225426708, 0.002319306071, 0.003224849175]",0.0014707899437078505,0.005825408194098326,0.0002267431256022799,0.25974999370141244,0.3462103022342557,-0.001160053903165709,0.001710341528540167,0.55,-0.34817205176311616,6.3546687176585e-05,0.002225426708222822,-0.35,0.4108109576564654,0.0008985459626524588,0.0023193060709591163,0.25,0.14126427934946637,-7.79421055142437e-05,0.0032248491747697517,0.15
507,"[0.3462683049, -0.3481752291, 0.4107660304, 0.1412681765]","[-0.001159668263, 6.335094185e-05, 0.0008984417373, -7.799206651e-05]","[0.001710334581, 0.002225424358, 0.002319284322, 0.003224784784]",0.0014704163150283341,0.005825094205342167,0.0002266288795050425,0.25967651920183865,0.34626830492941396,-0.001159668262869461,0.0017103345807055407,0.55,-0.348175229097475,6.335094184631923e-05,0.0022254243575973304,-0.35,0.4107660303583328,0.0008984417373004874,0.002319284321665324,0.25,0.14126817645474207,-7.799206650998381e-05,0.0032247847840824466,0.15
508,"[0.3463262883, -0.3481783966, 0.4107211083, 0.1412720761]","[-0.001159284439, 6.315870046e-05, 0.0008983352522, -7.804075451e-05]","[0.001710327635, 0.00222542201, 0.002319262576, 0.003224720403]",0.0014700428623784392,0.005824778866559574,0.0002265146729304826,0.2596030630779395,0.3463262883425574,-0.00115928443923575,0.0017103276347201874,0.55,-0.34817839664456735,6.3158700455253e-05,0.002225422009757897,-0.35,0.4107211082714678,0.0008983352522126427,0.002319262576173955,0.25,0.14127207605806757,-7.804075451005409e-05,0.0032247204032544094,0.15
509,"[0.3463842526, -0.3481815546, 0.4106761915, 0.1412759781]","[-0.0011589024, 6.296989588e-05, 0.0008982265507, -7.808819277e-05]","[0.001710320691, 0.002225419665, 0.002319240835, 0.003224656033]",0.0014696695826768927,0.005824462205976745,0.00022640050626687733,0.2595296253290413,0.3463842525645192,-0.001158902399816969,0.0017103206906116,0.55,-0.3481815545795901,6.29698958790758e-05,0.002225419664674796,-0.35,0.41067619150885715,0.000898226550657625,0.0023192408346081233,0.25,0.14127597809579306,-7.808819277474093e-05,0.003224656032675031,0.15
510,"[0.3464421977, -0.3481847031, 0.4106312802, 0.1412798825]","[-0.001158522113, 6.278446228e-05, 0.0008981156751, -7.813440414e-05]","[0.001710313748, 0.002225417322, 0.002319219097, 0.003224591673]",0.0014692964729563387,0.005824144251286277,0.00022628637989456895,0.2594562059543969,0.34644219768451007,-0.0011585221127703212,0.0017103137484067224,0.55,-0.34818470307438404,6.278446227782645e-05,0.0022254173223188634,-0.35,0.4106312801813243,0.0008981156750945535,0.0023192190970885364,0.25,0.1412798825054318,-7.813440413842312e-05,0.003224591672726099,0.15
511,"[0.3465001238, -0.3481878423, 0.4105863744, 0.1412837892]","[-0.001158143547, 6.260233507e-05, 0.0008980026672, -7.817941102e-05]","[0.001710306808, 0.002225414983, 0.002319197364, 0.003224527324]",0.0014689235303586637,0.005823825029656876,0.00022617229418611122,0.25938280495318705,0.3465001237901486,-0.001158143546846867,0.0017103068081319574,0.55,-0.34818784229749794,6.26023350715316e-05,0.0022254149826614715,-0.35,0.41058637439756956,0.000898002667186864,0.0023191973637334577,0.25,0.14128378922563872,-7.817941101843214e-05,0.0032245273237816417,0.15
512,"[0.346558031, -0.3481909724, 0.4105414743, 0.1412876982]","[-0.001157766671, 6.242345092e-05, 0.0008978875678, -7.822323542e-05]","[0.00171029987, 0.002225412646, 0.002319175635, 0.003224462986]",0.0014685507521314883,0.005823504567743001,0.00022605824950641115,0.25930942232452164,0.34655803096749094,-0.0011577666713798894,0.0017102998698131787,0.55,-0.3481909724142515,6.242345091595381e-05,0.0022254126456745416,-0.35,0.4105414742642102,0.0008978875678189505,0.0023191756346588694,0.25,0.14128769819618964,-7.822323542148003e-05,0.0032244629862084955,0.15
513,"[0.3466159193, -0.3481940936, 0.4104965799, 0.1412916094]","[-0.001157391456, 6.224774768e-05, 0.0008977704171, -7.826589895e-05]","[0.001710292933, 0.002225410311, 0.00231915391, 0.00322439866]",0.0014681781356234538,0.005823182891694346,0.0002259442462128725,0.2592360580674412,0.34661591930105995,-0.001157391456274808,0.0017102929334757338,0.55,-0.3481940935867973,6.224774767910833e-05,0.0022254103113305028,-0.35,0.4104965798858193,0.0008977704171083392,0.0023191539099783605,0.25,0.1412916093579607,-7.826589895245914e-05,0.0032243986603659133,0.15
514,"[0.3466737889, -0.348197206, 0.4104516914, 0.1412955227]","[-0.001157017872, 6.207516442e-05, 0.0008976512544, -7.830742282e-05]","[0.001710285999, 0.00222540798, 0.00231913219, 0.003224334347]",0.001467805678281556,0.005822860027165113,0.00022583028465552785,0.2591627121809179,0.3466737888738737,-0.0011570178719973435,0.001710285999144468,0.55,-0.34819720597418125,6.207516441798288e-05,0.0022254079796023203,-0.35,0.41045169136496384,0.0008976512544234784,0.0023191321898033755,0.25,0.14129552265290832,-7.83074228202772e-05,0.003224334346606388,0.15
515,"[0.3467316398, -0.3482003097, 0.4104068088, 0.141299438]","[-0.00115664589, 6.190564136e-05, 0.0008975301184, -7.834782785e-05]","[0.001710279067, 0.00222540565, 0.002319110474, 0.003224270045]",0.0014674333776463228,0.005822535999323144,0.00022571636517718457,0.25908938466385695,0.34673163976747357,-0.0011566458895641612,0.0017102790668437205,0.55,-0.3482003097324021,6.190564135607105e-05,0.002225405650463446,-0.35,0.4104068088022427,0.0008975301183942328,0.0023191104742430447,0.25,0.14129943802404932,-7.834782784706809e-05,0.003224270045275033,0.15
516,"[0.3467894721, -0.348203405, 0.4103619323, 0.1413033554]","[-0.001156275481, 6.173911986e-05, 0.0008974070469, -7.838713447e-05]","[0.001710272137, 0.002225403324, 0.002319088763, 0.003224205757]",0.0014670612313491445,0.005822210832858869,0.00022560248811354805,0.259016075515098,0.34678947206195176,-0.001156275480532041,0.0017102721365973381,0.55,-0.34820340501446995,6.173911986062602e-05,0.0022254033238878375,-0.35,0.41036193229632295,0.0008974070469279563,0.002319088763404374,0.25,0.14130335541544167,-7.838713447336778e-05,0.003224205756710341,0.15
517,"[0.3468472858, -0.348206492, 0.4103170619, 0.1413072748]","[-0.001155906617, 6.157554242e-05, 0.0008972820772, -7.842536277e-05]","[0.001710265208, 0.002225401, 0.002319067057, 0.003224141481]",0.001466689237108563,0.005821884551994131,0.00022548865379335876,0.25894278473341586,0.34684728583597835,-0.001155906616987684,0.0017102652084286895,0.55,-0.348206491970463,6.157554242140287e-05,0.002225400999849934,-0.35,0.41031706194397655,0.0008972820772224369,0.0023190670573922235,0.25,0.14130727477216534,-7.842536276667478e-05,0.003224141481243925,0.15
518,"[0.3469050812, -0.3482095707, 0.4102721978, 0.141311196]","[-0.001155539272, 6.141485263e-05, 0.0008971552458, -7.846253243e-05]","[0.001710258282, 0.002225398678, 0.002319045356, 0.003224077219]",0.001466317392727172,0.005821557180490846,0.00022537486253852132,0.2588695123175224,0.3469050811668277,-0.0011555392715380257,0.001710258282360668,0.55,-0.3482095707475841,6.141485262871312e-05,0.0022253986783246542,-0.35,0.4102721978401154,0.000897155245779289,0.0023190453563093757,0.25,0.14131119604030368,-7.846253242712098e-05,0.0032240772192008754,0.15
519,"[0.3469628581, -0.3482126415, 0.4102273401, 0.1413151192]","[-0.001155173417, 6.125699515e-05, 0.0008970265884, -7.849866279e-05]","[0.001710251358, 0.002225396359, 0.00231902366, 0.003224012971]",0.0014659456960883226,0.005821228741659487,0.0002252611146642263,0.25879625826606706,0.3469628581304046,-0.001155173417300516,0.0017102513584157002,0.55,-0.3482126414902155,6.125699515257486e-05,0.002225396359287385,-0.35,0.41022734007782646,0.000897026588416653,0.002319023660256552,0.25,0.14131511916692505,-7.849866279487146e-05,0.003224012970899792,0.15
520,"[0.3470206168, -0.3482157043, 0.4101824887, 0.1413190441]","[-0.001154809028, 6.110191572e-05, 0.0008968961403, -7.853377286e-05]","[0.001710244437, 0.002225394043, 0.002319001969, 0.003223948737]",0.0014655741451532795,0.005820899258367428,0.00022514741047908129,0.2587230225776383,0.34702061680126967,-0.0011548090278933778,0.0017102444366157627,0.55,-0.3482157043399732,6.110191572233305e-05,0.002225394042713967,-0.35,0.4101824887484056,0.0008968961402824831,0.002319001969332458,0.25,0.1413190441000648,-7.853377285705096e-05,0.0032239487366528207,0.15
521,"[0.3470783573, -0.3482187594, 0.4101376439, 0.1413229708]","[-0.001154446077, 6.094956111e-05, 0.0008967639359, -7.856788125e-05]","[0.001710237517, 0.002225391729, 0.002318980284, 0.003223884517]",0.0014652027379581719,0.005820568753047224,0.00022503375028522845,0.2586498052507648,0.34707835725266434,-0.0011544460774265551,0.0017102375169823815,0.55,-0.3482187594357593,6.09495611059492e-05,0.0022253917285806925,-0.35,0.4101376439413915,0.0008967639358665792,0.0023189802836338248,0.25,0.14132297078870765,-7.856788125333106e-05,0.0032238845167659354,0.15
522,"[0.3471360796, -0.3482218069, 0.4100928057, 0.1413268992]","[-0.00115408454, 6.079987909e-05, 0.000896630009, -7.860100628e-05]","[0.0017102306, 0.002225389417, 0.002318958603, 0.003223820312]",0.0014648314726113582,0.0058202372477045555,0.00022492013437846564,0.25857660628391627,0.3471360795565357,-0.0011540845404922986,0.001710230599536643,0.55,-0.3482218069138146,6.0799879090459707e-05,0.002225389416864296,-0.35,0.41009280574459817,0.0008966300090133911,0.0023189586032554524,0.25,0.1413268991827703,-7.860100628281936e-05,0.003223820311538994,0.15
523,"[0.3471937838, -0.3482248469, 0.4100479742, 0.1413308292]","[-0.001153724392, 6.065281846e-05, 0.0008964943929, -7.863316591e-05]","[0.001710223684, 0.002225387108, 0.002318936928, 0.003223756121]",0.0014644603472906963,0.005819904763926299,0.00022480656304836615,0.25850342567550516,0.3471937837835603,-0.0011537243921560224,0.0017102236842992074,0.55,-0.3482248469077691,6.065281846244658e-05,0.002225387107541946,-0.35,0.4100479742441475,0.0008964943929342272,0.002318936928290254,0.25,0.14133082923308446,-7.863316591017201e-05,0.0032237561212658692,0.15
524,"[0.34725147, -0.3482278795, 0.4100031495, 0.1413347609]","[-0.001153365608, 6.050832899e-05, 0.0008963571202, -7.866437777e-05]","[0.001710216771, 0.002225384801, 0.002318915259, 0.003223691946]",0.001464089360240791,0.005819571322888114,0.00022469303657839422,0.2584302634238868,0.3472514700031681,-0.001153365607948016,0.0017102167712903084,0.55,-0.3482278795486922,6.050832898893782e-05,0.0022253848005912274,-0.35,0.4100031495245008,0.0008963571202180924,0.0023189152588292392,0.25,0.14133476089137997,-7.866437777219554e-05,0.0032236919462344396,0.15
525,"[0.3473091383, -0.348230905, 0.4099583317, 0.1413386941]","[-0.001153008164, 6.03663614e-05, 0.0008962182228, -7.869465918e-05]","[0.001710209861, 0.002225382496, 0.002318893595, 0.003223627787]",0.0014637185097709632,0.005819236945362274,0.0002245795552460144,0.25835711952736135,0.34730913828356547,-0.00115300816385388,0.001710209860529772,0.55,-0.34823090496514164,6.036636139856321e-05,0.0022253824959901566,-0.35,0.4099583316684899,0.0008962182228453262,0.002318893594961659,0.25,0.1413386941102686,-7.869465918280173e-05,0.003223627786727029,0.15
526,"[0.3473667887, -0.3482339233, 0.4099135208, 0.1413426288]","[-0.001152652036, 6.022686736e-05, 0.0008960777322, -7.872402714e-05]","[0.001710202952, 0.002225380194, 0.002318871937, 0.003223563643]",0.0014633477942521615,0.0058189016517250225,0.00022446611932281187,0.25828399398417423,0.34736678869175813,-0.0011526520363070248,0.0017102029520370099,0.55,-0.34823392328321157,6.022686736338654e-05,0.002225380193717139,-0.35,0.4099135207573476,0.0008960777321964546,0.0023188719367748956,0.25,0.14134262884322774,-7.872402714030757e-05,0.0032235636430200357,0.15
527,"[0.3474244213, -0.3482369346, 0.4098687169, 0.141346565]","[-0.001152297202, 6.008979948e-05, 0.0008959356791, -7.875249833e-05]","[0.001710196046, 0.002225377894, 0.002318850284, 0.003223499515]",0.0014629772121152076,0.0058185654619640325,0.0002243527290745947,0.2582108867925175,0.3474244212935735,-0.0011522972021795637,0.0017101960458310395,0.55,-0.34823693462657973,6.008979948074798e-05,0.002225377893750991,-0.35,0.4098687168707378,0.0008959356790653662,0.0023188502843546044,0.25,0.14134656504458476,-7.875249833230361e-05,0.0032234995153844156,0.15
528,"[0.3474820362, -0.3482399391, 0.4098239201, 0.1413505027]","[-0.001151943639, 5.995511126e-05, 0.0008957920937, -7.878008914e-05]","[0.001710189142, 0.002225375596, 0.002318828638, 0.003223435404]",0.0014626067618485614,0.0058182283956856136,0.00022423938476150558,0.2581377979505307,0.34748203615368245,-0.001151943638774254,0.0017101891419304886,0.55,-0.34823993911655376,5.995511125548108e-05,0.0022253755960709243,-0.35,0.40982392008678453,0.0008957920936701324,0.0023188286377847467,0.25,0.1413505026695014,-7.87800891411606e-05,0.003223435404085783,0.15
529,"[0.3475396333, -0.3482429369, 0.4097791305, 0.1413544417]","[-0.001151591324, 5.982275708e-05, 0.0008956470057, -7.880681565e-05]","[0.00171018224, 0.002225373301, 0.002318806997, 0.003223371309]",0.0014622364419957267,0.005817890472121774,0.00022412608663812587,0.2580647274563019,0.34753963333562116,-0.001151591323816844,0.0017101822403535983,0.55,-0.34824293687211655,5.9822757082923924e-05,0.002225373300656524,-0.35,0.409779130482101,0.0008956470056624072,0.002318806997147527,0.25,0.14135444167395844,-7.880681565100659e-05,0.0032233713093841603,0.15
530,"[0.3475972129, -0.348245928, 0.4097343481, 0.141358382]","[-0.001151240235, 5.969269223e-05, 0.0008955004441, -7.883269365e-05]","[0.001710175341, 0.002225371007, 0.002318785363, 0.003223307232]",0.001461866251153672,0.005817551710137319,0.00022401283495358337,0.25799167530786843,0.347597212901812,-0.0011512402354476549,0.0017101753411182345,0.55,-0.3482459280099707,5.9692692231404865e-05,0.0022253710074877624,-0.35,0.4097343481318179,0.0008955004441396819,0.002318785362523538,0.25,0.141358382014741,-7.883269365128904e-05,0.003223307231534529,0.15
531,"[0.3476547749, -0.3482489126, 0.4096895731, 0.1413623236]","[-0.001150890352, 5.956487283e-05, 0.0008953524377, -7.885773864e-05]","[0.001710168444, 0.002225368717, 0.002318763734, 0.003223243171]",0.0014614961879707352,0.005817212128236582,0.00022389962995164898,0.25791864150321825,0.3476547749135844,-0.0011508903522140334,0.0017101684442418948,0.55,-0.34824891264458224,5.9564872825863134e-05,0.002225368716544983,-0.35,0.4096895731096109,0.0008953524376551025,0.0023187637339917456,0.25,0.14136232364942355,-7.885773864341487e-05,0.003223243170786727,0.15
532,"[0.3477123194, -0.3482518909, 0.4096448055, 0.1413662665]","[-0.001150541653, 5.943925583e-05, 0.0008952030142, -7.888196585e-05]","[0.00171016155, 0.002225366428, 0.002318742112, 0.003223179127]",0.0014611262511444703,0.005816871744570248,0.00022378647187084133,0.25784562604029054,0.34771231943119507,-0.0011505416530629608,0.0017101615497417128,0.55,-0.34825189088822356,5.9439255831515347e-05,0.0022253664278088846,-0.35,0.40964480548772814,0.0008952030142269976,0.0023187421116294877,0.25,0.14136626653635573,-7.888196584604672e-05,0.0032231791273854126,0.15
533,"[0.3477698465, -0.3482548629, 0.4096000453, 0.1413702106]","[-0.001150194117, 5.931579904e-05, 0.0008950522013, -7.89053902e-05]","[0.001710154658, 0.002225364141, 0.002318720496, 0.003223115102]",0.0014607564394200207,0.005816530576941893,0.0002236733609445266,0.25777262891697683,0.34776984651384824,-0.0011501941173332967,0.001710154657634467,0.55,-0.34825486285101515,5.9315799037732786e-05,0.0022253641412605255,-0.35,0.40960004533701677,0.0008950522013496395,0.002318720495512539,0.25,0.14137021063464802,-7.89053902000032e-05,0.003223115101570335,0.15
534,"[0.3478273562, -0.3482578286, 0.4095552927, 0.1413741559]","[-0.001149847725, 5.919446104e-05, 0.000894900026, -7.892802637e-05]","[0.001710147768, 0.002225361857, 0.002318698886, 0.003223051094]",0.0014603867515885734,0.005816188642814563,0.00022356029740100978,0.2576996501311217,0.3478273562197149,-0.0011498477247484198,0.0017101477679365895,0.55,-0.34825782864096705,5.9194461042042166e-05,0.0022253618568813215,-0.35,0.4095552927269493,0.000894900026003555,0.0023186988857151897,0.25,0.14137415590415803,-7.892802637268336e-05,0.0032230510935765734,0.15
535,"[0.3478848486, -0.3482607884, 0.4095105477, 0.1413781023]","[-0.001149502455, 5.907520124e-05, 0.0008947465147, -7.894988876e-05]","[0.001710140881, 0.002225359575, 0.002318677282, 0.003222987104]",0.0014600171864850237,0.005815845959317019,0.00022344728146363345,0.25762668968052393,0.3478848486059523,-0.0011495024554095134,0.0017101408806641668,0.55,-0.34826078836401914,5.9075201235100604e-05,0.002225359574653017,-0.35,0.4095105477256491,0.000894746514663362,0.0023186772823101482,0.25,0.14137810230547665,-7.894988876459723e-05,0.0032229871036341846,0.15
536,"[0.3479423237, -0.3482637421, 0.4094658104, 0.1413820498]","[-0.00114915829, 5.895797979e-05, 0.0008945916933, -7.897099151e-05]","[0.001710133996, 0.002225357295, 0.002318655685, 0.003222923132]",0.0014596477429869273,0.005815502543250147,0.00022333431335087224,0.2575537475629369,0.3479423237287228,-0.0011491582897879423,0.0017101339958329514,0.55,-0.3482637421240809,5.895797978525896e-05,0.0022253572945577006,-0.35,0.4094658103999159,0.0008945916933090597,0.0023186556853686817,0.25,0.14138204979991487,-7.897099151303994e-05,0.003222923131968674,0.15
537,"[0.3479997816, -0.34826669, 0.4094210808, 0.1413859983]","[-0.001148815209, 5.884275762e-05, 0.0008944355874, -7.89913485e-05]","[0.001710127113, 0.002225355017, 0.002318634095, 0.003222859179]",0.0014592784200127336,0.005815158411093011,0.00022322139327642302,0.2574808237760701,0.3479997816432122,-0.0011488152087186128,0.0017101271134583674,0.55,-0.34826669002307015,5.8842757623682096e-05,0.002225355016577793,-0.35,0.40942108081525047,0.0008944355874346269,0.0023186340949606166,0.25,0.1413859983494905,-7.899134849706307e-05,0.003222859178801032,0.15
538,"[0.3480572224, -0.3482696322, 0.409376359, 0.1413899479]","[-0.001148473193, 5.872949643e-05, 0.0008942782221, -7.901097334e-05]","[0.001710120234, 0.002225352741, 0.002318612511, 0.003222795244]",0.0014589092165200014,0.005814813579008914,0.00022310852144929343,0.25740791831758947,0.34805722240364817,-0.0011484731933933362,0.001710120233555513,0.55,-0.3482696321609513,5.872949643012487e-05,0.0022253527406960252,-0.35,0.40937635903587877,0.0008942782220563792,0.0023186125111543028,0.25,0.14138994791691537,-7.901097334334095e-05,0.0032227952443475184,0.15
539,"[0.3481146461, -0.3482725686, 0.4093316451, 0.1413938985]","[-0.001148132225, 5.861815862e-05, 0.0008941196217, -7.902987943e-05]","[0.001710113356, 0.002225350467, 0.002318590934, 0.003222731329]",0.001458540131504618,0.005814468062851304,0.000222995698073894,0.25733503118511825,0.3481146460633178,-0.0011481322253535772,0.0017101133561391742,0.55,-0.34827256863577283,5.861815861786942e-05,0.002225350466895468,-0.35,0.40933164512477593,0.0008941196217240319,0.0023185909340167903,0.25,0.14139389846558253,-7.902987942844824e-05,0.003222731328820384,0.15
540,"[0.3481720527, -0.3482754995, 0.4092869391, 0.14139785]","[-0.001147792286, 5.850870732e-05, 0.0008939598105, -7.904807989e-05]","[0.001710106481, 0.002225348195, 0.002318569364, 0.003222667432]",0.0014581711639984694,0.005814121878169621,0.00022288292335012153,0.25726216237623817,0.3481720526745855,-0.0011477922864847922,0.0017101064812238232,0.55,-0.34827549954370374,5.850870732066815e-05,0.00222534819515948,-0.35,0.40928693914368974,0.0008939598105265111,0.0023185693636136556,0.25,0.14139784995955396,-7.904807988643699e-05,0.0032226674324271508,0.15
541,"[0.3482294423, -0.348278425, 0.4092422412, 0.1414018024]","[-0.001147453359, 5.840110638e-05, 0.0008937988121, -7.906558761e-05]","[0.001710099609, 0.002225345925, 0.0023185478, 0.003222603555]",0.0014578023130688202,0.005813775040214996,0.0002227701974734452,0.25718931188848976,0.34822944228890973,-0.0011474533590092814,0.001710099608823624,0.55,-0.34827842497906975,5.8401106378098596e-05,0.0022253459254717375,-0.35,0.40924224115316343,0.0008937988121029989,0.0023185478000091984,0.25,0.14140180236354827,-7.906558761055305e-05,0.003222603555371371,0.15
542,"[0.348286815, -0.348281345, 0.4091975512, 0.1414057556]","[-0.001147115425, 5.829532032e-05, 0.0008936366497, -7.908241526e-05]","[0.001710092739, 0.002225343658, 0.002318526243, 0.003222539698]",0.0014574335778167295,0.005813427563945876,0.00022265752063499195,0.2571164797193734,0.3482868149568602,-0.0011471154254801324,0.0017100927389524499,0.55,-0.3482813450343886,5.829532032276764e-05,0.002225343657816213,-0.35,0.4091975512125583,0.0008936366496503839,0.0023185262432663723,0.25,0.1414057556429288,-7.908241525971806e-05,0.003222539697852276,0.15
543,"[0.3483441707, -0.3482842598, 0.4091528694, 0.1414097098]","[-0.001146778469, 5.819131437e-05, 0.0008934733459, -7.909857526e-05]","[0.001710085872, 0.002225341392, 0.002318504693, 0.00322247586]",0.0014570649573758426,0.005813079464033504,0.000222544893021628,0.2570436658663502,0.34834417072813423,-0.0011467784687750652,0.0017100858716238745,0.55,-0.3482842598004048,5.819131436641014e-05,0.002225341392177176,-0.35,0.4091528693800758,0.0008934733459317881,0.0023185046934468697,0.25,0.14140970976369177,-7.909857526117494e-05,0.0032224758600651947,0.15
544,"[0.3484015097, -0.3482871694, 0.4091081957, 0.1414136647]","[-0.001146442472, 5.808905439e-05, 0.0008933089233, -7.911407982e-05]","[0.001710079007, 0.002225339129, 0.002318483151, 0.003222412042]",0.0014566964509109465,0.005812730754867322,0.00022243231481603752,0.25697087032684235,0.34840150965157296,-0.001146442472090626,0.001710079006851182,0.55,-0.3482871693661231,5.8089054387462205e-05,0.002225339128539178,-0.35,0.4091081957127792,0.0008933089232838255,0.0023184831506110667,0.25,0.14141366469245484,-7.911407981607721e-05,0.0032224120422012672,0.15
545,"[0.3484588318, -0.3482900738, 0.4090635303, 0.1414176204]","[-0.001146107419, 5.798850692e-05, 0.0008931434036, -7.91289409e-05]","[0.001710072145, 0.002225336867, 0.002318461615, 0.003222348244]",0.0014563280576172547,0.005812381450560328,0.00022231978619680434,0.2568980930982343,0.3484588317751775,-0.0011461074189356812,0.0017100721446473787,0.55,-0.34829007381884247,5.798850691798484e-05,0.0022253368668870566,-0.35,0.40906353026661496,0.0008931434036261226,0.002318461614818136,0.25,0.14141762039644565,-7.912894090283819e-05,0.0032223482444478395,0.15
546,"[0.3485161371, -0.3482929732, 0.4090188731, 0.1414215768]","[-0.001145773293, 5.788963913e-05, 0.0008929768085, -7.914317028e-05]","[0.001710065285, 0.002225334607, 0.002318440086, 0.003222284467]",0.0014559597767189781,0.005812031564954206,0.00022220730733848844,0.2568253341778733,0.3485161371461243,-0.001145773293125901,0.0017100652850251929,0.55,-0.3482929732441884,5.7889639131283624e-05,0.002225334607205928,-0.35,0.40901887309643364,0.0008929768084682129,0.0023184400861260297,0.25,0.1414215768434908,-7.914317028132551e-05,0.003222284466988403,0.15
547,"[0.3485734258, -0.3482958677, 0.4089742243, 0.141425534]","[-0.001145440079, 5.779241883e-05, 0.0008928091589, -7.91567795e-05]","[0.001710058428, 0.002225332349, 0.002318418565, 0.00322222071]",0.0014555916074681756,0.005811681111624498,0.00022209487841170163,0.2567525935630698,0.3485734258107806,-0.0011454400787783141,0.0017100584279970772,0.55,-0.34829586772614496,5.779241882967311e-05,0.002225332349481173,-0.35,0.4089742242560102,0.0008928091589166988,0.0023184185645914635,0.25,0.14142553400200486,-7.915677949733656e-05,0.0032222207100025576,0.15
548,"[0.3486306978, -0.3482987573, 0.4089295838, 0.1414294918]","[-0.00114510776, 5.769681443e-05, 0.0008926404757, -7.916977989e-05]","[0.001710051574, 0.002225330094, 0.00231839705, 0.003222156974]",0.0014552235491439103,0.005811330103885637,0.00022198249958318547,0.2566798712510989,0.3486306978147195,-0.0011451077603050678,0.0017100515735752227,0.55,-0.34829875734708643,5.7696814432372154e-05,0.002225330093698446,-0.35,0.4089295837980644,0.0008926404756839591,0.002318397050270018,0.25,0.14142949184097972,-7.916977988589808e-05,0.0032221569736663107,0.15
549,"[0.3486879532, -0.3483016422, 0.4088849518, 0.1414334503]","[-0.001144776322, 5.760279496e-05, 0.0008924707791, -7.918218258e-05]","[0.001710044722, 0.00222532784, 0.002318375543, 0.003222093258]",0.0014548556010511961,0.00581097855479584,0.00022187017101588213,0.2566071672392003,0.34868795320273477,-0.0011447763224084154,0.0017100447217715544,0.55,-0.34830164218780807,5.760279496367938e-05,0.0022253278398436578,-0.35,0.4088849517742802,0.0008924707790947849,0.0023183755432161016,0.25,0.141433450329974,-7.918218257550814e-05,0.0032220932581519825,0.15
550,"[0.348745192, -0.3483045223, 0.4088403282, 0.1414374094]","[-0.00114444575, 5.751033004e-05, 0.0008923000891, -7.919399849e-05]","[0.001710037873, 0.002225325588, 0.002318354043, 0.003222029564]",0.0014544877625200937,0.005810626477161956,0.0002217578928690068,0.25653448152457936,0.3487451920188552,-0.00114444575007497,0.0017100378725977456,0.55,-0.34830452232755627,5.7510330041565736e-05,0.0022253255879029804,-0.35,0.40884032823532546,0.0008923000890941692,0.0023183540434830157,0.25,0.1414374094391028,-7.919399849165257e-05,0.0032220295636283974,0.15
551,"[0.3488024143, -0.3483073978, 0.4087957132, 0.1414413691]","[-0.001144116029, 5.741938987e-05, 0.0008921284253, -7.920523836e-05]","[0.001710031026, 0.002225323338, 0.002318332551, 0.00322196589]",0.0014541200329045963,0.0058102738835442026,0.00022164566529811897,0.25646181410440755,0.34880241430635894,-0.001144116028570649,0.0017100310260652121,0.55,-0.34830739784405834,5.741938986611357e-05,0.0022253233378628353,-0.35,0.40879571323087077,0.0008921284252537949,0.002318332551122937,0.25,0.14144136913902738,-7.920523836071144e-05,0.003221965890260844,0.15
552,"[0.3488596201, -0.3483102688, 0.4087511068, 0.1414453294]","[-0.001143787143, 5.732994521e-05, 0.0008919558068, -7.921591271e-05]","[0.001710024182, 0.00222532109, 0.002318311066, 0.003221902238]",0.0014537524115819836,0.005809920786260829,0.00022153348845519252,0.25638916497582337,0.3488596201077875,-0.0011437871434352778,0.0017100241821851293,0.55,-0.34831026881355165,5.7329945208492286e-05,0.0022253210897098924,-0.35,0.4087511068096081,0.0008919558067796578,0.002318311066186976,0.25,0.14144532940094542,-7.921591271354926e-05,0.0032219022382112437,0.15
553,"[0.3489168095, -0.3483131353, 0.408706509, 0.1414492902]","[-0.00114345908, 5.72419674e-05, 0.0008917822525, -7.922603189e-05]","[0.001710017341, 0.002225318843, 0.002318289589, 0.003221838608]",0.0014533848979515179,0.005809567197392702,0.0002214213624886834,0.25631653413593275,0.34891680946495923,-0.001143459080477796,0.0017100173409684218,0.55,-0.3483131353108121,5.724196740010203e-05,0.002225318843431055,-0.35,0.4087065090192691,0.0008917822525177476,0.0023182895887251267,0.25,0.1414492901965811,-7.922603188949081e-05,0.003221838607637979,0.15
554,"[0.3489739824, -0.3483159974, 0.4086619199, 0.1414532515]","[-0.001143131826, 5.715542832e-05, 0.000891607781, -7.923560604e-05]","[0.001710010502, 0.002225316599, 0.002318268119, 0.003221774999]",0.0014530174914342644,0.005809213128787877,0.00022130928754359808,0.2562439215818098,0.34897398241898314,-0.001143131825770619,0.0017100105024257862,0.55,-0.3483159974091821,5.7155428321749756e-05,0.0022253165990134744,-0.35,0.4086619199066432,0.0008916077809627106,0.0023182681187863927,0.25,0.14145325149817556,-7.923560603896834e-05,0.003221774998696328,0.15
555,"[0.349031139, -0.3483188552, 0.4086173395, 0.1414572133]","[-0.001142805366, 5.707030039e-05, 0.0008914324103, -7.924464513e-05]","[0.001710003667, 0.002225314356, 0.002318246656, 0.003221711412]",0.0014526501914718464,0.005808858592065834,0.00022119726376155724,0.2561713273104974,0.34903113901027166,-0.0011428053656453638,0.0017100036665676794,0.55,-0.3483188551805982,5.707030039317459e-05,0.002225314356444532,-0.35,0.40861733951759505,0.0008914324102628233,0.002318246656418737,0.25,0.14145721327847752,-7.924464512763762e-05,0.0032217114115382847,0.15
556,"[0.3490882793, -0.3483217087, 0.4085727679, 0.1414611755]","[-0.001142479687, 5.698655656e-05, 0.0008912561582, -7.925315894e-05]","[0.001709996833, 0.002225312116, 0.002318225202, 0.003221647846]",0.0014522829975256184,0.005808503598621939,0.00022108529128086175,0.25609875131900783,0.3490882792785539,-0.001142479686687714,0.0017099968334043302,0.55,-0.34832170869561785,5.6986556562677225e-05,0.0022253121157118317,-0.35,0.4085727678970819,0.0008912561582267717,0.0023182252016690935,0.25,0.1414611755107339,-7.925315893970739e-05,0.003221647846312606,0.15
557,"[0.3491454033, -0.348324558, 0.4085282051, 0.1414651382]","[-0.001142154776, 5.69041703e-05, 0.0008910790423, -7.926115708e-05]","[0.001709990003, 0.002225309877, 0.002318203755, 0.003221584303]",0.001451915909076275,0.00580814815963169,0.00022097337023655508,0.2560261936043233,0.3491454032628883,-0.0011421547757326578,0.0017099900029457443,0.55,-0.348324558023446,5.690417029711407e-05,0.0022253098768032086,-0.35,0.4085282050891706,0.0008910790423306267,0.0023182037545834366,0.25,0.1414651381686809,-7.926115708087164e-05,0.003221584303165027,0.15
558,"[0.349202511, -0.3483274032, 0.4084836511, 0.1414691012]","[-0.00114183062, 5.682311557e-05, 0.0008909010797, -7.926864898e-05]","[0.001709983175, 0.00222530764, 0.002318182315, 0.003221520782]",0.001451548925622899,0.005807792286054761,0.00022086150076048623,0.2559536541633964,0.34920251100167493,-0.0011418306198598255,0.0017099831752017095,0.55,-0.3483274032319608,5.682311557203969e-05,0.002225307639706713,-0.35,0.40848365113705404,0.000890901079723634,0.0023181823152067624,0.25,0.14146910122653494,-7.926864898223723e-05,0.0032215207822381556,0.15
559,"[0.3492596025, -0.3483302444, 0.4084391061, 0.1414730647]","[-0.001141507206, 5.674336686e-05, 0.0008907222872, -7.92756439e-05]","[0.00170997635, 0.002225305404, 0.002318160884, 0.003221457284]",0.0014511820466823352,0.005807435988639245,0.0002207496829813728,0.2558811329931511,0.3492596025326679,-0.0011415072063891128,0.001709976350181793,0.55,-0.3483302443877394,5.6743366861638624e-05,0.002225305404410615,-0.35,0.4084391060830679,0.0008907222872342835,0.002318160883583124,0.25,0.14147306465898404,-7.927564390269362e-05,0.0032214572836716964,0.15
560,"[0.3493166779, -0.3483330816, 0.40839457, 0.1414770284]","[-0.001141184523, 5.666489913e-05, 0.0008905426814, -7.928215093e-05]","[0.001709969528, 0.002225303171, 0.00231813946, 0.003221393808]",0.001450815271788412,0.005807079277925587,0.0002206379170248558,0.2558086300904829,0.34931667789298737,-0.0011411845228761427,0.0017099695278953518,0.55,-0.3483330815560825,5.666489912960439e-05,0.0022253031709033888,-0.35,0.40839456996870616,0.0008905426813760902,0.0023181394597556154,0.25,0.14147702844117918,-7.928215093291592e-05,0.0032213938076022914,0.15
561,"[0.3493737371, -0.3483359148, 0.4083500428, 0.1414809925]","[-0.001140862557, 5.658768782e-05, 0.0008903622784, -7.9288179e-05]","[0.001709962708, 0.002225300939, 0.002318118044, 0.003221330354]",0.0014504486004916057,0.0058067221642505405,0.0002205262030135634,0.25573614545225953,0.34937373711913117,-0.001140862557107471,0.0017099627083515395,0.55,-0.348335914801039,5.658768781962519e-05,0.0022253009391737214,-0.35,0.40835004283463733,0.000890362278354538,0.002318118043766458,0.25,0.14148099254872581,-7.928817899791392e-05,0.003221330354163801,0.15
562,"[0.3494307802, -0.3483387442, 0.4083055247, 0.141484957]","[-0.001140541297, 5.651170885e-05, 0.0008901810941, -7.929373686e-05]","[0.001709955892, 0.002225298709, 0.002318096636, 0.003221266923]",0.0014500820323581612,0.005806364657751091,0.00022041454106716627,0.25566367907532167,0.34943078024698654,-0.0011405412970968798,0.0017099558915592995,0.55,-0.34833874418543,5.6511708845925914e-05,0.002225298709210507,-0.35,0.4083055247207196,0.0008901810940716853,0.0023180966356569606,0.25,0.1414849569576757,-7.929373685981172e-05,0.003221266923487297,0.15
563,"[0.3494878073, -0.3483415698, 0.4082610157, 0.1414889216]","[-0.001140220731, 5.643693858e-05, 0.0008899991441, -7.929883312e-05]","[0.001709949078, 0.002225296481, 0.002318075235, 0.003221203516]",0.0014497155669695697,0.005806006768368106,0.000220302931302436,0.25559123095648306,0.34948780731184137,-0.001140220731080724,0.0017099490775273798,0.55,-0.3483415697708723,5.643693858471627e-05,0.0022252964810028308,-0.35,0.408261015666016,0.0008899991441323845,0.0023180752354675527,0.25,0.1414889216445187,-7.929883312160668e-05,0.0032212035157010016,0.15
564,"[0.3495448183, -0.3483443916, 0.4082165157, 0.1414928866]","[-0.001139900848, 5.636335387e-05, 0.0008898164438, -7.930347623e-05]","[0.001709942266, 0.002225294255, 0.002318053843, 0.003221140131]",0.0014493492039220168,0.005805648505850209,0.00022019137383329741,0.25551880109253144,0.3495448183483954,-0.0011399008475139927,0.0017099422662643303,0.55,-0.3483443916178015,5.636335386507734e-05,0.0022252942545399794,-0.35,0.4082165157088094,0.000889816443849655,0.002318053843237796,0.25,0.1414928865861748,-7.93034762296007e-05,0.0032211401309304383,0.15
565,"[0.3496018134, -0.3483472098, 0.4081720249, 0.1414968518]","[-0.001139581635, 5.629093196e-05, 0.0008896330083, -7.930767448e-05]","[0.001709935458, 0.00222529203, 0.002318032459, 0.003221076769]",0.0014489829428257891,0.005805289879757392,0.00022007986877088716,0.2554463894802287,0.3496018133907711,-0.0011395816350662513,0.0017099354577785081,0.55,-0.34834720978549477,5.6290931960373726e-05,0.002225292029811426,-0.35,0.4081720248866169,0.0008896330082500256,0.0023180324590064,0.25,0.14149685175998628,-7.93076744764057e-05,0.0032210767692984342,0.15
566,"[0.3496587925, -0.3483500243, 0.4081275432, 0.1415008171]","[-0.001139263083, 5.621965058e-05, 0.0008894488521, -7.9311436e-05]","[0.001709928652, 0.002225289807, 0.002318011083, 0.003221013431]",0.0014486167833048572,0.005804930899464567,0.0002199684162236038,0.25537399611631184,0.34965879247252446,-0.0011392630826172637,0.0017099286520780841,0.55,-0.3483500243320928,5.621965057973838e-05,0.0022252898068068384,-0.35,0.4081275432362044,0.0008894488520795674,0.00231801108281127,0.25,0.1415008171437101,-7.931143600359958e-05,0.0032210134309252846,0.15
567,"[0.3497157556, -0.3483528353, 0.4080830708, 0.1415047827]","[-0.001138945179, 5.614948786e-05, 0.0008892639898, -7.93147688e-05]","[0.001709921849, 0.002225287586, 0.002317989715, 0.003220950116]",0.0014482507249963012,0.005804571574165116,0.0002198570162971632,0.2553016209974931,0.3497157556266553,-0.0011389451792536264,0.0017099218491710398,0.55,-0.34835283531462174,5.614948785962225e-05,0.0022252875855160665,-0.35,0.40808307079360046,0.0008892639898083442,0.0023179897146894763,0.25,0.14150478271551029,-7.93147688043332e-05,0.0032209501159286796,0.15
568,"[0.3497727029, -0.3483556428, 0.4080386076, 0.1415087485]","[-0.001138627914, 5.608042236e-05, 0.0008890784356, -7.931768073e-05]","[0.001709915049, 0.002225285366, 0.002317968355, 0.003220886824]",0.00144788476754982,0.005804211912874348,0.0002197456690946482,0.25522926412046043,0.34977270288561796,-0.0011386279142644206,0.0017099150490651805,0.55,-0.3483556427890147,5.60804223559215e-05,0.0022252853659291386,-0.35,0.40803860759411004,0.0008890784356361152,0.002317968354677302,0.25,0.1415087484539505,-7.931768072674964e-05,0.003220886824423772,0.15
569,"[0.3498296343, -0.3483584468, 0.4079941537, 0.1415127143]","[-0.001138311277, 5.601243304e-05, 0.0008888922035, -7.932017948e-05]","[0.001709908252, 0.002225283148, 0.002317947003, 0.003220823557]",0.0014475189106273058,0.005803851924432911,0.00021963437471656148,0.25515692548187807,0.3498296342813312,-0.0011383112771377174,0.0017099082517681291,0.55,-0.3483584468101325,5.601243303555943e-05,0.002225283148036268,-0.35,0.4079941536723282,0.0008888922034972127,0.002317947002810254,0.25,0.14151271433798684,-7.932017947576771e-05,0.0032208235565233437,0.15
570,"[0.3498865498, -0.3483612474, 0.4079497091, 0.1415166803]","[-0.001137995258, 5.594549927e-05, 0.0008887053071, -7.932227262e-05]","[0.001709901457, 0.002225280932, 0.002317925659, 0.003220760312]",0.0014471531539022445,0.005803491617510056,0.00021952313326087082,0.2550846050783872,0.3498865498451881,-0.001137995257556882,0.0017099014572873367,0.55,-0.34836124743178426,5.594549926902309e-05,0.002225280931827832,-0.35,0.40794970906215333,0.00088870530706514,0.0023179256591230424,0.25,0.14151668034696063,-7.932227261654938e-05,0.003220760312337592,0.15
571,"[0.3499434496, -0.3483640447, 0.4079052738, 0.1415206465]","[-0.001137679845, 5.587960082e-05, 0.0008885177598, -7.932396758e-05]","[0.001709894666, 0.002225278717, 0.002317904324, 0.003220697092]",0.0014467874970594565,0.005803131000606991,0.0002194119448230628,0.2550123029066062,0.34994344960806595,-0.0011376798453967632,0.00170989466563008,0.55,-0.3483640447067477,5.587960082228241e-05,0.0022252787172943865,-0.35,0.4079052737968001,0.0008885177597580507,0.0023179043236496496,0.25,0.14152064646059145,-7.932396757627331e-05,0.0032206970919744773,0.15
572,"[0.3500003336, -0.3483668387, 0.4078608479, 0.1415246127]","[-0.001137365031, 5.581471785e-05, 0.0008883295747, -7.932527165e-05]","[0.001709887877, 0.002225276504, 0.002317882996, 0.003220633896]",0.001446421939794808,0.005802770082059967,0.00021930080949618774,0.25494001896313095,0.3500003336003358,-0.0011373650307200797,0.0017098878768034712,0.55,-0.3483668386867888,5.581471784931527e-05,0.002225276504426659,-0.35,0.40786084790881216,0.0008883295747437804,0.0023178829964233417,0.25,0.14152461265897026,-7.93252716466983e-05,0.0032206338955397032,0.15
573,"[0.3500572019, -0.3483696294, 0.4078164314, 0.1415285789]","[-0.001137050804, 5.575083089e-05, 0.0008881407649, -7.932619199e-05]","[0.001709881091, 0.002225274293, 0.002317861677, 0.003220570723]",0.00144605648181407,0.005802408870043562,0.00021918972737090798,0.25486775324453564,0.3500572018518718,-0.001137050803774505,0.0017098810908144529,0.55,-0.3483696294226813,5.575083088508322e-05,0.0022252742932155232,-0.35,0.40781643143007495,0.0008881407649424178,0.0023178616774765693,0.25,0.1415285789225526,-7.932619198825558e-05,0.003220570723136342,0.15
574,"[0.3501140544, -0.348372417, 0.4077720244, 0.1415325452]","[-0.001136737155, 5.568792084e-05, 0.000887951343, -7.932673563e-05]","[0.001709874308, 0.002225272084, 0.002317840367, 0.003220507575]",0.0014456911228337374,0.005802047372573712,0.0002190786985355424,0.254795505747373,0.3501140543920605,-0.0011367371549881105,0.0017098743076698108,0.55,-0.34837241696422555,5.568792083747684e-05,0.0022252720836520375,-0.35,0.40777202439182786,0.0008879513430346249,0.002317840366841189,0.25,0.14153254523215203,-7.932673562938167e-05,0.003220507574865687,0.15
575,"[0.3501708912, -0.3483752014, 0.4077276268, 0.1415365116]","[-0.001136424075, 5.562596898e-05, 0.0008877613215, -7.932690947e-05]","[0.001709867527, 0.002225269876, 0.002317819065, 0.003220444451]",0.0014453258625795544,0.005801685597510622,0.00021896772307611342,0.2547232764681745,0.35017089124980993,-0.001136424074967071,0.0017098675273761702,0.55,-0.34837520136026745,5.562596898082375e-05,0.0022252698757274036,-0.35,0.4077276268246761,0.0008877613214626789,0.002317819064548284,0.25,0.1415365115689335,-7.932690947183146e-05,0.0032204444508265274,0.15
576,"[0.3502277125, -0.3483779827, 0.4076832388, 0.1415404779]","[-0.001136111554, 5.556495695e-05, 0.0008875707124, -7.932672029e-05]","[0.00170986075, 0.002225267669, 0.002317797771, 0.003220381351]",0.0014449607007867833,0.005801323552561916,0.00021885680107639017,0.25465106540345134,0.35022771245355827,-0.0011361115544917945,0.00170986074994,0.55,-0.3483779826587165,5.556495694864777e-05,0.002225267669432984,-0.35,0.40768323875860296,0.0008875707124367862,0.0023177977706282855,0.25,0.14154047791440708,-7.932672029159478e-05,0.00322038135111563,0.15
577,"[0.350284518, -0.3483807609, 0.4076388602, 0.1415444443]","[-0.001135799585, 5.550486673e-05, 0.0008873795279, -7.932617474e-05]","[0.001709853975, 0.002225265465, 0.002317776485, 0.003220318276]",0.001444595637199537,0.005800961245285498,0.0002187459326179316,0.25457887254969436,0.35028451803128285,-0.0011357995845137814,0.0017098539753676164,0.55,-0.34838076090656395,5.550486672675192e-05,0.002225265464760292,-0.35,0.4076388602229811,0.0008873795279387552,0.0023177764851109364,0.25,0.14154444425042165,-7.932617474135495e-05,0.0032203182758275893,0.15
578,"[0.350341308, -0.3483835361, 0.4075944912, 0.1415484106]","[-0.001135488156, 5.544568065e-05, 0.0008871877797, -7.932527935e-05]","[0.001709847204, 0.002225263262, 0.002317755208, 0.003220255225]",0.0014442306715707401,0.005800598683092346,0.00021863511778013133,0.25450669790337455,0.35034130801050856,-0.0011354881561524927,0.0017098472036651874,0.55,-0.3483835361499003,5.544568064651199e-05,0.0022252632617009915,-0.35,0.4075944912465842,0.0008871877797266645,0.0023177552080253408,0.25,0.1415484105591587,-7.932527935280135e-05,0.0032202552250549872,0.15
579,"[0.3503980824, -0.3483863084, 0.4075501319, 0.1415523768]","[-0.001135177261, 5.538738138e-05, 0.0008869954793, -7.932404054e-05]","[0.001709840435, 0.00222526106, 0.002317733939, 0.003220192199]",0.0014438658036614424,0.005800235873249378,0.00021852435664025715,0.25443454146094363,0.35039808241831616,-0.0011351772606922272,0.0017098404348387314,0.55,-0.34838630843393265,5.5387381378271984e-05,0.002225261060246891,-0.35,0.40755013185759786,0.0008869954793384316,0.002317733939399932,0.25,0.14155237682312635,-7.9324040539032e-05,0.0032201921988883023,0.15
580,"[0.3504548413, -0.3483890778, 0.4075057821, 0.141556343]","[-0.00113486689, 5.532995192e-05, 0.0008868026381, -7.93224646e-05]","[0.001709833669, 0.00222525886, 0.002317712679, 0.003220129197]",0.0014435010332408767,0.005799872822882191,0.00021841364927349297,0.25436240321883424,0.3504548412813508,-0.0011348668895788153,0.0017098336688941265,0.55,-0.34838907780300155,5.532995192495024e-05,0.0022252588603899445,-0.35,0.4075057820836309,0.0008868026380968241,0.002317712679262534,0.25,0.1415563430251533,-7.93224645966032e-05,0.0032201291974160674,0.15
581,"[0.3505115846, -0.3483918443, 0.407461442, 0.1415603091]","[-0.001134557034, 5.527337562e-05, 0.0008866092671, -7.932055771e-05]","[0.001709826906, 0.002225256662, 0.002317691428, 0.003220066221]",0.0014431363600859411,0.005799509538977792,0.0002183029957529801,0.2542902831734605,0.3505115846258297,-0.0011345570344169045,0.0017098269058371072,0.55,-0.3483918443005978,5.527337561538439e-05,0.0022252566621222486,-0.35,0.40746144195172607,0.0008866092671128044,0.002317691427640348,0.25,0.14156030914838313,-7.932055770728056e-05,0.0032200662207248947,0.15
582,"[0.3505683125, -0.348394608, 0.4074171115, 0.1415642752]","[-0.001134247687, 5.52176361e-05, 0.0008864153773, -7.931832594e-05]","[0.001709820146, 0.002225254465, 0.002317670185, 0.003220003269]",0.0014427717839808727,0.005799146028387198,0.00021819239614985416,0.25421818132121804,0.35056831247755055,-0.0011342476869669778,0.0017098201456732685,0.55,-0.34839460796937854,5.521763609842439e-05,0.0022252544654360325,-0.35,0.40741711148837045,0.0008864153772893626,0.0023176701845599402,0.25,0.1415642751762685,-7.931832594091671e-05,0.0032200032688993727,0.15
583,"[0.3506250249, -0.3483973689, 0.4073727907, 0.1415682411]","[-0.001133938839, 5.516271734e-05, 0.0008862209793, -7.931577526e-05]","[0.001709813388, 0.00222525227, 0.00231764895, 0.003219940342]",0.001442407304717197,0.0057987822978280675,0.00021808185053328688,0.2541460976584849,0.3506250248618989,-0.0011339388391422118,0.0017098133884080706,0.55,-0.34839736885118344,5.51627173366689e-05,0.0022252522703236663,-0.35,0.407372790719506,0.0008862209793261411,0.0023176489500473085,0.25,0.14156824109256552,-7.93157752568294e-05,0.0032199403420223034,0.15
584,"[0.3506817218, -0.348400127, 0.4073284797, 0.1415722069]","[-0.001133630483, 5.51086036e-05, 0.0008860260837, -7.931291151e-05]","[0.001709806634, 0.002225250077, 0.002317627724, 0.00321987744]",0.0014420429220932888,0.005798418353887283,0.0002179713589705234,0.25407403218162145,0.350681721803856,-0.001133630483005726,0.0017098066340468416,0.55,-0.34840012698705025,5.5108603600304994e-05,0.0022252500767776556,-0.35,0.4073284796705397,0.0008860260837228468,0.0023176277241278615,0.25,0.14157220688132838,-7.93129115058488e-05,0.0032198774401746544,0.15
585,"[0.3507384033, -0.3484028824, 0.4072841784, 0.1415761725]","[-0.001133322611, 5.505527946e-05, 0.0008858307008, -7.930974043e-05]","[0.001709799883, 0.002225247885, 0.002317606507, 0.003219814563]",0.001441678635914146,0.005798054203023365,0.0002178609215269192,0.25400198488697073,0.35073840332800627,-0.0011333226107680151,0.0017097998825947763,0.55,-0.3484028824172303,5.505527946151534e-05,0.00222524788479063,-0.35,0.40728417836635356,0.0008858307007826779,0.002317606506826426,0.25,0.14157617252690366,-7.930974043285517e-05,0.003219814563435534,0.15
586,"[0.3507950695, -0.3484056352, 0.4072398868, 0.141580138]","[-0.001133015215, 5.500272979e-05, 0.0008856348406, -7.930626768e-05]","[0.001709793134, 0.002225245694, 0.002317585298, 0.003219751712]",0.0014413144459911498,0.005797689851569026,0.00021775053826597428,0.2539299557708593,0.35079506945854466,-0.0011330152147838847,0.001709793134056944,0.55,-0.3484056351812034,5.500272978853037e-05,0.0022252456943553513,-0.35,0.4072398868313144,0.0008856348406164681,0.0023175852981672626,0.25,0.1415801380139253,-7.930626767825802e-05,0.0032197517118822743,0.15
587,"[0.3508517202, -0.3484083853, 0.4071956051, 0.1415841033]","[-0.001132708288, 5.495093974e-05, 0.0008854385131, -7.930249878e-05]","[0.001709786388, 0.002225243505, 0.002317564098, 0.003219688886]",0.0014409503521417865,0.005797325305733573,0.00021764020924937565,0.2538579448295971,0.35085172021928385,-0.0011327082875500236,0.001709786388438284,0.55,-0.3484083853176928,5.495093973992361e-05,0.0022252435054647035,-0.35,0.4071956050892836,0.0008854385131458825,0.0023175640981740768,0.25,0.14158410332730922,-7.930249877992349e-05,0.0032196888855904895,0.15
588,"[0.3509083556, -0.3484111329, 0.4071513332, 0.1415880685]","[-0.001132401822, 5.489989476e-05, 0.0008852417281, -7.929843918e-05]","[0.001709779646, 0.002225241318, 0.002317542907, 0.003219626085]",0.0014405863541895878,0.005796960571605181,0.00021752993453702464,0.2537859520594777,0.35090835563366135,-0.0011324018217020347,0.0017097796457436172,0.55,-0.3484111328646798,5.489989475911311e-05,0.0022252413181117004,-0.35,0.4071513331636263,0.0008852417281076368,0.0023175429068700484,0.25,0.14158806845224822,-7.929843917508702e-05,0.0032196260846341015,0.15
589,"[0.3509649757, -0.3484138779, 0.4071070711, 0.1415920334]","[-0.00113209581, 5.484958057e-05, 0.0008850444951, -7.92940942e-05]","[0.001709772906, 0.002225239132, 0.002317521724, 0.003219563309]",0.0014402224519637313,0.005796595655153311,0.00021741971418707845,0.2537139774567791,0.35096497572474644,-0.0011320958100121843,0.00170977290597764,0.55,-0.34841387785941774,5.4849580568865175e-05,0.0022252391322894736,-0.35,0.4071070710772209,0.0008850444950562437,0.002317521724277826,0.25,0.14159203337420698,-7.929409420213405e-05,0.003219563309085399,0.15
590,"[0.3510215805, -0.3484166203, 0.4070628189, 0.1415959981]","[-0.001131790245, 5.479998317e-05, 0.0008848468234, -7.92894691e-05]","[0.001709766169, 0.002225236948, 0.00231750055, 0.003219500559]",0.0014398586452987025,0.0057962305622309826,0.00021730954825597876,0.25364202101776373,0.35102158051524707,-0.0011317902453868037,0.001709766169144931,0.55,-0.34841662033844617,5.4799983166169064e-05,0.0022252369479912656,-0.35,0.4070628188524681,0.0008848468233671939,0.0023175005504194866,0.25,0.1415959980789171,-7.928946910320258e-05,0.003219500559014816,0.15
591,"[0.35107817, -0.3484193603, 0.4070185765, 0.1415999626]","[-0.001131485121, 5.475108882e-05, 0.0008846487222, -7.928456902e-05]","[0.001709759435, 0.002225234765, 0.002317479385, 0.003219437834]",0.0014394949340346267,0.005795865298576919,0.0002171994367984897,0.2535700827386789,0.3510781700275164,-0.0011314851208635,0.001709759435249952,0.55,-0.34841936033760446,5.475108881644827e-05,0.002225234765210451,-0.35,0.40701857651129975,0.0008846487222417452,0.0023174793853166773,0.25,0.14159996255237225,-7.92845690240306e-05,0.003219437834491524,0.15
592,"[0.3511347443, -0.3484220979, 0.4069743441, 0.1416039268]","[-0.00113118043, 5.470288405e-05, 0.0008844502007, -7.927939902e-05]","[0.001709752704, 0.002225232584, 0.002317458229, 0.003219375136]",0.0014391313180164215,0.005795499869817826,0.00021708937986772523,0.2534981626157569,0.35113474428355956,-0.0011311804296090424,0.0017097527042970514,0.55,-0.34842209789204526,5.4702884049089385e-05,0.002225232583940505,-0.35,0.4069743440751877,0.000884450200708467,0.0023174582289904777,0.25,0.14160392678082345,-7.92793990179605e-05,0.003219375135582808,0.15
593,"[0.3511913033, -0.348424833, 0.4069301216, 0.1416078908]","[-0.001130876165, 5.465535565e-05, 0.0008842512676, -7.927396405e-05]","[0.001709745976, 0.002225230404, 0.002317437081, 0.003219312462]",0.0014387677970939888,0.005795134281470529,0.0002169793775151879,0.2534262606452155,0.35119130330504,-0.001130876164916934,0.001709745976290463,0.55,-0.3484248330362477,5.465535565190058e-05,0.0022252304041750198,-0.35,0.40693012156515224,0.000884251267627257,0.0023174370814614932,0.25,0.14160789075077435,-7.927396404627724e-05,0.0032193124623545364,0.15
594,"[0.3512478471, -0.3484275658, 0.406885909, 0.1416118544]","[-0.00113057232, 5.460849067e-05, 0.0008840519317, -7.926826898e-05]","[0.001709739251, 0.002225228226, 0.002317415943, 0.003219249815]",0.001438404371122046,0.005794768538944102,0.00021686942979079306,0.2533543768232583,0.3512478471132858,-0.001130572320204626,0.001709739251234315,0.55,-0.34842756580403034,5.4608490666350164e-05,0.0022252282259076993,-0.35,0.40688590900177085,0.0008840519316930484,0.002317415942749865,0.25,0.14161185444897667,-7.926826897990018e-05,0.003219249814871075,0.15
595,"[0.3513043757, -0.3484302962, 0.4068417064, 0.1416158179]","[-0.001130268889, 5.456227638e-05, 0.0008838522014, -7.92623186e-05]","[0.001709732529, 0.002225226049, 0.002317394813, 0.003219187193]",0.0014380410399597776,0.0057944026475418315,0.00021675953674290486,0.25328251114607475,0.35130437572929607,-0.0011302688890117147,0.0017097325291326251,0.55,-0.34843029622856364,5.4562276382713926e-05,0.002225226049132354,-0.35,0.4068417064051862,0.0008838522014379183,0.0023173948128752484,0.25,0.14161581786242566,-7.926231860161825e-05,0.0032191871931952923,0.15
596,"[0.3513608892, -0.3484330243, 0.4067975138, 0.141619781]","[-0.001129965865, 5.451670034e-05, 0.0008836520852, -7.925611761e-05]","[0.00170972581, 0.002225223874, 0.002317373692, 0.003219124597]",0.001437677803470757,0.005794036612463392,0.00021664969841836545,0.2532106636098408,0.35136088917374664,-0.0011299658649975514,0.001709725809989305,0.55,-0.34843302434238277,5.451670033517755e-05,0.0022252238738429,-0.35,0.4067975137951143,0.0008836520852344738,0.0023173736918568333,0.25,0.14161978097835576,-7.925611760720143e-05,0.003219124597388582,0.15
597,"[0.3514173875, -0.3484357502, 0.4067533312, 0.1416237438]","[-0.001129663242, 5.44717503e-05, 0.0008834515913, -7.924967061e-05]","[0.001709719094, 0.0022252217, 0.00231735258, 0.003219062028]",0.0014373146615227525,0.005793670438806717,0.0002165399148625239,0.2531388342107188,0.3514173874669965,-0.00112966324193876,0.0017097190938081645,0.55,-0.34843575017739953,5.447175029740484e-05,0.0022252217000333576,-0.35,0.4067533311908526,0.0008834515912990444,0.002317352579713355,0.25,0.14162374378423612,-7.924967060750732e-05,0.003219062027510895,0.15
598,"[0.3514738706, -0.3484384738, 0.4067091586, 0.1416277063]","[-0.001129361014, 5.442741428e-05, 0.0008832507277, -7.924298213e-05]","[0.001709712381, 0.002225219528, 0.002317331476, 0.003218999484]",0.0014369516139874621,0.0057933041315700075,0.00021643018611926387,0.25306702294485806,0.35147387062909347,-0.0011293610137275605,0.0017097123805929074,0.55,-0.3484384737649144,5.4427414277785646e-05,0.002225219527697842,-0.35,0.40670915861128765,0.0008832507276938117,0.0023173314764630723,0.25,0.1416277062677665,-7.924298212974641e-05,0.003218999483620689,0.15
599,"[0.3515303387, -0.3484411951, 0.4066649961, 0.1416316684]","[-0.001129059174, 5.438368051e-05, 0.0008830495023, -7.923605662e-05]","[0.00170970567, 0.002225217357, 0.002317310382, 0.003218936966]",0.0014365886607408391,0.005792937695653714,0.00021632051223103538,0.25299522980839506,0.35153033867977984,-0.0011290591743688422,0.001709705670347143,0.55,-0.34844119513562827,5.4383680514781696e-05,0.002225217356830582,-0.35,0.406664996074903,0.000883049502331524,0.0023173103821238737,0.25,0.141631668416873,-7.923605661831126e-05,0.003218936965775283,0.15
600,"[0.3515867916, -0.3484439143, 0.4066208436, 0.1416356302]","[-0.001128757718, 5.434053747e-05, 0.000882847923, -7.922889844e-05]","[0.001709698963, 0.002225215187, 0.002317289297, 0.003218874474]",0.001436225801662235,0.005792571135862239,0.00021621089323888197,0.25292345479745365,0.35158679163849826,-0.0011287577179788322,0.0017096989630743795,0.55,-0.348443914319654,5.434053747290465e-05,0.002225215187425894,-0.35,0.4066208435997864,0.0008828479229760106,0.002317289296713158,0.25,0.1416356302197039,-7.9228898437682e-05,0.0032188744740304343,0.15
601,"[0.3516432295, -0.3484466313, 0.4065767012, 0.1416395917]","[-0.001128456639, 5.429797384e-05, 0.0008826459972, -7.922151187e-05]","[0.001709692259, 0.002225213019, 0.00231726822, 0.003218812008]",0.0014358630366348268,0.005792204456906001,0.00021610132918246607,0.2528516979081453,0.3516432295243972,-0.0011284566387825485,0.0017096922587780314,0.55,-0.34844663134652765,5.4297973838157276e-05,0.0022252130194781923,-0.35,0.4065767012036376,0.0008826459972465759,0.002317268220247925,0.25,0.14163959166462578,-7.922151187301807e-05,0.0032188120084406194,0.15
602,"[0.3516996524, -0.3484493462, 0.4065325689, 0.1416435527]","[-0.001128155931, 5.425597851e-05, 0.0008824437326, -7.921390113e-05]","[0.001709685557, 0.002225210853, 0.002317247153, 0.003218749569]",0.0014355003655452396,0.005791837663403085,0.00021599182010009768,0.2527799591365695,0.3516996523563363,-0.0011281559311119905,0.001709685557461416,0.55,-0.34844934624521956,5.4255978513702596e-05,0.0022252108529819885,-0.35,0.40653256890377526,0.0008824437326200585,0.0023172471527447645,0.25,0.14164355274021942,-7.921390113139154e-05,0.0032187495690590923,0.15
603,"[0.3517560602, -0.348452059, 0.4064884467, 0.1416475134]","[-0.001127855589, 5.421454062e-05, 0.0008822411364, -7.920607034e-05]","[0.001709678859, 0.002225208688, 0.002317226094, 0.003218687156]",0.0014351377882833955,0.005791470759881087,0.0002158823660287616,0.2527082384788138,0.3517560601528919,-0.0011278555894040365,0.0017096788591277614,0.55,-0.3484520590441452,5.421454061594341e-05,0.002225208687931883,-0.35,0.40648844671714424,0.000882241136433517,0.002317226094219848,0.25,0.14164751343527598,-7.920607034393773e-05,0.0032186871559377285,0.15
604,"[0.3518124529, -0.3484547698, 0.4064443347, 0.1416514737]","[-0.001127555608, 5.417364947e-05, 0.0008820382159, -7.919802357e-05]","[0.001709672164, 0.002225206524, 0.002317205045, 0.003218624769]",0.0014347753047425605,0.005791103750778861,0.00021577296700414156,0.25263653593095425,0.35181245293236213,-0.0011275556081984963,0.001709672163780204,0.55,-0.348454769771176,5.4173649470239414e-05,0.002225206524322571,-0.35,0.40644433466032254,0.0008820382158871776,0.002317205044688966,0.25,0.1416514737387932,-7.919802356667085e-05,0.0032186247691272343,0.15
605,"[0.3518688307, -0.3484574785, 0.4064002327, 0.1416554336]","[-0.001127255982, 5.413329461e-05, 0.000881834978, -7.918976478e-05]","[0.001709665471, 0.002225204362, 0.002317184004, 0.003218562409]",0.0014344129148189384,0.005790736640448149,0.00021566362306064778,0.2525648514890555,0.35186883071277203,-0.0011272559821364863,0.0017096654714217876,0.55,-0.3484574784536495,5.4133294606866664e-05,0.002225204362148832,-0.35,0.4064002327495282,0.0008818349780461464,0.0023171840041674966,0.25,0.14165543363997152,-7.918976478199357e-05,0.0032185624086770513,0.15
606,"[0.3519251935, -0.3484601851, 0.406356141, 0.1416593931]","[-0.001126956706, 5.409346576e-05, 0.0008816314298, -7.91812979e-05]","[0.001709658782, 0.002225202201, 0.002317162973, 0.003218500075]",0.0014340506184119506,0.005790369433155366,0.0002155543342314378,0.25249318514917124,0.35192519351187884,-0.0011269567059578375,0.001709658782055477,0.55,-0.34846018511837984,5.4093465757461934e-05,0.0022252022014055367,-0.35,0.4063561410006259,0.0008816314298444114,0.0023171629726704596,0.25,0.1416593931282106,-7.91812979004739e-05,0.0032185000746354146,0.15
607,"[0.3519815413, -0.3484628898, 0.4063120594, 0.1416633522]","[-0.001126657775, 5.405415285e-05, 0.0008814275781, -7.917262676e-05]","[0.001709652096, 0.002225200042, 0.00231714195, 0.003218437767]",0.001433688415423743,0.005790002133083207,0.00021544510054844726,0.2524215369073441,0.35198154134717674,-0.0011266577745001553,0.0017096520956841432,0.55,-0.34846288979166773,5.4054152850621084e-05,0.00222520004208764,-0.35,0.4063120594291337,0.0008814275780856496,0.002317141950212481,0.25,0.14166335219310563,-7.917262676119646e-05,0.0032184377670494064,0.15
608,"[0.3520378742, -0.3484655925, 0.4062679881, 0.1416673108]","[-0.001126359183, 5.401534601e-05, 0.0008812234294, -7.916375513e-05]","[0.001709645412, 0.002225197884, 0.002317120937, 0.003218375486]",0.0014333263057593585,0.0057896347443322,0.00021533592204240858,0.2523499067596061,0.35203787423590177,-0.0011263591826962056,0.00170964541231058,0.55,-0.34846559249931025,5.4015346008609775e-05,0.002225197884190182,-0.35,0.4062679880502294,0.000881223429447008,0.002317120936807838,0.25,0.1416673108244437,-7.91637551340888e-05,0.0032183754859649496,0.15
609,"[0.3520941922, -0.3484682933, 0.4062239269, 0.141671269]","[-0.001126060926, 5.397703554e-05, 0.0008810189905, -7.915468672e-05]","[0.001709638732, 0.002225195728, 0.002317099932, 0.003218313231]",0.0014329642893263256,0.005789267270922335,0.00021522679874287596,0.2522782947019791,0.35209419219503657,-0.0011260609255728405,0.0017096387319374936,0.55,-0.34846829326661066,5.3977035543356813e-05,0.00222519572770828,-0.35,0.406223926878757,0.0008810189904801272,0.002317099932470408,0.25,0.1416712690122004,-7.915468672079868e-05,0.003218313231426746,0.15
610,"[0.3521504952, -0.3484709921, 0.4061798759, 0.1416752267]","[-0.001125762998, 5.393921195e-05, 0.0008808142676, -7.914542516e-05]","[0.001709632055, 0.002225193573, 0.002317078937, 0.003218251003]",0.0014326023660348952,0.005788899716794696,0.0002151177306782514,0.2522067007304744,0.3521504952413152,-0.0011257629982486571,0.0017096320545675115,0.55,-0.34847099211838783,5.393921195288016e-05,0.0022251935726371372,-0.35,0.406179875929233,0.0008808142676148201,0.002317078937213749,0.25,0.14167522674653643,-7.91454251554957e-05,0.003218251003478477,0.15
611,"[0.3522067834, -0.3484736891, 0.4061358352, 0.141679184]","[-0.001125465396, 5.390186592e-05, 0.0008806092672, -7.913597401e-05]","[0.00170962538, 0.002225191419, 0.002317057951, 0.003218188802]",0.001432240535797924,0.00578853208581286,0.00021500871787580225,0.2521351248410936,0.35220678339122763,-0.0011254653959323901,0.001709625380203186,0.55,-0.34847368907898546,5.390186591772879e-05,0.002225191418972043,-0.35,0.4061358352158522,0.0008806092671611576,0.0023170579510510907,0.25,0.1416791840177942,-7.91359740064483e-05,0.0032181888021628273,0.15
612,"[0.3522630567, -0.3484763842, 0.4060918048, 0.1416831408]","[-0.001125168114, 5.38649883e-05, 0.0008804039953, -7.912633678e-05]","[0.001709618709, 0.002225189267, 0.002317036974, 0.003218126628]",0.0014318787985303876,0.00578816438176445,0.0002148997603616886,0.25206356702982846,0.35226305666102425,-0.0011251681139217273,0.0017096187088469857,0.55,-0.34847638417228133,5.3864988297612074e-05,0.0022251892667083475,-0.35,0.4060918047524942,0.0008804039953103856,0.0023170369739952644,0.25,0.14168314081649452,-7.91263367776982e-05,0.0032181266275211787,0.15
613,"[0.3523193151, -0.3484790774, 0.4060477846, 0.1416870971]","[-0.001124871148, 5.382857013e-05, 0.0008801984581, -7.911651691e-05]","[0.001709612041, 0.002225187116, 0.002317016006, 0.00321806448]",0.0014315171541497093,0.005787796608362543,0.000214790858160981,0.2519920272926611,0.3523193150667203,-0.0011248711476010934,0.0017096120405013062,0.55,-0.3484790774216962,5.3828570127775685e-05,0.0022251871158414918,-0.35,0.40604778455272866,0.0008801984581386106,0.002317016006058806,0.25,0.1416870971333334,-7.911651690951215e-05,0.0032180644795940096,0.15
614,"[0.3523755586, -0.3484817689, 0.4060037746, 0.141691053]","[-0.001124574492, 5.379260262e-05, 0.0008799926616, -7.910651778e-05]","[0.001709605375, 0.002225184966, 0.002316995047, 0.003218002358]",0.0014311556025755278,0.005787428769247218,0.00021468201129768404,0.25192050562556434,0.35237555862410036,-0.0011245744924402938,0.001709605375168468,0.55,-0.3484817688502026,5.379260261569072e-05,0.0022251849663669845,-0.35,0.40600377462982173,0.0008799926616083588,0.0023169950472539187,0.25,0.1416910529591789,-7.910651777979347e-05,0.0032180023584207724,0.15
615,"[0.3524317873, -0.3484844585, 0.405959775, 0.1416950083]","[-0.001124278144, 5.375707714e-05, 0.0008797866116, -7.909634271e-05]","[0.001709598713, 0.002225182818, 0.002316974098, 0.003217940264]",0.0014307941437295612,0.005787060867986867,0.00021457321979475696,0.25184900202450194,0.3524317873487224,-0.0011242781439928114,0.0017095987128507204,0.55,-0.3484844584803334,5.3757077137952744e-05,0.00222518281828041,-0.35,0.4059597749967413,0.0008797866115707041,0.00231697409759247,0.25,0.14169500828506787,-7.909634270565585e-05,0.0032179402640398077,0.15
616,"[0.3524880013, -0.3484871463, 0.4059157857, 0.1416989631]","[-0.001123982098, 5.372198524e-05, 0.0008795803138, -7.908599494e-05]","[0.001709592054, 0.002225180672, 0.002316953157, 0.003217878196]",0.0014304327775356551,0.005786692908079632,0.00021446448367413415,0.2517775164854285,0.352488001255922,-0.0011239820978943922,0.0017095920535502372,0.55,-0.34848714633419026,5.3721985236628524e-05,0.0022251806715774254,-0.35,0.40591578566616277,0.0008795803137675028,0.0023169531570860318,0.25,0.14169896310220315,-7.908599494339492e-05,0.003217878196488595,0.15
617,"[0.3525442004, -0.3484898324, 0.4058718067, 0.1417029174]","[-0.00112368635, 5.368731862e-05, 0.0008793737738, -7.907547769e-05]","[0.001709585397, 0.002225178526, 0.002316932226, 0.003217816156]",0.0014300715039196213,0.005786324892954748,0.00021435580295674594,0.2517060490042901,0.35254420036081674,-0.0011236863498613342,0.0017095853972691254,0.55,-0.3484898324334521,5.368731861643591e-05,0.0022251785262537597,-0.35,0.4058718066504744,0.0008793737738333942,0.002316932225745862,0.25,0.14170291740195032,-7.907547769081453e-05,0.003217816155803593,0.15
618,"[0.3526003847, -0.3484925168, 0.405827838, 0.1417068712]","[-0.001123390896, 5.365306914e-05, 0.0008791669973, -7.906479409e-05]","[0.001709578744, 0.002225176382, 0.002316911304, 0.003217754142]",0.001429710322809105,0.005785956825973835,0.00021424717766253595,0.2516345995770241,0.3526003846783098,-0.0011233908956891983,0.00170957874400942,0.55,-0.3484925167993829,5.365306914148375e-05,0.0022251763823052085,-0.35,0.40582783796178273,0.0008791669972975097,0.0023169113035829076,0.25,0.14170687117583486,-7.906479408760618e-05,0.0032177541420203015,0.15
619,"[0.3526565542, -0.3484951995, 0.4057838796, 0.1417108244]","[-0.001123095731, 5.361922883e-05, 0.0008789599896, -7.905394722e-05]","[0.001709572094, 0.00222517424, 0.002316890391, 0.003217692155]",0.0014293492341336082,0.005785588710432251,0.00021413860781048367,0.2515631681995595,0.3526565542230942,-0.0011230957312512275,0.001709572093773089,0.55,-0.34849519945284,5.361922883235937e-05,0.0022251742397276348,-0.35,0.40578387961191786,0.0008789599895856696,0.0023168903906078107,0.25,0.14171082441553923,-7.905394721698482e-05,0.003217692155173221,0.15
620,"[0.352712709, -0.3484978804, 0.4057399316, 0.1417147771]","[-0.001122800852, 5.358578986e-05, 0.000878752756, -7.904294011e-05]","[0.001709565447, 0.002225172099, 0.002316869487, 0.003217630195]",0.0014289882378244205,0.005785220549560413,0.00021403009341862197,0.251491754867817,0.3527127090096568,-0.0011228008524967774,0.0017095654465620364,0.55,-0.34849788041428165,5.358578986283963e-05,0.0022251720985169703,-0.35,0.4057399316124386,0.0008787527560225696,0.002316869486830938,0.25,0.14171477711290006,-7.904294010578297e-05,0.0032176301952960363,0.15
621,"[0.3527688491, -0.3485005597, 0.405695994, 0.1417187293]","[-0.001122506255, 5.355274456e-05, 0.0008785453018, -7.903177573e-05]","[0.001709558802, 0.002225169959, 0.002316848592, 0.003217568262]",0.001428627333814634,0.005784852346524936,0.00021392163450405718,0.2514203595777095,0.3527688490522816,-0.0011225062554500737,0.001709558802378098,0.55,-0.3485005597037748,5.3552744557267286e-05,0.0022251699586692147,-0.35,0.40569599397463746,0.0008785453018334827,0.0023168485922623718,0.25,0.14171872925990536,-7.903177572636412e-05,0.003217568262421511,0.15
622,"[0.3528249744, -0.3485032373, 0.4056520667, 0.1417226808]","[-0.001122211936, 5.352008539e-05, 0.0008783376321, -7.9020457e-05]","[0.001709552161, 0.00222516782, 0.002316827707, 0.003217506357]",0.0014282665220388467,0.005784484104429956,0.00021381323108298278,0.25134898232514186,0.3528249743650541,-0.0011222119362087647,0.001709552161223048,0.55,-0.3485032373410027,5.3520085387335104e-05,0.0022251678201804293,-0.35,0.4056520667095458,0.000878337632145889,0.0023168277069119123,0.25,0.1417226808486917,-7.902045699693266e-05,0.003217506356581551,0.15
623,"[0.352881085, -0.3485059133, 0.4056081498, 0.1417266319]","[-0.001121917891, 5.348780497e-05, 0.000878129752, -7.900898678e-05]","[0.001709545523, 0.002225165683, 0.002316806831, 0.003217444478]",0.0014279058024331672,0.005784115826318274,0.00021370488317070432,0.25127762310601126,0.35288108496186454,-0.0011219178909426324,0.0017095455230985962,0.55,-0.34850591334527203,5.348780496975693e-05,0.002225165683046736,-0.35,0.40560814982793847,0.0008781297519911823,0.002316806830789056,0.25,0.14172663187154153,-7.900898678355893e-05,0.0032174444778070624,0.15
624,"[0.3529371809, -0.3485085877, 0.4055642433, 0.1417305823]","[-0.001121624116, 5.345589606e-05, 0.0008779216663, -7.89973679e-05]","[0.001709538888, 0.002225163547, 0.002316785964, 0.003217382626]",0.0014275451749355167,0.005783747515172678,0.0002135965907816531,0.2512062819162076,0.3529371808564117,-0.001121624115891941,0.001709538888006393,0.55,-0.3485085877355205,5.3455896062854656e-05,0.002225163547264325,-0.35,0.4055642433403389,0.0008779216663076291,0.002316785963903084,0.25,0.1417305823208807,-7.899736789950702e-05,0.0032173826261283245,0.15
625,"[0.3529932621, -0.3485112605, 0.4055203473, 0.1417345322]","[-0.001121330607, 5.342435156e-05, 0.0008777133799, -7.898560311e-05]","[0.001709532256, 0.002225161413, 0.002316765106, 0.003217320802]",0.0014271846394848674,0.005783379173916872,0.0002134883539294024,0.25113495875161307,0.35299326206220627,-0.0011213306073667275,0.0017095322559480264,0.55,-0.34851126053032366,5.3424351564425875e-05,0.002225161412829439,-0.35,0.4055203472570235,0.0008777133799399916,0.0023167651062629448,0.25,0.14173453218927567,-7.898560310811838e-05,0.0032173208015745212,0.15
626,"[0.3530493286, -0.3485139317, 0.4054764616, 0.1417384815]","[-0.001121037362, 5.339316451e-05, 0.0008775048976, -7.897369512e-05]","[0.001709525627, 0.00222515928, 0.002316744258, 0.003217259004]",0.0014268241960219883,0.005783010805416881,0.00021338017262668564,0.2510636536081031,0.3530493285925746,-0.0011210373617447753,0.0017095256269250264,0.55,-0.3485139317479019,5.339316450856607e-05,0.0022251592797383887,-0.35,0.4054764615880265,0.000877504897643708,0.002316744257877394,0.25,0.14173848146943108,-7.897369512169055e-05,0.003217259004174295,0.15
627,"[0.3531053805, -0.3485166014, 0.4054325863, 0.1417424302]","[-0.001120744375, 5.336232806e-05, 0.0008772962241, -7.89616466e-05]","[0.001709519001, 0.002225157148, 0.002316723419, 0.003217197234]",0.0014264638444886788,0.005782642412481946,0.0002132720468854162,0.2509923664815457,0.3531053804606618,-0.0011207443754710509,0.0017095190009388628,0.55,-0.34851660140612734,5.3362328063579986e-05,0.0022251571479875334,-0.35,0.40543258634314433,0.0008772962240843013,0.0023167234187548673,0.25,0.14174243015418717,-7.896164660446357e-05,0.0032171972339552187,0.15
628,"[0.3531614177, -0.3485192695, 0.4053887215, 0.1417463782]","[-0.001120451645, 5.333183553e-05, 0.0008770873638, -7.894946017e-05]","[0.001709512378, 0.002225155018, 0.002316702589, 0.003217135491]",0.0014261035848284755,0.005782273997865795,0.00021316397671669783,0.2509210973678022,0.3531614176794354,-0.0011204516450555864,0.001709512377990956,0.55,-0.34851926952253054,5.333183552884795e-05,0.002225155017573306,-0.35,0.4053887215319401,0.0008770873638416154,0.0023167025889036406,0.25,0.1417463782365174,-7.894946017136166e-05,0.0032171354909444087,0.15
629,"[0.3532174403, -0.3485219361, 0.4053448672, 0.1417503257]","[-0.001120159167, 5.330168033e-05, 0.0008768783214, -7.893713839e-05]","[0.001709505758, 0.002225152888, 0.002316681768, 0.003217073775]",0.0014257434169856317,0.005781905564267556,0.0002130559621308452,0.25084984626272727,0.35321744026168816,-0.0011201591670734205,0.0017095057580826607,0.55,-0.348521936114307,5.3301680332826266e-05,0.0022251528884921754,-0.35,0.405344867163748,0.0008768783214081441,0.0023166817683316398,0.25,0.14175032570952598,-7.893713839111619e-05,0.003217073775167857,0.15
630,"[0.3532734482, -0.3485246012, 0.4053010232, 0.1417542726]","[-0.001119866938, 5.327185603e-05, 0.0008766691012, -7.892468379e-05]","[0.001709499141, 0.002225150761, 0.002316660957, 0.003217012087]",0.0014253833409059934,0.0057815371143329665,0.00021294800313739802,0.2507786131621688,0.35327344822004186,-0.001119866938162444,0.001709499141215282,0.55,-0.3485246011983236,5.3271856030125954e-05,0.0022251507607406805,-0.35,0.4053010232476776,0.0008766691011935663,0.002316660957046619,0.25,0.14175427256644554,-7.892468378507906e-05,0.0032170120866510457,0.15
631,"[0.3533294416, -0.3485272648, 0.4052571898, 0.1417582188]","[-0.001119574955, 5.32423563e-05, 0.0008764597075, -7.891209883e-05]","[0.001709492527, 0.002225148634, 0.002316640155, 0.003216950425]",0.001425023356536443,0.005781168650655275,0.000212840099745135,0.2507073980619686,0.35332944156695,-0.0011195749550225438,0.001709492527390073,0.55,-0.3485272647911251,5.324235629955343e-05,0.0022251486343154063,-0.35,0.4052571897926179,0.000876459707524887,0.0023166401550560726,0.25,0.1417582188006348,-7.891209882977907e-05,0.0032169504254185915,0.15
632,"[0.3533854203, -0.3485299269, 0.4052133668, 0.1417621644]","[-0.001119283214, 5.321317494e-05, 0.0008762501446, -7.889938596e-05]","[0.001709485917, 0.002225146509, 0.002316619362, 0.003216888791]",0.001424663463825025,0.0057808001757763934,0.00021273225196209277,0.25063620095796196,0.35338542031470116,-0.0011192832144145196,0.001709485916608231,0.55,-0.3485299269089401,5.3213174941158104e-05,0.0022251465092129985,-0.35,0.4052133668072416,0.0008762501446483512,0.00231661936236728,0.25,0.1417621644055763,-7.889938595606933e-05,0.003216888791494511,0.15
633,"[0.3534413845, -0.3485325876, 0.4051695543, 0.1417661094]","[-0.001118991713, 5.318430587e-05, 0.0008760404167, -7.888654755e-05]","[0.001709479309, 0.002225144385, 0.002316598579, 0.003216827185]",0.0014243036627208678,0.005780431692187783,0.00021262445979557657,0.2505650218459781,0.3534413844754219,-0.0011189917131588737,0.001709479308870903,0.55,-0.3485325875676871,5.318430587450541e-05,0.002225144385430148,-0.35,0.4051695543000092,0.0008760404167308119,0.0023165985789872804,0.25,0.1417661093748741,-7.888654755153881e-05,0.0032168271849019924,0.15
634,"[0.3534973341, -0.3485352468, 0.4051257523, 0.1417700537]","[-0.001118700448, 5.315574314e-05, 0.0008758305279, -7.887358596e-05]","[0.001709472704, 0.002225142263, 0.002316577805, 0.003216765606]",0.0014239439531740382,0.005780063202331457,0.00021251672325217714,0.25049386072184027,0.35349733406107986,-0.0011187004481348017,0.0017094727041791853,0.55,-0.34853524678298087,5.315574313598005e-05,0.002225142262963597,-0.35,0.4051257522791727,0.0008758305278610124,0.0023165778049228786,0.25,0.14177005370225168,-7.887358596047009e-05,0.0032167656056635214,0.15
635,"[0.3535532691, -0.3485379046, 0.4050819608, 0.1417739974]","[-0.001118409416, 5.312748088e-05, 0.0008756204821, -7.886050348e-05]","[0.001709466103, 0.002225140142, 0.00231655704, 0.003216704054]",0.0014235843351358107,0.005779694708600947,0.00021240904233778344,0.2504227175813658,0.3535532690834866,-0.0011184094162788281,0.0017094661025341257,0.55,-0.34853790457013767,5.3127480876686664e-05,0.002225140141810146,-0.35,0.40508196075277964,0.0008756204820518955,0.0023165570401807046,0.25,0.1417739973815497,-7.886050348445846e-05,0.0032167040538010456,0.15
636,"[0.3536091896, -0.3485405609, 0.4050381797, 0.1417779404]","[-0.001118118615, 5.309951336e-05, 0.0008754102832, -7.884730238e-05]","[0.001709459504, 0.002225138022, 0.002316536285, 0.003216642529]",0.0014232248085582228,0.005779326213342305,0.00021230141705759904,0.2503515924203664,0.35360918955430054,-0.0011181186145841657,0.001709459503936721,0.55,-0.3485405609441815,5.309951336024752e-05,0.0022251380219666336,-0.35,0.40503817972867706,0.0008754102832407661,0.002316536284767123,0.25,0.14177794040672392,-7.884730238380277e-05,0.0032166425293356617,0.15
637,"[0.3536650955, -0.3485432159, 0.4049944092, 0.1417818828]","[-0.00111782804, 5.307183496e-05, 0.0008751999353, -7.883398488e-05]","[0.001709452908, 0.002225135903, 0.002316515539, 0.003216581032]",0.0014228653733943753,0.005778957718854895,0.00021219384741615407,0.2502804852346482,0.3536650954850297,-0.0011178280400992195,0.001709452908387924,0.55,-0.34854321591984955,5.307183496060426e-05,0.0022251359034299563,-0.35,0.404994409214515,0.0008751999352918531,0.0023165155386883286,0.25,0.14178188277184312,-7.883398487773985e-05,0.0032165810322879397,0.15
638,"[0.3537209869, -0.3485458695, 0.4049506492, 0.1417858245]","[-0.00111753769, 5.304444016e-05, 0.000874989442, -7.882055315e-05]","[0.001709446316, 0.002225133786, 0.002316494802, 0.003216519563]",0.0014225060295981829,0.005778589227392426,0.00021208633341731687,0.25020939602001174,0.3537209868870347,-0.0011175376899269758,0.0017094463158886357,0.55,-0.34854586951159755,5.304444015995567e-05,0.0022251337861970495,-0.35,0.4049506492177504,0.0008749894419967698,0.00231649480195028,0.25,0.141785824471087,-7.88205531455016e-05,0.003216519562677713,0.15
639,"[0.3537768638, -0.3485485217, 0.4049068997, 0.1417897655]","[-0.001117247561, 5.301732355e-05, 0.0008747788071, -7.880700933e-05]","[0.001709439726, 0.00222513167, 0.002316474075, 0.003216458121]",0.0014221467771244316,0.0057782207411637395,0.00021197887506431166,0.2501383247722523,0.35377686377153106,-0.0011172475612235835,0.0017094397264397153,0.55,-0.34854852173360557,5.30173235466609e-05,0.0022251316702649013,-0.35,0.4049068997456506,0.0008747788070765358,0.0023164740745587505,0.25,0.14178976549874428,-7.880700932698979e-05,0.0032164581205242158,0.15
640,"[0.3538327261, -0.3485511726, 0.4048631608, 0.1417937058]","[-0.001116957651, 5.299047981e-05, 0.0008745680342, -7.879335552e-05]","[0.00170943314, 0.002225129556, 0.002316453357, 0.003216396706]",0.0014217876159288456,0.0057778522623337615,0.00021187147235972702,0.25006727148716,0.3538327261495922,-0.0011169576511976813,0.0017094331400419758,0.55,-0.3485511725997829,5.2990479813071123e-05,0.0022251295556305448,-0.35,0.4048631608052968,0.000874568034182698,0.0023164533565193266,0.25,0.14179370584921064,-7.879335552304724e-05,0.003216396705846138,0.15
641,"[0.353888574, -0.3485538221, 0.4048194324, 0.1417976455]","[-0.001116667957, 5.296390375e-05, 0.0008743571269, -7.87795938e-05]","[0.001709426557, 0.002225127442, 0.002316432648, 0.003216335319]",0.001421428545967821,0.0057774837930242694,0.000211764125305531,0.24999623616051986,0.3538885740321521,-0.0011166679571092063,0.0017094265566961865,0.55,-0.34855382212377356,5.296390375382908e-05,0.0022251274422910566,-0.35,0.40481943240358764,0.0008743571268984282,0.0023164326478373803,0.25,0.1417976455169868,-7.877959379704245e-05,0.003216335318661445,0.15
642,"[0.3539444074, -0.3485564703, 0.4047757145, 0.1418015845]","[-0.001116378476, 5.293759026e-05, 0.0008741460887, -7.876572617e-05]","[0.001709419976, 0.00222512533, 0.002316411949, 0.003216273959]",0.001421069567198671,0.005777115335314812,0.00021165683390308323,0.2499252187881119,0.3539444074300076,-0.0011163784762685698,0.001709419976403074,0.55,-0.34855647031896125,5.2937590263684045e-05,0.002225125330243556,-0.35,0.4047757145472427,0.0008741460887401548,0.002316411948518109,0.25,0.14180158449667665,-7.876572617482533e-05,0.003216273958987568,0.15
643,"[0.3540002264, -0.3485591172, 0.4047320072, 0.1418055228]","[-0.001116089206, 5.291153434e-05, 0.0008739349232, -7.875175465e-05]","[0.001709413399, 0.002225123219, 0.002316391259, 0.003216212627]",0.001420710679579251,0.005776746891243464,0.00021154959815314667,0.24985421936571126,0.35400022635382106,-0.001116089206035838,0.001709413399163319,0.55,-0.34855911719847443,5.2911534335495415e-05,0.0022251232194852068,-0.35,0.40473200724280567,0.0008739349231580895,0.0023163912585665064,0.25,0.1418055227829854,-7.87517546455837e-05,0.0032162126268413427,0.15
644,"[0.3540560308, -0.3485617628, 0.4046883105, 0.1418094604]","[-0.001115800144, 5.288573106e-05, 0.0008737236335, -7.873768116e-05]","[0.001709406825, 0.00222512111, 0.002316370578, 0.003216151322]",0.0014203518830682156,0.005776378462807695,0.0002114424180559004,0.2497832378890885,0.35405603081412285,-0.0011158001438195066,0.0017094068249775636,0.55,-0.3485617627751912,5.288573105862848e-05,0.0022251211100132126,-0.35,0.4046883104966478,0.0008737236335382613,0.0023163705779873866,0.25,0.14180946037071768,-7.873768116274896e-05,0.003216151322238987,0.15
645,"[0.3541118208, -0.3485644071, 0.4046446243, 0.1418133973]","[-0.001115511287, 5.286017562e-05, 0.0008735122232, -7.872350764e-05]","[0.001709400254, 0.002225119002, 0.002316349907, 0.003216090045]",0.0014199931776249762,0.005776010051965085,0.00021133529361094954,0.24971227435400933,0.3541118208213138,-0.0011155112870758078,0.0017094002538464085,0.55,-0.34856440706174413,5.286017561681624e-05,0.002225119001824824,-0.35,0.40464462431497084,0.0008735122232034866,0.0023163499067854,0.25,0.14181339725477582,-7.872350764424513e-05,0.0032160900451962417,0.15
646,"[0.3541675964, -0.3485670501, 0.4046009487, 0.1418173334]","[-0.001115222633, 5.283486329e-05, 0.0008733006954, -7.870923597e-05]","[0.001709393686, 0.002225116895, 0.002316329245, 0.003216028796]",0.001419634563209663,0.0057756416606341695,0.000211228224817338,0.24964132875623515,0.3541675963856676,-0.0011152226333075524,0.0017093936857704173,0.55,-0.34856705007052496,5.283486328658252e-05,0.00222511689491733,-0.35,0.40460094870381064,0.0008733006954148332,0.0023163292449650237,0.25,0.14181733343015804,-7.870923597339663e-05,0.003216028795728272,0.15
647,"[0.3542233575, -0.3485696918, 0.4045572837, 0.1418212689]","[-0.00111493418, 5.280978944e-05, 0.0008730890534, -7.8694868e-05]","[0.001709387121, 0.002225114789, 0.002316308593, 0.003215967574]",0.0014192760397827896,0.005775273290695144,0.00021112121167356007,0.24957040109152287,0.35422335751733297,-0.0011149341800638644,0.0017093871207501093,0.55,-0.3485696918136893,5.280978943540146e-05,0.0022251147892880536,-0.35,0.40455728366903987,0.0008730890533714767,0.0023163085925305233,0.25,0.1418212688919567,-7.869486799991653e-05,0.003215967573849595,0.15
648,"[0.3542791042, -0.3485723323, 0.4045136292, 0.1418252036]","[-0.001114645925, 5.278494952e-05, 0.0008728773002, -7.868040554e-05]","[0.001709380559, 0.002225112685, 0.002316287949, 0.00321590638]",0.0014189176073057409,0.005774904943990665,0.00021101425417757234,0.2494994913556251,0.3542791042263362,-0.00111464592493867,0.0017093805587859677,0.55,-0.3485723323031611,5.278494951968442e-05,0.002225112684934366,-0.35,0.4045136292163713,0.0008728773002136266,0.0023162879494860416,0.25,0.1418252036353567,-7.868040553937342e-05,0.003215906379574362,0.15
649,"[0.3543348365, -0.3485749716, 0.4044699854, 0.1418291377]","[-0.001114357866, 5.276033908e-05, 0.000872665439, -7.866585038e-05]","[0.001709374, 0.002225110582, 0.002316267316, 0.003215845213]",0.001418559265740334,0.005774536622326512,0.00021090735232679917,0.2494285995442903,0.35433483652258313,-0.0011143578655702154,0.001709373999878438,0.55,-0.3485749715506371,5.276033908350274e-05,0.002225110581853671,-0.35,0.40446998535136064,0.000872665439022364,0.002316267315835525,0.25,0.14182913765563365,-7.86658503751618e-05,0.003215845212916089,0.15
650,"[0.3543905544, -0.3485776096, 0.4044263521, 0.1418330709]","[-0.00111407, 5.273595376e-05, 0.0008724534728, -7.865120426e-05]","[0.001709367444, 0.00222510848, 0.002316246692, 0.003215784074]",0.0014182010150491089,0.005774168327472348,0.00021080050611815235,0.24935772565326278,0.35439055441586165,-0.0011140699996400572,0.0017093674440279306,0.55,-0.34857760956759126,5.273595375665155e-05,0.0022251084800434143,-0.35,0.4044263520794095,0.0008724534728215866,0.002316246691582782,0.25,0.14183307094815242,-7.865120425813829e-05,0.003215784073887846,0.15
651,"[0.3544462579, -0.3485802464, 0.4043827294, 0.1418370035]","[-0.001113782325, 5.271178925e-05, 0.0008722414046, -7.863646891e-05]","[0.001709360891, 0.00222510638, 0.002316226077, 0.003215722963]",0.0014178428551949722,0.0057738000611624075,0.00021069371554803225,0.24928686967828295,0.35444625791584367,-0.0011137823248725776,0.0017093608912348147,0.55,-0.34858024636527907,5.271178925307702e-05,0.002225106379501071,-0.35,0.40438272940576847,0.0008722414045780516,0.0023162260767314257,0.25,0.14183700350836534,-7.863646890797285e-05,0.003215722962502105,0.15
652,"[0.354501947, -0.348582882, 0.4043391173, 0.1418409353]","[-0.001113494839, 5.268784137e-05, 0.0008720292372, -7.862164601e-05]","[0.001709354341, 0.00222510428, 0.002316205471, 0.003215661879]",0.0014174847861414595,0.005773431825096183,0.0002105869806123443,0.2492160316150872,0.3545019470320873,-0.001113494839033825,0.0017093543414994285,0.55,-0.34858288195474174,5.268784136904237e-05,0.0022251042802241615,-0.35,0.40433911733553957,0.0008720292372034748,0.0023162054712849455,0.25,0.14184093533181075,-7.862164601260472e-05,0.0032156618787709803,0.15
653,"[0.3545576218, -0.3485855163, 0.4042955159, 0.1418448664]","[-0.00111320754, 5.266410598e-05, 0.0008718169736, -7.860673723e-05]","[0.001709347795, 0.002225102182, 0.002316184875, 0.003215600823]",0.001417126807852731,0.005773063620939111,0.00021048030130650658,0.24914521145940832,0.354557621774039,-0.0011132075399307442,0.0017093477948220753,0.55,-0.3485855163468102,5.266410598200313e-05,0.002225102182210239,-0.35,0.4042955158736794,0.0008718169735554435,0.0023161848752466796,0.25,0.14184486641411137,-7.860673723006097e-05,0.003215600822706055,0.15
654,"[0.3546132822, -0.3485881496, 0.404251925, 0.1418487968]","[-0.001112920425, 5.264057905e-05, 0.0008716046164, -7.859174419e-05]","[0.001709341251, 0.002225100085, 0.002316164289, 0.003215539794]",0.0014167689202932074,0.005772695450323252,0.00021037367762546017,0.24907440920697524,0.35461328215103555,-0.0011129204254108928,0.0017093412512030205,0.55,-0.34858814955210926,5.26405790486188e-05,0.0022251000854568883,-0.35,0.4042519250250016,0.000871604616437349,0.002316164288619782,0.25,0.14184879675097287,-7.859174418821585e-05,0.0032155397943183757,0.15
655,"[0.3546689282, -0.3485907816, 0.4042083448, 0.1418527263]","[-0.001112633493, 5.26172566e-05, 0.0008713921686, -7.857666849e-05]","[0.001709334711, 0.00222509799, 0.002316143711, 0.003215478794]",0.0014164111234279326,0.005772327314847928,0.00021026710956367997,0.2490036248535133,0.3546689281723061,-0.0011126334933610614,0.001709334710642499,0.55,-0.3485907815810617,5.2617256603425446e-05,0.002225097989961732,-0.35,0.4042083447941798,0.0008713921686007742,0.002316143711407289,0.25,0.14185272633818227,-7.857666848567811e-05,0.0032154787936186065,0.15
656,"[0.3547245598, -0.3485934124, 0.4041647752, 0.1418566552]","[-0.001112346742, 5.259413476e-05, 0.0008711796327, -7.856151169e-05]","[0.001709328173, 0.002225095896, 0.002316123144, 0.003215417821]",0.0014160534172224287,0.00577195921608029,0.0002101605971151793,0.2489328583947444,0.35472455984697415,-0.0011123467417069612,0.001709328173140713,0.55,-0.34859341244389186,5.259413475742031e-05,0.0022250958957224253,-0.35,0.4041647751857497,0.0008711796327457366,0.0023161231436120856,0.25,0.14185665517160656,-7.856151169208899e-05,0.0032154178206169233,0.15
657,"[0.3547801772, -0.3485960422, 0.4041212162, 0.1418605832]","[-0.001112060168, 5.25712097e-05, 0.0008709670115, -7.854627535e-05]","[0.001709321639, 0.002225093803, 0.002316102585, 0.003215356875]",0.0014156958016425206,0.005771591155556073,0.00021005414027352602,0.24886210982638698,0.3547801771840595,-0.0011120601684123622,0.001709321638697831,0.55,-0.3485960421506297,5.257120969631124e-05,0.0022250938027366563,-0.35,0.40412121620411245,0.0008709670115215703,0.002316102585236908,0.25,0.14186058324719117,-7.854627534886185e-05,0.0032153568753230753,0.15
658,"[0.3548357802, -0.3485986707, 0.4040776679, 0.1418645106]","[-0.001111773771, 5.254847768e-05, 0.0008707543075, -7.853096097e-05]","[0.001709315107, 0.002225091711, 0.002316082036, 0.003215295958]",0.001415338276654582,0.005771223134780084,0.00020994773903184707,0.24879137914415617,0.35483578019248013,-0.0011117737714784537,0.0017093151073139894,0.55,-0.34859867071111456,5.25484776793954e-05,0.0022250917110021432,-0.35,0.4040776678535364,0.0008707543075281983,0.002316082036284352,0.25,0.1418645105609586,-7.853096096956076e-05,0.003215295957746319,0.15
659,"[0.3548913689, -0.3486012981, 0.4040341301, 0.1418684371]","[-0.001111487549, 5.252593504e-05, 0.0008705415233, -7.851557004e-05]","[0.001709308579, 0.002225089621, 0.002316061497, 0.003215235068]",0.0014149808422253432,0.005770855155226902,0.00020984139338283702,0.2487206663437638,0.35489136888105405,-0.0011114875489429998,0.0017093085789892954,0.55,-0.3486012981349985,5.2525935037902184e-05,0.002225089620516643,-0.35,0.40403413013816,0.0008705415233169852,0.00231606149675689,0.25,0.1418684371090071,-7.851557004034951e-05,0.003215235067895579,0.15
660,"[0.3549469433, -0.3486039244, 0.4039906031, 0.1418723629]","[-0.001111201499, 5.250357817e-05, 0.0008703286614, -7.850010402e-05]","[0.001709302054, 0.002225087531, 0.002316040967, 0.003215174206]",0.0014146234983219727,0.0057704872183414165,0.00020973510331877146,0.24864997142091855,0.3549469432585012,-0.0011112014988797411,0.001709302053723826,0.55,-0.3486039244317504,5.250357817377668e-05,0.002225087531277937,-0.35,0.40399060306199414,0.0008703286613916696,0.0023160409666568575,0.25,0.14187236288750912,-7.850010402061661e-05,0.0032151742057793084,0.15
661,"[0.3550025033, -0.3486065496, 0.4039470866, 0.1418762879]","[-0.001110915619, 5.248140356e-05, 0.0008701157242, -7.848456434e-05]","[0.001709295532, 0.002225085443, 0.002316020446, 0.003215113371]",0.0014142662449119193,0.005770119325539357,0.00020962886883151114,0.248579294371326,0.3550025033334452,-0.001110915619397881,0.0017092955315176264,0.55,-0.3486065496106591,5.248140355832812e-05,0.0022250854432838375,-0.35,0.40394708662892453,0.0008701157242087922,0.0023160204459864372,0.25,0.14187628789271015,-7.848456434383026e-05,0.00321511337140549,0.15
662,"[0.3550580491, -0.3486091737, 0.4039035808, 0.1418802121]","[-0.001110629909, 5.245940773e-05, 0.0008699027142, -7.846895242e-05]","[0.001709289012, 0.002225083357, 0.002315999935, 0.003215052565]",0.0014139090819630887,0.005769751478208021,0.0002095226899125094,0.24850863519068883,0.3550580491144151,-0.0011106299086411917,0.0017092890123707135,0.55,-0.34860917368083705,5.2459407730721995e-05,0.0022250833565321893,-0.35,0.4039035808427141,0.0008699027141792786,0.0023159999347477055,0.25,0.14188021212092733,-7.846895241704801e-05,0.0032150525647817773,0.15
663,"[0.3551135806, -0.3486117967, 0.4038600857, 0.1418841356]","[-0.001110344365, 5.24375873e-05, 0.0008696896337, -7.845326962e-05]","[0.001709282496, 0.002225081271, 0.002315979433, 0.003214991786]",0.0014135520094436577,0.005769383677706661,0.00020941656655282712,0.24843799387470666,0.35511358060984716,-0.0011103443647874631,0.0017092824962830766,0.55,-0.3486117966512236,5.243758729679121e-05,0.0022250812710208666,-0.35,0.40386008570700516,0.0008696896336688253,0.0023159794329426064,0.25,0.14188413556854818,-7.845326962213304e-05,0.0032149917859154286,0.15
664,"[0.3551690978, -0.3486144185, 0.4038166012, 0.1418880582]","[-0.001110058986, 5.241593893e-05, 0.000869476485, -7.843751732e-05]","[0.001709275983, 0.002225079187, 0.002315958941, 0.003214931035]",0.0014131950273222845,0.005769015925367089,0.00020931049874313196,0.2483673704190764,0.35516909782808653,-0.001110058986047918,0.001709275983254674,0.55,-0.34861441853058844,5.2415938927726433e-05,0.002225079186747774,-0.35,0.4038166012253217,0.0008694764849990759,0.0023159589405729692,0.25,0.14188805823202927,-7.843751731587081e-05,0.003214931034813334,0.15
665,"[0.3552246008, -0.3486170393, 0.4037731274, 0.1418919801]","[-0.001109773771, 5.239445936e-05, 0.0008692632704, -7.842169683e-05]","[0.001709269473, 0.002225077104, 0.002315938458, 0.003214870311]",0.0014128381355678825,0.005768648222494239,0.00020920448647371333,0.24829676481949203,0.35522460077738893,-0.0011097737706664305,0.0017092694732854423,0.55,-0.34861703932753485,5.2394459359021626e-05,0.0022250771037108413,-0.35,0.40377312740107174,0.0008692632704482311,0.0023159384576404954,0.25,0.14189198010789505,-7.84216968310692e-05,0.003214870311481944,0.15
666,"[0.3552800895, -0.3486196591, 0.4037296642, 0.1418959012]","[-0.001109488717, 5.237314539e-05, 0.0008690499923, -7.840580948e-05]","[0.001709262966, 0.002225075022, 0.002315917984, 0.003214809616]",0.0014124813341495162,0.005768280570366653,0.00020909852973448605,0.248226177071645,0.35528008946592227,-0.0011094887169192792,0.0017092629663752843,0.55,-0.3486196590505028,5.237314538886561e-05,0.0022250750219080253,-0.35,0.4037296642375493,0.0008690499922513529,0.0023159179841467435,0.25,0.1418959011927366,-7.840580947614256e-05,0.003214809615927308,0.15
667,"[0.3553355639, -0.3486222777, 0.4036862117, 0.1418998215]","[-0.001109203823, 5.235199388e-05, 0.0008688366526, -7.838985654e-05]","[0.001709256463, 0.002225072941, 0.00231589752, 0.003214748948]",0.001412124623036833,0.005767912970237057,0.0002089926285150019,0.24815560717122404,0.35533556390176824,-0.0011092038231140737,0.0017092564625240804,0.55,-0.34862227770777227,5.235199387723285e-05,0.0022250729413373135,-0.35,0.40368621173793673,0.0008688366526024278,0.0023158975200931963,0.25,0.1418998214832104,-7.838985653595151e-05,0.0032147489481552135,0.15
668,"[0.3553910241, -0.3486248953, 0.4036427699, 0.141903741]","[-0.001108919088, 5.233100174e-05, 0.0008686232537, -7.837383927e-05]","[0.001709249962, 0.002225070862, 0.002315877065, 0.003214688308]",0.0014117680021995757,0.005767545423332771,0.00020888678280445055,0.24808505511391543,0.35539102409292395,-0.001108919087589502,0.0017092499617316831,0.55,-0.34862489530746615,5.233100174450139e-05,0.0022250708619967197,-0.35,0.4036427699053066,0.0008686232536539714,0.0023158770654812,0.25,0.1419037409760372,-7.837383927212707e-05,0.003214688308171049,0.15
669,"[0.35544647, -0.3486275119, 0.4035993387, 0.1419076597]","[-0.001108634509, 5.231016597e-05, 0.0008684097975, -7.835775892e-05]","[0.001709243464, 0.002225068784, 0.00231585662, 0.003214627696]",0.001411411471607868,0.00576717793085627,0.00020878099259167434,0.24801452089540288,0.3554464700473034,-0.0011086345087146271,0.0017092434639979235,0.55,-0.34862751185755336,5.231016597054004e-05,0.0022250687838842828,-0.35,0.40359933874262394,0.0008684097975183995,0.0023158566203119917,0.25,0.1419076596680008,-7.835775892374727e-05,0.0032146276959798136,0.15
670,"[0.3555019018, -0.3486301274, 0.4035559183, 0.1419115776]","[-0.001108350085, 5.228948359e-05, 0.0008681962863, -7.834161671e-05]","[0.001709236969, 0.002225066707, 0.002315836185, 0.003214567112]",0.0014110550312320456,0.005766810493985616,0.00020867525786517037,0.24794400451136767,0.3555019017727391,-0.0011083500848884649,0.0017092369693226003,0.55,-0.3486301273658519,5.228948359326153e-05,0.0022250667069980672,-0.35,0.403555918252748,0.0008681962862683802,0.002315836184586694,0.25,0.141911577555947,-7.834161670750004e-05,0.003214567111586194,0.15
671,"[0.3555573193, -0.3486327418, 0.4035125084, 0.1419154946]","[-0.001108065815, 5.226895171e-05, 0.0008679827219, -7.832541382e-05]","[0.001709230478, 0.002225064631, 0.002315815758, 0.003214506555]",0.0014106986810427072,0.0057664431138750435,0.0002085695786131006,0.2478735059574889,0.35555731927698353,-0.0011080658145391862,0.0017092304777054947,0.55,-0.34863274184003157,5.2268951707752165e-05,0.002225064631336164,-0.35,0.40351250843843456,0.000867982721937969,0.002315815758306326,0.25,0.14191549463678238,-7.832541381805802e-05,0.0032145065549945263,0.15
672,"[0.3556127226, -0.3486353553, 0.4034691093, 0.1419194109]","[-0.001107781696, 5.224856747e-05, 0.0008677691065, -7.830915143e-05]","[0.001709223989, 0.002225062557, 0.002315795341, 0.003214446026]",0.0014103424210107215,0.005766075791655302,0.00020846395482329482,0.2478030252294432,0.3556127225677105,-0.0011077816961237773,0.0017092239891463603,0.55,-0.34863535528761697,5.22485674650508e-05,0.0022250625568966853,-0.35,0.40346910930233765,0.0008677691065230833,0.0023157953414717956,0.25,0.1419194109074733,-7.830915142874695e-05,0.0032144460262088035,0.15
673,"[0.3556681117, -0.3486379677, 0.4034257208, 0.1419233264]","[-0.001107497728, 5.222832807e-05, 0.000867555442, -7.829283069e-05]","[0.001709217504, 0.002225060484, 0.002315774934, 0.003214385525]",0.0014099862511072515,0.0057657085284341875,0.00020835838648326213,0.24773256232290522,0.35566811165251666,-0.0011074977281273176,0.0017092175036449294,0.55,-0.3486379677159902,5.222832807110228e-05,0.002225060483677776,-0.35,0.4034257208470115,0.0008675554419825451,0.0023157749340839253,0.25,0.14192332636504473,-7.829283069144509e-05,0.0032143855252327476,0.15
674,"[0.3557234865, -0.3486405791, 0.4033823431, 0.141927241]","[-0.001107213909, 5.220823079e-05, 0.0008673417302, -7.827645274e-05]","[0.001709211021, 0.002225058412, 0.002315754536, 0.003214325052]",0.0014096301713036339,0.005765341325296947,0.00020825287358019483,0.24766211723354722,0.35572348653892305,-0.0011072139090627486,0.001709211021200908,0.55,-0.34864057913239377,5.220823078565891e-05,0.002225058411677597,-0.35,0.4033823430749124,0.0008673417302381789,0.0023157545361434193,0.25,0.1419272410065793,-7.827645273754332e-05,0.00321432505206973,0.15
675,"[0.3557788472, -0.3486431895, 0.403338976, 0.1419311548]","[-0.001106930237, 5.218827292e-05, 0.0008671279732, -7.826001868e-05]","[0.001709204542, 0.002225056341, 0.002315734148, 0.003214264607]",0.001409274181571412,0.005764974183306721,0.00020814741610097447,0.24759168995703962,0.3557788472343762,-0.0011069302374700839,0.0017092045418139838,0.55,-0.34864318954393303,5.21882729213408e-05,0.002225056340894335,-0.35,0.40333897598840046,0.0008671279731759361,0.002315734147650882,0.25,0.14193115482921617,-7.826001867797978e-05,0.0032142646067227923,0.15
676,"[0.3558341937, -0.348645799, 0.4032956196, 0.1419350678]","[-0.001106646712, 5.216845184e-05, 0.0008669141726, -7.82435296e-05]","[0.001709198065, 0.002225054271, 0.002315713769, 0.003214204189]",0.001408918281882336,0.005764607103505032,0.00020804201403218104,0.24752128048905062,0.3558341937462497,-0.0011066467119160547,0.0017091980654838188,0.55,-0.3486457989575791,5.216845184266259e-05,0.0022250542713261987,-0.35,0.40329561958974164,0.0008669141726463579,0.0023157137686068115,0.25,0.14193506783015006,-7.824352960391376e-05,0.003214204189194617,0.15
677,"[0.3558895261, -0.3486484074, 0.4032522739, 0.14193898]","[-0.001106363331, 5.214876496e-05, 0.0008667003305, -7.822698659e-05]","[0.001709191592, 0.002225052203, 0.002315693399, 0.003214143799]",0.001408562472208575,0.0057642400869122,0.00020793666736009666,0.24745088882524668,0.3558895260818455,-0.0011063633309934178,0.0017091915922100552,0.55,-0.3486484073801712,5.214876496462e-05,0.002225052202971427,-0.35,0.40325227388110935,0.00086670033046597,0.0023156933990116572,0.25,0.14193898000663024,-7.822698658599052e-05,0.003214143799487813,0.15
678,"[0.3559448442, -0.3486510148, 0.4032089389, 0.1419428914]","[-0.001106080093, 5.212920975e-05, 0.0008664864484, -7.821039068e-05]","[0.001709185122, 0.002225050136, 0.002315673039, 0.003214083438]",0.0014082067525221027,0.0057638731345276304,0.00020783137607071055,0.24738051496129213,0.3559448442483952,-0.0011060800933209657,0.001709185121992312,0.55,-0.3486510148184194,5.212920975251375e-05,0.0022250501358282646,-0.35,0.40320893886458603,0.0008664864484160523,0.0023156730388656918,0.25,0.14194289135595956,-7.821039067697158e-05,0.0032140834376043303,0.15
679,"[0.3560001483, -0.3486536213, 0.4031656145, 0.1419468019]","[-0.001105796998, 5.210978372e-05, 0.0008662725282, -7.819374291e-05]","[0.001709178655, 0.00222504807, 0.002315652688, 0.003214023104]",0.001407851122795447,0.005763506247330391,0.00020772614014973018,0.24731015889284966,0.3560001482530612,-0.0011057969975422739,0.0017091786548301905,0.55,-0.34865362127890703,5.210978372008052e-05,0.0022250480698949963,-0.35,0.4031656145421652,0.0008662725282457936,0.0023156526881691767,0.25,0.1419468018754934,-7.8193742909397e-05,0.0032140231035461737,0.15
680,"[0.3560554381, -0.3486562268, 0.4031223009, 0.1419507116]","[-0.001105514042, 5.209048443e-05, 0.0008660585717, -7.81770443e-05]","[0.001709172191, 0.002225046005, 0.002315632347, 0.003213962797]",0.0014074955830012338,0.005763139426279511,0.00020762095958258136,0.24723982061558006,0.3560554381029383,-0.0011055140423258923,0.0017091721907232691,0.55,-0.34865622676809305,5.209048442920554e-05,0.0022250460051699197,-0.35,0.4031223009157529,0.0008660585716711353,0.0023156323469222494,0.25,0.1419507115626389,-7.817704429774728e-05,0.0032139627973149154,0.15
681,"[0.3561107138, -0.3486588313, 0.403078998, 0.1419546204]","[-0.001105231226, 5.207130949e-05, 0.0008658445804, -7.816029584e-05]","[0.00170916573, 0.002225043942, 0.002315612015, 0.003213902519]",0.0014071401331121577,0.0057627726723143815,0.00020751583435441807,0.2471695001251425,0.3561107138050546,-0.0011052312263647164,0.0017091657296711056,0.55,-0.3486588312923145,5.2071309488767815e-05,0.00222504394165135,-0.35,0.40307899798716934,0.0008658445803756182,0.0023156120151249433,0.25,0.14195462041485377,-7.816029583836438e-05,0.0032139025189118035,0.15
682,"[0.3561659754, -0.3486614349, 0.4030357058, 0.1419585284]","[-0.001104948548, 5.205225655e-05, 0.000865630556, -7.814349851e-05]","[0.001709159272, 0.002225041879, 0.002315591693, 0.003213842268]",0.0014067847731011375,0.005762405986355213,0.00020741076445012603,0.24709919741719436,0.35616597536637284,-0.0011049485483753325,0.0017091592716732408,0.55,-0.34866143485778894,5.205225655366744e-05,0.0022250418793376297,-0.35,0.40303570575815056,0.0008656305560115486,0.0023155916927772285,0.25,0.14195852842964568,-7.814349850929806e-05,0.003213842268337911,0.15
683,"[0.3562212228, -0.3486640375, 0.4029924242, 0.1419624356]","[-0.001104666007, 5.203332332e-05, 0.0008654165002, -7.812665327e-05]","[0.001709152817, 0.002225039818, 0.00231557138, 0.003213782046]",0.0014064295029413902,0.005762039369303268,0.00020730574985432888,0.2470289124873915,0.3562212227937916,-0.001104666007097747,0.001709152816729195,0.55,-0.34866403747061664,5.203332332413589e-05,0.0022250398182271187,-0.35,0.40299242423035,0.0008654165002004316,0.0023155713798789905,0.25,0.14196243560457114,-7.812665327126796e-05,0.0032137820455940148,0.15
684,"[0.3562764561, -0.3486666391, 0.4029491534, 0.1419663419]","[-0.001104383601, 5.201450754e-05, 0.0008652024145, -7.810976107e-05]","[0.001709146365, 0.002225037758, 0.002315551076, 0.003213721851]",0.0014060743226060914,0.00576167282204139,0.00020720079055139268,0.24695864533138817,0.3562764560941465,-0.0011043836012950244,0.0017091463648384682,0.55,-0.34866663913678286,5.2014507544663334e-05,0.002225037758318196,-0.35,0.40294915340533993,0.0008652024145329586,0.0023155510764300102,0.25,0.1419663419372347,-7.810976106758671e-05,0.003213721850680592,0.15
685,"[0.3563316753, -0.3486692399, 0.4029058933, 0.1419702474]","[-0.00110410133, 5.1995807e-05, 0.0008649883006, -7.809282282e-05]","[0.001709139916, 0.0022250357, 0.002315530782, 0.003213661684]",0.0014057192320686693,0.005761306345434246,0.0002070958865254344,0.24688839594483716,0.3563316752742112,-0.0011041013297527476,0.0017091399160005418,0.55,-0.3486692398621601,5.199580700332577e-05,0.0022250356996092596,-0.35,0.4029058932846133,0.0008649883005701807,0.002315530782429999,0.25,0.14197024742528808,-7.809282282468531e-05,0.003213661683597877,0.15
686,"[0.3563868803, -0.3486718397, 0.4028626439, 0.1419741521]","[-0.001103819191, 5.197721953e-05, 0.0008647741598, -7.807583945e-05]","[0.00170913347, 0.002225033642, 0.002315510498, 0.003213601544]",0.0014053642313027368,0.005760939940328754,0.0002069910377603233,0.24681816432338974,0.3563868803406989,-0.0011038191912784644,0.001709133470214882,0.55,-0.34867183965251025,5.1977219530765664e-05,0.0022250336420987283,-0.35,0.40286264386958476,0.0008647741598441591,0.00231551049787859,0.25,0.1419741520664293,-7.80758394522174e-05,0.003213601544345877,0.15
687,"[0.3564420713, -0.3486744385, 0.4028194052, 0.1419780559]","[-0.001103537185, 5.1958743e-05, 0.0008645599939, -7.805881184e-05]","[0.001709127027, 0.002225031586, 0.002315490223, 0.003213541433]",0.0014050093202820008,0.0057605736075543885,0.00020688624423968713,0.24674795046269582,0.3564420713002628,-0.0011035371847015524,0.001709127027480936,0.55,-0.3486744385134868,5.1958742999562645e-05,0.0022250315857850387,-0.35,0.40281940516159254,0.000864559993857995,0.002315490222775337,0.25,0.1419780558584019,-7.805881184357692e-05,0.003213541432924332,0.15
688,"[0.3564972482, -0.3486770365, 0.4027761772, 0.1419819588]","[-0.001103255309, 5.194037532e-05, 0.0008643458041, -7.804174088e-05]","[0.001709120588, 0.002225029531, 0.002315469957, 0.003213481349]",0.0014046544989803021,0.00576020734792356,0.00020678150594691916,0.24667775435840397,0.35649724815949785,-0.0011032553088727217,0.0017091205877981322,0.55,-0.34867703645063675,5.1940375323221335e-05,0.002225029530666646,-0.35,0.4027761771618996,0.0008643458040865954,0.002315469957119713,0.25,0.14198195879899408,-7.804174087588238e-05,0.00321348134933276,0.15
689,"[0.3565524109, -0.3486796335, 0.4027329599, 0.1419858609]","[-0.001102973563, 5.192211446e-05, 0.000864131592, -7.802462741e-05]","[0.001709114151, 0.002225027477, 0.002315449701, 0.003213421294]",0.0014042997673717153,0.005759841162231893,0.00020667682286518122,0.24660757600616134,0.3565524109249415,-0.001102973562663505,0.0017091141511658815,0.55,-0.3486796334694029,5.192211445552607e-05,0.0022250274767420257,-0.35,0.4027329598716953,0.0008641315919774819,0.002315449700911128,0.25,0.14198586088603787,-7.802462741057455e-05,0.0032134212935704645,0.15
690,"[0.3566075596, -0.3486822296, 0.4026897533, 0.1419897621]","[-0.001102691945, 5.190395839e-05, 0.000863917359, -7.800747229e-05]","[0.001709107718, 0.002225025424, 0.002315429454, 0.003213361266]",0.0014039451254302979,0.0057594750512586085,0.00020657219497741028,0.246537415401614,0.35660755960307466,-0.0011026919449659929,0.0017091077175835812,0.55,-0.3486822295751257,5.190395838980156e-05,0.0022250254240096675,-0.35,0.4026897532920964,0.0008639173589507404,0.002315429454148894,0.25,0.1419897621174084,-7.800747229373486e-05,0.003213361265636434,0.15
691,"[0.3566626942, -0.3486848248, 0.4026465574, 0.1419936625]","[-0.001102410455, 5.188590516e-05, 0.0008637031064, -7.799027636e-05]","[0.001709101287, 0.002225023372, 0.002315409217, 0.003213301266]",0.0014035905731302912,0.005759109015766816,0.00020646762226631823,0.2464672725404066,0.356662694200323,-0.00110241045469248,0.0017091012870506083,0.55,-0.3486848247730452,5.188590515802793e-05,0.002225023372468078,-0.35,0.40264655742414884,0.0008637031063998613,0.0023154092168322653,0.25,0.1419936624910231,-7.799027635610285e-05,0.0032133012655294834,0.15
692,"[0.3567178147, -0.3486874191, 0.4026033723, 0.141997562]","[-0.001102129091, 5.186795283e-05, 0.0008634888357, -7.797304041e-05]","[0.00170909486, 0.002225021322, 0.002315388989, 0.003213241293]",0.0014032361104461767,0.005758743056503821,0.00020636310471440313,0.24639714741818278,0.3567178147230576,-0.001102129090774905,0.0017090948595663276,0.55,-0.3486874190683031,5.186795283019945e-05,0.0022250213221157843,-0.35,0.40260337226882886,0.000863488835692549,0.0023153889889604307,0.25,0.1419975620048409,-7.79730404135051e-05,0.003213241293248206,0.15
693,"[0.3567729212, -0.3486900125, 0.4025601978, 0.1420014607]","[-0.001101847852, 5.185009951e-05, 0.0008632745482, -7.795576527e-05]","[0.001709088435, 0.002225019273, 0.002315368771, 0.003213181349]",0.0014028817373523052,0.005758377174201492,0.00020625864230395096,0.24632704003058495,0.35677292117759635,-0.0011018478521647016,0.001709088435130085,0.55,-0.3486900124659446,5.185009951345699e-05,0.002225019272951328,-0.35,0.4025601978270442,0.0008632745481703566,0.0023153687705324893,0.25,0.14200146065686156,-7.79557652670246e-05,0.0032131813487909556,0.15
694,"[0.3568280136, -0.348692605, 0.4025170341, 0.1420053584]","[-0.001101566738, 5.183234335e-05, 0.0008630602452, -7.79384517e-05]","[0.001709082014, 0.002225017225, 0.002315348562, 0.003213121432]",0.0014025274538234042,0.005758011369576489,0.00020615423501703944,0.24625695037325446,0.3568280135702046,-0.0011015667378322677,0.0017090820137412128,0.55,-0.3486926049709203,5.183234335151302e-05,0.0022250172249732693,-0.35,0.4025170340996357,0.0008630602451501966,0.002315348561547501,0.25,0.1420053584451249,-7.793845170331359e-05,0.003213121432155933,0.15
695,"[0.3568830919, -0.3486951966, 0.4024738811, 0.1420092554]","[-0.001101285747, 5.181468252e-05, 0.0008628459279, -7.79211005e-05]","[0.001709075595, 0.002225015178, 0.002315328362, 0.003213061543]",0.0014021732598341326,0.005757645643330625,0.00020604988283554174,0.2461868784418317,0.3568830919070962,-0.0011012857467668567,0.0017090755953990259,0.55,-0.3486951965880879,5.181468252398226e-05,0.0022250151781801814,-0.35,0.4024738810873782,0.0008628459279237544,0.0023153283620044257,0.25,0.14200925536771009,-7.792110049517184e-05,0.0032130615433410264,0.15
696,"[0.3569381562, -0.3486977873, 0.4024307388, 0.1420131514]","[-0.001101004878, 5.179711525e-05, 0.0008626315978, -7.79037124e-05]","[0.00170906918, 0.002225013133, 0.002315308172, 0.003213001682]",0.0014018191553593848,0.005757279996151083,0.00020594558574113305,0.24611682423195594,0.3569381561944346,-0.001101004877975728,0.0017090691801028286,0.55,-0.34869778732221407,5.1797115245396273e-05,0.0022250131325706594,-0.35,0.402430738790982,0.0008626315977591949,0.002315308171902199,0.25,0.14201315142273485,-7.790371240079134e-05,0.003213001682344074,0.15
697,"[0.3569932064, -0.3487003772, 0.4023876072, 0.1420170466]","[-0.00110072413, 5.177963977e-05, 0.0008624172559, -7.788628817e-05]","[0.001709062768, 0.002225011088, 0.002315287991, 0.003212941849]",0.0014014651403738761,0.005756914428710765,0.0002058413437152945,0.24604678773926555,0.3569932064383334,-0.0011007241304846474,0.0017090627678519046,0.55,-0.34870037717797636,5.1779639765004184e-05,0.0022250110881433,-0.35,0.40238760721109407,0.0008624172558996758,0.0023152879912396217,0.25,0.1420170466083549,-7.788628816592402e-05,0.003212941849162437,0.15
698,"[0.3570482426, -0.3487029662, 0.4023444863, 0.1420209409]","[-0.001100443503, 5.176225437e-05, 0.0008622029036, -7.786882852e-05]","[0.001709056359, 0.002225009045, 0.00231526782, 0.003212882044]",0.0014011112148529068,0.005756548941668556,0.0002057371567393148,0.245976768959398,0.3570482426448576,-0.0011004435033365556,0.0017090563586455298,0.55,-0.3487029661599646,5.176225436568117e-05,0.0022250090448967326,-0.35,0.40234448634829906,0.0008622029035665493,0.0023152678200155175,0.25,0.1420209409227632,-7.786882852175215e-05,0.003212882043793595,0.15
699,"[0.3571032648, -0.3487055543, 0.4023013762, 0.1420248344]","[-0.001100162996, 5.174495736e-05, 0.000861988542, -7.785133419e-05]","[0.001709049952, 0.002225007003, 0.002315247658, 0.003212822266]",0.0014007573787713629,0.005756183535669608,0.00020563302479429727,0.24590676788798987,0.35710326482002447,-0.0011001629955920895,0.0017090499524829595,0.55,-0.3487055542726829,5.1744957363465235e-05,0.0022250070028295888,-0.35,0.40230137620312073,0.0008619885419569192,0.0023152476582285757,0.25,0.1420248343641893,-7.785133418700975e-05,0.003212822266234591,0.15
700,"[0.357158273, -0.3487081415, 0.4022582768, 0.1420287269]","[-0.001099882606, 5.172774711e-05, 0.0008617741722, -7.783380587e-05]","[0.001709043549, 0.002225004962, 0.002315227506, 0.003212762516]",0.0014004036321045796,0.0057558182113455775,0.0002055289478611623,0.24583678452067687,0.35715827296980407,-0.0010998826063286608,0.0017090435493634423,0.55,-0.3487081415205511,5.1727747106886543e-05,0.0022250049619405234,-0.35,0.4022582767760229,0.000861774172246333,0.002315227505877478,0.25,0.14202872693089866,-7.783380586714188e-05,0.003212762516482463,0.15
701,"[0.3572132671, -0.3487107279, 0.4022151881, 0.1420326186]","[-0.001099602335, 5.171062198e-05, 0.0008615597956, -7.781624426e-05]","[0.001709037149, 0.002225002922, 0.002315207363, 0.003212702795]",0.0014000499748277751,0.005755452969314939,0.0002054249259206518,0.24576681885309395,0.3572132671001205,-0.0010996023346405315,0.001709037149286208,0.55,-0.3487107279079064,5.171062197646323e-05,0.0022250029222281986,-0.35,0.4022151880674106,0.0008615597955877273,0.0023152073629608082,0.25,0.142032618621192,-7.781624425521524e-05,0.0032127027945339005,0.15
702,"[0.3572682472, -0.3487133134, 0.4021721101, 0.1420365094]","[-0.00109932218, 5.169358038e-05, 0.0008613454131, -7.779865003e-05]","[0.001709030752, 0.002225000884, 0.002315187229, 0.0032126431]",0.0013996964069164274,0.00575508781018319,0.00020532095895333115,0.24569687088087522,0.3572682472168526,-0.0010993221796382756,0.0017090307522504753,0.55,-0.34871331343900525,5.1693580383766343e-05,0.002225000883691297,-0.35,0.4021721100776312,0.0008613454131128247,0.0023151872294771263,0.25,0.14203650943340476,-7.779865003142772e-05,0.003212643100385571,0.15
703,"[0.3573232133, -0.3487158981, 0.4021290428, 0.1420403994]","[-0.00109904214, 5.167662077e-05, 0.0008611310259, -7.778102386e-05]","[0.001709024358, 0.002224998846, 0.002315167105, 0.003212583434]",0.0013993429283458926,0.005754722734543153,0.00020521704693959647,0.24562694059965423,0.3573232133258345,-0.0010990421404486795,0.00170902435825545,0.55,-0.34871589811802445,5.167662077122624e-05,0.0022249988463285096,-0.35,0.4021290428069756,0.0008611310259315605,0.002315167105424895,0.25,0.14204039936590634,-7.778102386422924e-05,0.003212583434033788,0.15
704,"[0.3573781654, -0.3487184819, 0.4020859863, 0.1420442884]","[-0.001098762216, 5.165974161e-05, 0.0008609166351, -7.776336641e-05]","[0.001709017967, 0.00222499681, 0.002315146991, 0.003212523795]",0.0013989895390916737,0.005754357742975146,0.00020511318985967525,0.2455570280050636,0.35737816543285694,-0.001098762216214326,0.0017090179673003233,0.55,-0.348718481949063,5.165974161127556e-05,0.002224996810138541,-0.35,0.402085986255679,0.0008609166351331422,0.0023151469908025356,0.25,0.14204428841709957,-7.776336640990239e-05,0.0032125237954747717,0.15
705,"[0.3574331035, -0.3487210649, 0.4020429404, 0.1420481766]","[-0.001098482406, 5.164294141e-05, 0.0008607022418, -7.774567831e-05]","[0.001709011579, 0.002224994775, 0.002315126886, 0.003212464185]",0.0013986362391296,0.005753992836047353,0.00020500938769363086,0.24548713309273554,0.35743310354366764,-0.0010984824060929577,0.0017090115793842785,0.55,-0.3487210649361436,5.164294140577041e-05,0.0022249947751201205,-0.35,0.4020429404239223,0.0008607022417871992,0.002315126885608462,0.25,0.14204817658542007,-7.774567831247927e-05,0.0032124641847047146,0.15
706,"[0.3574880277, -0.3487236471, 0.4019999053, 0.1420520639]","[-0.001098202709, 5.162621869e-05, 0.0008604878469, -7.772796021e-05]","[0.001709005195, 0.002224992741, 0.00231510679, 0.003212404602]",0.0013982830284351004,0.005753628014315972,0.00020490564042136754,0.24541725585830143,0.3574880276639723,-0.0010982027092580936,0.0017090051945064825,0.55,-0.34872364708321385,5.162621868574241e-05,0.0022249927412719694,-0.35,0.40199990531183294,0.0008604878469416727,0.0023151067898409356,0.25,0.1420520638693357,-7.772796020554531e-05,0.0032124046017192754,0.15
707,"[0.3575429378, -0.3487262284, 0.4019568809, 0.1420559503]","[-0.001097923125, 5.160957201e-05, 0.0008602734516, -7.771021271e-05]","[0.001708998813, 0.002224990709, 0.002315086703, 0.003212345047]",0.001397929906984185,0.005753263278325463,0.0002048019480226303,0.24534739629739225,0.3575429377994352,-0.0010979231248976452,0.0017089988126660915,0.55,-0.34872622839414813,5.160957201005874e-05,0.002224990708592847,-0.35,0.40195688091948584,0.0008602734516265064,0.0023150867034982827,0.25,0.14205595026734597,-7.771021270951351e-05,0.003212345046514445,0.15
708,"[0.357597834, -0.3487288089, 0.4019138672, 0.1420598358]","[-0.001097643652, 5.159299997e-05, 0.0008600590569, -7.769243644e-05]","[0.001708992434, 0.002224988677, 0.002315066627, 0.003212285519]",0.0013975768747524829,0.005752898628608807,0.00020469831047701265,0.24527755440563825,0.35759783395568007,-0.0010976436522145841,0.0017089924338622516,0.55,-0.34872880887274865,5.159299996612785e-05,0.0022249886770815018,-0.35,0.40191386724690453,0.0008600590568508121,0.0023150666265786654,0.25,0.14205983577798145,-7.769243643581583e-05,0.0032122855190855307,0.15
709,"[0.3576527161, -0.3487313885, 0.4018708643, 0.1420637204]","[-0.00109736429, 5.157650117e-05, 0.0008598446636, -7.767463198e-05]","[0.001708986058, 0.002224986647, 0.002315046559, 0.003212226019]",0.001397223931715916,0.005752534065687675,0.00020459472776395714,0.24520773017866926,0.3576527161382908,-0.0010973642904261352,0.001708986058094094,0.55,-0.34873138852274693,5.157650116803336e-05,0.002224986646736709,-0.35,0.401870864294062,0.0008598446636054543,0.002315046559080262,0.25,0.14206372039980325,-7.767463198312819e-05,0.0032122260194280446,0.15
710,"[0.3577075844, -0.3487339673, 0.4018278721, 0.1420676041]","[-0.001097085039, 5.156007426e-05, 0.0008596302729, -7.765679994e-05]","[0.001708979685, 0.002224984618, 0.002315026501, 0.003212166548]",0.001396871077850592,0.005752169590072729,0.00020449119986275948,0.24513792361211456,0.35770758435281214,-0.0010970850387634215,0.0017089796853607443,0.55,-0.3487339673478053,5.156007425696956e-05,0.002224984617557254,-0.35,0.4018278720608817,0.0008596302728630441,0.002315026501001203,0.25,0.1420676041314024,-7.765679994025407e-05,0.0032121665475372393,0.15
711,"[0.3577624386, -0.3487365454, 0.4017848905, 0.142071487]","[-0.001096805896, 5.15437179e-05, 0.0008594158856, -7.763894089e-05]","[0.001708973316, 0.00222498259, 0.002315006452, 0.003212107103]",0.001396518313132497,0.005751805202263765,0.00020438772675257012,0.24506813470160307,0.3577624386047503,-0.0010968058964717002,0.0017089733156613128,0.55,-0.34873654535151816,5.154371790021413e-05,0.0022249825895419334,-0.35,0.4017848905472386,0.0008594158855772905,0.002315006452339549,0.25,0.1420714869713994,-7.763894088515778e-05,0.003212107103408214,0.15
712,"[0.3578172789, -0.3487391225, 0.4017419198, 0.1420753689]","[-0.001096526863, 5.152743079e-05, 0.0008592015027, -7.762105539e-05]","[0.001708966949, 0.002224980563, 0.002314986413, 0.003212047687]",0.0013961656375374683,0.005751440902749982,0.00020428430841240125,0.24499836344276316,0.35781727889957393,-0.0010965268628099886,0.0017089669489948954,0.55,-0.3487391225374132,5.1527430790860906e-05,0.0022249805626895465,-0.35,0.40174191975295975,0.0008592015026833849,0.0023149864130932772,0.25,0.14207536891844366,-7.762105538573755e-05,0.0032120476870357772,0.15
713,"[0.3578721052, -0.3487416989, 0.4016989597, 0.14207925]","[-0.001096247937, 5.151121165e-05, 0.0008589871251, -7.7603144e-05]","[0.001708960585, 0.002224978537, 0.002314966383, 0.003211988298]",0.001395813051041928,0.005751076692010171,0.000204180944821125,0.2449286098312229,0.35787210524271446,-0.0010962479370501617,0.001708960585360588,0.55,-0.34874169890895274,5.1511211647244085e-05,0.0022249785369989196,-0.35,0.4016989596778256,0.0008589871251004345,0.0023149663832603977,0.25,0.14207924997121296,-7.760314399921714e-05,0.0032119882984148404,0.15
714,"[0.3579269176, -0.3487442745, 0.4016560103, 0.1420831301]","[-0.001095969118, 5.149505921e-05, 0.0008587727537, -7.758520727e-05]","[0.001708954225, 0.002224976512, 0.002314946363, 0.003211928938]",0.001395460553621976,0.005750712570512857,0.00020407763595748022,0.24485887386260996,0.35792691763956697,-0.0010959691184774878,0.001708954224757468,0.55,-0.3487442744695351,5.149505921234552e-05,0.002224976512468882,-0.35,0.40165601032157056,0.0008587727537292736,0.0023149463628388276,0.25,0.14208313012841292,-7.758520727295535e-05,0.0032119289375400558,0.15
715,"[0.3579817161, -0.3487468492, 0.4016130717, 0.1420870094]","[-0.001095690406, 5.147897225e-05, 0.0008585583895, -7.756724574e-05]","[0.001708947867, 0.002224974489, 0.002314926352, 0.003211869604]",0.001395108145253852,0.005750348538716658,0.00020397438180007462,0.24478915553255162,0.35798171609549084,-0.0010956904063900963,0.0017089478671846055,0.55,-0.3487468492224957,5.1478972253660946e-05,0.002224974489098272,-0.35,0.4016130716838841,0.0008585583894538628,0.002314926351826432,0.25,0.14208700938877658,-7.756724574486646e-05,0.003211869604405853,0.15
716,"[0.3580365006, -0.3487494232, 0.4015701438, 0.1420908878]","[-0.0010954118, 5.146294956e-05, 0.0008583440331, -7.754925994e-05]","[0.001708941513, 0.002224972467, 0.00231490635, 0.003211810299]",0.0013947558259138919,0.005749984597070289,0.00020387118232738637,0.24471945483667493,0.3580365006158103,-0.0010954118000986598,0.0017089415126410605,0.55,-0.3487494231711084,5.146294956225735e-05,0.0022249724668859452,-0.35,0.4015701437644114,0.000858344033141751,0.002314906350221059,0.25,0.14209088775106382,-7.754925994270824e-05,0.0032118102990066713,0.15
717,"[0.3580912712, -0.3487519963, 0.4015272266, 0.1420947652]","[-0.001095133299, 5.144698995e-05, 0.0008581296856, -7.753125038e-05]","[0.001708935161, 0.002224970446, 0.002314886358, 0.003211751021]",0.0013944035955784735,0.005749620746012888,0.0002037680375177664,0.2446497717706066,0.35809127120581524,-0.0010951332989263215,0.0017089351611258817,0.55,-0.3487519963185865,5.144698995266737e-05,0.0022249704458307635,-0.35,0.4015272265627543,0.0008581296856440101,0.0023148863580204995,0.25,0.14209476521406095,-7.753125038492476e-05,0.0032117510213367337,0.15
718,"[0.3581460279, -0.3487545687, 0.4014843201, 0.1420986418]","[-0.001094854902, 5.143109226e-05, 0.0008579153478, -7.751321758e-05]","[0.001708928813, 0.002224968426, 0.002314866375, 0.003211691771]",0.0013940514542238945,0.005749256985974216,0.00020366494734944495,0.24458010632997307,0.35814602787076155,-0.0010948549022083952,0.0017089288126381095,0.55,-0.34875456866808413,5.143109226232497e-05,0.002224968425931597,-0.35,0.4014843200784721,0.0008579153477954371,0.002314866375222482,0.25,0.1420986417765802,-7.751321758087046e-05,0.0032116917713900773,0.15
719,"[0.3582007706, -0.3487571402, 0.4014414243, 0.1421025174]","[-0.001094576609, 5.141525535e-05, 0.0008577010204, -7.749516203e-05]","[0.001708922467, 0.002224966407, 0.002314846402, 0.003211632549]",0.0013936994018267145,0.0057488933173747165,0.00020356191180053042,0.24451045851040062,0.35820077061587197,-0.001094576609291959,0.001708922467176777,0.55,-0.34875714022269727,5.1415255351138354e-05,0.002224966407187334,-0.35,0.4014414243110824,0.0008577010204156834,0.0023148464018247343,0.25,0.14210251743745922,-7.74951620304974e-05,0.0032116325491607345,0.15
720,"[0.3582554994, -0.348759711, 0.4013985393, 0.1421063922]","[-0.00109429842, 5.13994781e-05, 0.0008574867043, -7.747708423e-05]","[0.001708916125, 0.00222496439, 0.002314826438, 0.003211573355]",0.0013933474383633394,0.005748529740625788,0.00020345893084901322,0.24444082830751526,0.35825549944633656,-0.0010942984195360058,0.0017089161247409055,0.55,-0.3487597109854648,5.139947810108988e-05,0.0022249643895968633,-0.35,0.4013985392600616,0.0008574867043083486,0.0023148264378249055,0.25,0.14210639219556073,-7.747708422509374e-05,0.0032115733546424817,0.15
721,"[0.3583102144, -0.348762281, 0.4013556649, 0.142110266]","[-0.001094020332, 5.138375942e-05, 0.0008572724003, -7.745898465e-05]","[0.001708909785, 0.002224962373, 0.002314806483, 0.003211514188]",0.0013929955638104074,0.0057481662561299825,0.00020335600447276878,0.24437121571694279,0.35831021436731336,-0.0010940203323108863,0.0017089097853295084,0.55,-0.3487622809593699,5.138375941558058e-05,0.0022249623731590944,-0.35,0.40135566492484614,0.0008572724002624256,0.002314806483220644,0.25,0.14211026604977198,-7.745898464654352e-05,0.0032115141878291324,0.15
722,"[0.3583649154, -0.3487648501, 0.4013128013, 0.142114139]","[-0.001093742347, 5.136809822e-05, 0.0008570581091, -7.744086377e-05]","[0.001708903449, 0.002224960358, 0.002314786538, 0.003211455049]",0.0013926437781444031,0.005747802864281137,0.00020325313264956218,0.24430162073430906,0.3583649153839289,-0.0010937423469984284,0.0017089034489415887,0.55,-0.34876485014734065,5.1368098219461054e-05,0.0022249603578729338,-0.35,0.40131280130483304,0.0008570581090513885,0.00231478653800951,0.25,0.1421141389990043,-7.744086376881842e-05,0.003211455048714167,0.15
723,"[0.3584196025, -0.3487674186, 0.4012699484, 0.142118011]","[-0.001093464463, 5.135249346e-05, 0.0008568438314, -7.742272206e-05]","[0.001708897116, 0.002224958344, 0.002314766602, 0.003211395937]",0.0013922920813420469,0.0057474395654645285,0.0002031503153570445,0.24423204335523951,0.3584196025012788,-0.0010934644629912312,0.001708897115576144,0.55,-0.34876741855225163,5.135249345813442e-05,0.002224958343737312,-0.35,0.40126994839938046,0.0008568438314348902,0.002314766602189077,0.25,0.14211801104219274,-7.742272205675325e-05,0.0032113959372911676,0.15
724,"[0.3584742757, -0.3487699862, 0.4012271062, 0.1421218822]","[-0.00109318668, 5.13369441e-05, 0.0008566295682, -7.740455997e-05]","[0.001708890785, 0.002224956331, 0.002314746676, 0.003211336854]",0.001391940473379897,0.005747076360057088,0.00020304755257276192,0.24416248357535966,0.35847427572442836,-0.001093186679693066,0.0017088907852321608,0.55,-0.34876998617692456,5.133694409757048e-05,0.0022249563307511536,-0.35,0.4012271062078087,0.0008566295681574852,0.002314746675756832,0.25,0.14212188217829558,-7.74045599673926e-05,0.0032113368535533777,0.15
725,"[0.3585289351, -0.348772553, 0.4011842747, 0.1421257524]","[-0.001092908997, 5.132144912e-05, 0.00085641532, -7.738637795e-05]","[0.001708884458, 0.002224954319, 0.002314726759, 0.003211277797]",0.0013915889542347462,0.0057467132484275325,0.00020294484427415426,0.24409294139029492,0.358528935058413,-0.001092908996518154,0.001708884457908618,0.55,-0.34877255302412946,5.1321449123549344e-05,0.0022249543189134064,-0.35,0.4011842747294008,0.0008564153199503275,0.002314726758710269,0.25,0.14212575240629394,-7.738637794905043e-05,0.0032112777974941317,0.15
726,"[0.3585835805, -0.3487751191, 0.401141454, 0.1421296217]","[-0.001092631413, 5.130600754e-05, 0.0008562010875, -7.736817644e-05]","[0.001708878134, 0.002224952308, 0.002314706851, 0.003211218769]",0.001391237523883295,0.005746350230936565,0.00020284219043855908,0.24402341679567055,0.3585835805082389,-0.0010926314128913233,0.001708878133604489,0.55,-0.34877511909658565,5.130600754168272e-05,0.0022249523082230175,-0.35,0.4011414539634033,0.0008562010875303283,0.0023147068510468113,0.25,0.1421296217251914,-7.736817644256737e-05,0.0032112187691064778,0.15
727,"[0.3586382121, -0.3487776844, 0.4010986439, 0.1421334901]","[-0.001092353928, 5.129061838e-05, 0.0008559868716, -7.734995588e-05]","[0.001708871812, 0.002224950299, 0.002314686953, 0.003211159768]",0.00139088618230232,0.005745987307937005,0.00020273959104321422,0.24395390978711198,0.35863821207888347,-0.0010923539282476295,0.001708871812318734,0.55,-0.3487776843969627,5.129061837654823e-05,0.002224950298678948,-0.35,0.4010986439090268,0.000855986871601065,0.0023146869527638715,0.25,0.14213349013401352,-7.734995588019338e-05,0.003211159768383501,0.15
728,"[0.3586928298, -0.3487802489, 0.4010558446, 0.1421373576]","[-0.001092076542, 5.127528067e-05, 0.0008557726729, -7.733171669e-05]","[0.001708865494, 0.00222494829, 0.002314667064, 0.003211100795]",0.0013905349294687159,0.0057456244797739345,0.00020263704606525662,0.24388442036024438,0.3586928297752959,-0.0010920765420321286,0.0017088654940503121,0.55,-0.34878024892788156,5.1275280671715415e-05,0.0022249482902801684,-0.35,0.40105584456544674,0.0008557726728530277,0.002314667063858828,0.25,0.14213735763180754,-7.733171668685996e-05,0.0032111007953181227,0.15
729,"[0.3587474336, -0.3487828127, 0.4010130559, 0.1421412242]","[-0.001091799254, 5.125999349e-05, 0.000855558492, -7.731345928e-05]","[0.001708859179, 0.002224946283, 0.002314647184, 0.00321104185]",0.0013901837653592423,0.005745261746784797,0.00020253455548172993,0.24381494851069307,0.35874743360239747,-0.001091799253700006,0.0017088591787981686,0.55,-0.34878281269191513,5.125999348929343e-05,0.002224946283025652,-0.35,0.4010130559318041,0.0008555584919630807,0.002314647184328997,0.25,0.1421412242176419,-7.731345928004643e-05,0.0032110418499030824,0.15
730,"[0.3588020236, -0.3487853757, 0.400970278, 0.1421450899]","[-0.001091522063, 5.124475591e-05, 0.0008553443296, -7.729518407e-05]","[0.001708852867, 0.002224944277, 0.002314627314, 0.003210982932]",0.0013898326899507807,0.005744899109299713,0.00020243211926958255,0.24374549423408343,0.35880202356508245,-0.0010915220627160196,0.001708852866561245,0.55,-0.34878537569158957,5.1244755909472385e-05,0.0022249442769143838,-0.35,0.4009702780072059,0.0008553443295956522,0.0023146273141716783,0.25,0.1421450898906059,-7.729518406945798e-05,0.0032109829321310744,0.15
731,"[0.3588565997, -0.3487879379, 0.4009275108, 0.1421489546]","[-0.001091244969, 5.122956703e-05, 0.0008551301864, -7.727689146e-05]","[0.001708846557, 0.002224942272, 0.002314607453, 0.003210924042]",0.0013894817032202595,0.005744536567641511,0.00020232973740567212,0.24367605752604077,0.35885659966821826,-0.0010912449685544425,0.0017088465573384755,0.55,-0.34878793792938506,5.1229567030172884e-05,0.0022249422719453587,-0.35,0.40092751079072614,0.0008551301864026668,0.0023146074533841477,0.25,0.14214895464980937,-7.727689145746203e-05,0.0032109240419947232,0.15
732,"[0.3589111619, -0.3487904994, 0.4008847543, 0.1421528185]","[-0.001090967971, 5.121442597e-05, 0.000854916063, -7.725858184e-05]","[0.001708840251, 0.002224940268, 0.002314587602, 0.003210865179]",0.0013891308051446902,0.005744174122125847,0.00020222740986676637,0.2436066383821906,0.35891116191664596,-0.0010909679706988652,0.0017088402511287865,0.55,-0.34879049940773654,5.121442596684833e-05,0.00222494026811758,-0.35,0.400884754281406,0.0008549160630238602,0.0023145876019636507,0.25,0.14215281849438224,-7.72585818392033e-05,0.003210865179486546,0.15
733,"[0.3589657103, -0.3487930601, 0.4008420085, 0.1421566814]","[-0.001090691069, 5.119933185e-05, 0.0008547019601, -7.72402556e-05]","[0.001708833948, 0.002224938265, 0.00231456776, 0.003210806345]",0.0013887799957009372,0.005743811773061424,0.00020212513662954605,0.24353723679815845,0.35896571031518093,-0.0010906910686423227,0.0017088339479310966,0.55,-0.3487930601290349,5.119933185203688e-05,0.002224938265430053,-0.35,0.40084200847825485,0.000854701960086234,0.0023145677599073714,0.25,0.1421566814234742,-7.724025560300842e-05,0.003210806344598868,0.15
734,"[0.3590202449, -0.3487956201, 0.4007992734, 0.1421605434]","[-0.001090414262, 5.118428383e-05, 0.0008544878782, -7.722191313e-05]","[0.001708827648, 0.002224936264, 0.002314547927, 0.003210747537]",0.0013884292748660354,0.005743449520750043,0.00020202291767060473,0.24346785276956998,0.35902024486861306,-0.0010904142618866138,0.0017088276477443178,0.55,-0.3487956200956275,5.118428383499818e-05,0.002224936263881797,-0.35,0.40079927338025056,0.0008544878782055126,0.0023145479272124927,0.25,0.14216054343625437,-7.722191312985653e-05,0.0032107475373240285,0.15
735,"[0.3590747656, -0.3487981793, 0.400756549, 0.1421644045]","[-0.00109013755, 5.116928108e-05, 0.000854273818, -7.720355479e-05]","[0.001708821351, 0.002224934263, 0.002314528104, 0.003210688758]",0.0013880786426170868,0.005743087365486806,0.00020192075296645323,0.24339848629205096,0.35907476558170737,-0.001090137549942468,0.0017088213505673578,0.55,-0.3487981793098192,5.1169281081466e-05,0.00222493426347184,-0.35,0.4007565489863403,0.0008542738179857164,0.002314528103876172,0.25,0.14216440453191087,-7.720355479406266e-05,0.0032106887576542746,0.15
736,"[0.3591292725, -0.3488007378, 0.4007138353, 0.1421682647]","[-0.001089860932, 5.115432277e-05, 0.00085405978, -7.718518096e-05]","[0.001708815056, 0.002224932264, 0.00231450829, 0.003210630006]",0.0013877280989310736,0.00574272530756024,0.00020181864249352278,0.24332913736122733,0.3591292724592045,-0.0010898609323294053,0.001708815056399114,0.55,-0.34880073777387327,5.1154322773381135e-05,0.002224932264199209,-0.35,0.40071383529544097,0.0008540597800190422,0.0023145082898955046,0.25,0.14216826470965058,-7.718518096339969e-05,0.003210630005581649,0.15
737,"[0.3591837655, -0.3488032955, 0.4006711323, 0.142172124]","[-0.001089584409, 5.113940811e-05, 0.0008538457649, -7.7166792e-05]","[0.001708808765, 0.002224930266, 0.002314488485, 0.003210571281]",0.0013873776437851773,0.005742363347252425,0.00020171658622816183,0.24325980597272523,0.359183765505821,-0.0010895844085751396,0.0017088087652384829,0.55,-0.34880329549001193,5.113940810839781e-05,0.002224930266062952,-0.35,0.40067113230644,0.0008538457648872155,0.002314488485267604,0.25,0.14217212396869874,-7.716679199864309e-05,0.003210571281098274,0.15
738,"[0.3592382447, -0.3488058525, 0.40062844, 0.1421759823]","[-0.001089307978, 5.11245363e-05, 0.0008536317732, -7.714838825e-05]","[0.001708802477, 0.002224928269, 0.00231446869, 0.003210512584]",0.0013870272771563566,0.00574200148483908,0.00020161458414664395,0.24319049212217098,0.35923824472624977,-0.0010893079782163283,0.0017088024770843466,0.55,-0.34880585246041734,5.112453629980599e-05,0.0022249282690621065,-0.35,0.40062844001819564,0.000853631773159755,0.00231446868998949,0.25,0.14217598230829867,-7.714838825467329e-05,0.003210512584195947,0.15
739,"[0.3592927101, -0.3488084087, 0.4005857584, 0.1421798397]","[-0.001089031641, 5.110970658e-05, 0.0008534178054, -7.712997008e-05]","[0.001708796192, 0.002224926273, 0.002314448904, 0.003210453915]",0.0013866769990218803,0.005741639720589754,0.00020151263622516467,0.2431211958051911,0.35929271012516056,-0.001089031640797361,0.0017087961919355886,0.55,-0.34880840868723234,5.1109706576004745e-05,0.0022249262731957333,-0.35,0.40058575842953764,0.0008534178053965066,0.0023144489040582217,0.25,0.1421798397277114,-7.712997007947304e-05,0.0032104539148666246,0.15
740,"[0.3593471617, -0.3488109642, 0.4005430875, 0.1421836962]","[-0.001088755396, 5.109491818e-05, 0.0008532038621, -7.711153782e-05]","[0.00170878991, 0.002224924278, 0.002314429127, 0.003210395273]",0.0013863268093588634,0.005741278054767922,0.00020141074243984624,0.24305191701741227,0.35934716170720044,-0.0010887553958708093,0.0017087899097910832,0.55,-0.34881096417256113,5.109491818041817e-05,0.002224924278462892,-0.35,0.4005430875392678,0.0008532038621462387,0.002314429127470795,0.25,0.14218369622621538,-7.711153781504983e-05,0.003210395273102035,0.15
741,"[0.3594015995, -0.3488135189, 0.4005004273, 0.1421875518]","[-0.001088479243, 5.108017037e-05, 0.0008529899439, -7.70930918e-05]","[0.001708783631, 0.002224922285, 0.00231440936, 0.003210336659]",0.0013859767081445277,0.0057409164876310315,0.00020130890276673805,0.2429826557544615,0.35940159947699396,-0.001088479242997266,0.0017087836306496995,0.55,-0.3488135189184702,5.10801703710425e-05,0.002224922284862652,-0.35,0.4005004273461605,0.0008529899439473143,0.002314409360224189,0.25,0.14218755180310613,-7.70930917972739e-05,0.0032103366588938664,0.15
742,"[0.3594560234, -0.3488160729, 0.4004577778, 0.1421914065]","[-0.001088203182, 5.106546242e-05, 0.0008527760513, -7.707463236e-05]","[0.001708777355, 0.002224920292, 0.002314389602, 0.003210278072]",0.0013856266953560434,0.005740555019430782,0.0002012071171818201,0.24291341201196606,0.35945602343914385,-0.0010882031817449882,0.0017087773545103005,0.55,-0.34881607292698874,5.106546242023449e-05,0.002224920292394087,-0.35,0.40045777784896314,0.000852776051327897,0.0023143896023153504,0.25,0.14219140645769598,-7.707463235592568e-05,0.003210278072233716,0.15
743,"[0.3595104336, -0.3488186262, 0.400415139, 0.1421952602]","[-0.001087927212, 5.105079361e-05, 0.0008525621848, -7.705615981e-05]","[0.001708771081, 0.002224918301, 0.002314369854, 0.003210219513]",0.0013852767709706588,0.005740193650413056,0.0002011053856610012,0.24284418578555342,0.3595104335982311,-0.0010879272116899312,0.0017087710813717433,0.55,-0.3488186262001097,5.105079361448325e-05,0.0022249183010562786,-0.35,0.40041513904639675,0.0008525621848061187,0.0023143698537412085,0.25,0.14219526018931378,-7.705615981487161e-05,0.0032102195131131065,0.15
744,"[0.35956483, -0.3488211787, 0.4003725109, 0.142199113]","[-0.001087651332, 5.103616325e-05, 0.0008523483449, -7.703767449e-05]","[0.001708764811, 0.002224916311, 0.002314350114, 0.003210160982]",0.001384926934965649,0.005739832380818198,0.00020100370818012454,0.24277497707085136,0.3595648299588156,-0.0010876513324155261,0.00170876481123288,0.55,-0.34882117873979046,5.103616325403488e-05,0.0022249163108483154,-0.35,0.4003725109371564,0.0008523483448902796,0.0023143501144986607,0.25,0.14219911299730453,-7.703767449232945e-05,0.0032101609815234646,0.15
745,"[0.3596192125, -0.3488237305, 0.4003298935, 0.1422029649]","[-0.001087375544, 5.102157065e-05, 0.0008521345321, -7.70191767e-05]","[0.001708758544, 0.002224914322, 0.002314330385, 0.003210102477]",0.0013845771873182463,0.005739471210880974,0.0002009020847149662,0.242705785863488,0.3596192125254364,-0.0010873755435125518,0.0017087585440925565,0.55,-0.3488237305479532,5.102157065264673e-05,0.0022249143217692915,-0.35,0.4003298935199119,0.0008521345320789371,0.002314330384584583,0.25,0.14220296488102915,-7.701917670059041e-05,0.00321010247745617,0.15
746,"[0.3596735813, -0.3488262816, 0.4002872868, 0.1422068158]","[-0.001087099845, 5.100701514e-05, 0.0008519207469, -7.700066675e-05]","[0.00170875228, 0.002224912334, 0.002314310664, 0.003210044001]",0.0013842275280057299,0.005739110140830846,0.00020080051524124109,0.24263661215909185,0.359673581302612,-0.0010870998445789246,0.0017087522799496162,0.55,-0.3488262816264858,5.1007015137522815e-05,0.002224912333818307,-0.35,0.40028728679330794,0.0008519207468612634,0.0023143106639958227,0.25,0.1422068158398642,-7.700066674671837e-05,0.003210044000902471,0.15
747,"[0.3597279363, -0.348828832, 0.4002446908, 0.1422106659]","[-0.001086824235, 5.099249605e-05, 0.0008517069897, -7.698214493e-05]","[0.001708746019, 0.002224910347, 0.002314290953, 0.003209985552]",0.0013838779570055114,0.005738749170891915,0.00020069899973459724,0.2425674559532916,0.35972793629484096,-0.001086824235219741,0.0017087460188028928,0.55,-0.3488288319772427,5.099249604861897e-05,0.002224910346994472,-0.35,0.40024469075596486,0.0008517069897172583,0.002314290952729223,0.25,0.14221066587320152,-7.698214493160352e-05,0.0032099855518536633,0.15
748,"[0.3597822775, -0.3488313816, 0.4002021054, 0.142214515]","[-0.001086548715, 5.097801274e-05, 0.0008514932611, -7.696361155e-05]","[0.001708739761, 0.002224908361, 0.002314271251, 0.00320992713]",0.001383528474294827,0.005738388301283136,0.00020059753817062553,0.2424983172417164,0.35978227750660197,-0.0010865487150469708,0.0017087397606512192,0.55,-0.34883138160204513,5.097801273887642e-05,0.0022249083612968967,-0.35,0.400202105406479,0.0008514932611174915,0.002314271250781577,0.25,0.1422145149804481,-7.696361155145314e-05,0.0032099271303008287,0.15
749,"[0.3598366049, -0.3488339305, 0.4001595307, 0.1422183632]","[-0.001086273284, 5.096356457e-05, 0.0008512795615, -7.69450669e-05]","[0.001708733505, 0.002224906377, 0.002314251558, 0.003209868736]",0.0013831790798511203,0.005738027532218395,0.00020049613052485458,0.24242919601999577,0.3598366049423543,-0.0010862732836794161,0.0017087335054934221,0.55,-0.3488339305026821,5.096356457376735e-05,0.0022249063767247005,-0.35,0.40015953074342314,0.000851279561523887,0.0023142515581496743,0.25,0.14221836316102568,-7.694506689688006e-05,0.003209868736235047,0.15
750,"[0.3598909186, -0.3488364787, 0.4001169668, 0.1422222104]","[-0.001085997941, 5.094915093e-05, 0.0008510658914, -7.692651125e-05]","[0.001708727253, 0.002224904393, 0.002314231875, 0.00320981037]",0.0013828297736516765,0.005737666863906554,0.00020039477677275634,0.24236009228375957,0.35989091860653827,-0.0010859979407426628,0.0017087272533283205,0.55,-0.3488364786809108,5.094915093087589e-05,0.002224904393277008,-0.35,0.40011696676534697,0.0008510658913891911,0.002314231874830271,0.25,0.14222221041437053,-7.692651125318844e-05,0.0032098103696473397,0.15
751,"[0.3599452185, -0.3488390261, 0.4000744135, 0.1422260567]","[-0.001085722686, 5.09347712e-05, 0.0008508522512, -7.69079449e-05]","[0.001708721004, 0.002224902411, 0.002314212201, 0.003209752031]",0.001382480555673945,0.0057373062965516254,0.00020029347688974594,0.24229100602863804,0.3599452185035754,-0.0010857226858687421,0.001708721004154734,0.55,-0.3488390261384573,5.093477120001772e-05,0.00222490241095295,-0.35,0.4000744134707775,0.0008508522511578865,0.0023142122008201122,0.25,0.1422260567399332,-7.690794490078765e-05,0.0032097520305286275,0.15
752,"[0.3599995046, -0.3488415729, 0.4000318709, 0.1422299021]","[-0.001085447519, 5.092042478e-05, 0.0008506386413, -7.688936811e-05]","[0.001708714758, 0.00222490043, 0.002314192536, 0.003209693719]",0.001382131425895372,0.005736945830352865,0.00020019223085118262,0.24222193725026192,0.35999950463786884,-0.0010854475186961618,0.0017087147579714728,0.55,-0.3488415728770173,5.09204247826499e-05,0.0022249004297516645,-0.35,0.4000318708582196,0.0008506386412659619,0.0023141925361159213,0.25,0.14222990213717823,-7.688936811466434e-05,0.003209693718869826,0.15
753,"[0.360053777, -0.3488441189, 0.3999893389, 0.1422337466]","[-0.001085172439, 5.090611109e-05, 0.0008504250621, -7.687078117e-05]","[0.001708708515, 0.00222489845, 0.002314172881, 0.003209635435]",0.0013817823842932747,0.0057365854655047795,0.00020009103863237234,0.2421528859442623,0.36005377701380364,-0.0010851724388698746,0.0017087085147773449,0.55,-0.3488441188982564,5.0906111092034535e-05,0.0022248984496722893,-0.35,0.39998933892615635,0.000850425062140625,0.0023141728807143814,0.25,0.14223374660558397,-7.687078116563427e-05,0.003209635434661656,0.15
754,"[0.3601080356, -0.3488466642, 0.3999468177, 0.1422375901]","[-0.001084897446, 5.089182955e-05, 0.0008502115142, -7.685218432e-05]","[0.001708702275, 0.002224896471, 0.002314153235, 0.003209577178]",0.0013814334308450888,0.005736225202197298,0.00019998990020856866,0.24208385210627065,0.3601080356357471,-0.0010848974460410145,0.001708702274571152,0.55,-0.348846664203811,5.089182955258986e-05,0.0022248964707139722,-0.35,0.3999468176730493,0.0008502115142011979,0.0023141532346121667,0.25,0.14223759014464224,-7.685218431907789e-05,0.0032095771778948745,0.15
755,"[0.3601622805, -0.3488492088, 0.3999043071, 0.1422414328]","[-0.00108462254, 5.08775796e-05, 0.0008499979979, -7.683357784e-05]","[0.001708696037, 0.002224894493, 0.002314133598, 0.003209518949]",0.0013810845655284878,0.0057358650406159175,0.00019988881555497404,0.242014835731919,0.36016228050804916,-0.0010846225398665075,0.0017086960373516966,0.55,-0.34884920879528863,5.087757959987138e-05,0.0022248944928758728,-0.35,0.3999043070973392,0.0008499979978597827,0.002314133597805978,0.25,0.1422414327538582,-7.683357783520109e-05,0.003209518948560311,0.15
756,"[0.3602165116, -0.3488517527, 0.3998618072, 0.1422452744]","[-0.00108434772, 5.086336068e-05, 0.0008497845135, -7.681496197e-05]","[0.001708689803, 0.002224892516, 0.00231411397, 0.003209460747]",0.001380735788320717,0.005735504980941632,0.00019978778464674053,0.24194583681683995,0.3602165116350425,-0.0010843477200097266,0.0017086898031177698,0.55,-0.3488517526742686,5.086336068059275e-05,0.00222489251615714,-0.35,0.39986180719744624,0.0008497845135191957,0.002314113970292408,0.25,0.14224527443274995,-7.681496197069406e-05,0.003209460746648411,0.15
757,"[0.360270729, -0.3488542958, 0.399819318, 0.1422491152]","[-0.001084072986, 5.084917225e-05, 0.0008495710616, -7.679633698e-05]","[0.001708683572, 0.002224890541, 0.002314094352, 0.003209402572]",0.0013803870991993506,0.005735145023351139,0.00019968680745897148,0.24187685535666625,0.36027072902104296,-0.0010840729861396952,0.0017086835718681636,0.55,-0.34885429584230265,5.0849172251993445e-05,0.0022248905405569397,-0.35,0.3998193179717703,0.0008495710615754114,0.0023140943520680887,0.25,0.14224911518084848,-7.679633697695411e-05,0.003209402572149775,0.15
758,"[0.3603249327, -0.3488568383, 0.3997768394, 0.142252955]","[-0.001083798338, 5.083501378e-05, 0.0008493576424, -7.67777031e-05]","[0.001708677344, 0.002224888566, 0.002314074743, 0.003209344425]",0.0013800384981419356,0.005734785168016907,0.00019958588396672434,0.24180789134703146,0.36032493267034993,-0.0010837983379311104,0.001708677343601665,0.55,-0.34885683830091524,5.083501378184081e-05,0.002224888566074442,-0.35,0.3997768394186915,0.0008493576424168989,0.002314074743129636,0.25,0.14225295499769733,-7.677770310070132e-05,0.0032093444250549624,0.15
759,"[0.3603791226, -0.3488593801, 0.3997343715, 0.1422567939]","[-0.001083523775, 5.082088475e-05, 0.0008491442564, -7.675906058e-05]","[0.001708671118, 0.002224886593, 0.002314055143, 0.003209286305]",0.0013796899851259738,0.0057344254151072095,0.0001994850141450078,0.2417389447835694,0.36037912258724647,-0.001083523775064506,0.0017086711183170562,0.55,-0.34885938005160433,5.082088474826968e-05,0.0022248865927088184,-0.35,0.39973437153657065,0.0008491442564243287,0.0023140551434736255,0.25,0.14225679388285237,-7.675906058471819e-05,0.003209286305354386,0.15
760,"[0.3604332988, -0.3488619211, 0.3996919143, 0.1422606318]","[-0.001083249297, 5.080678464e-05, 0.000848930904, -7.674040967e-05]","[0.001708664896, 0.00222488462, 0.002314035553, 0.003209228213]",0.0013793415601288791,0.005734065764786332,0.0001993841979687892,0.24167001566191454,0.3604332987759997,-0.0010832492972259833,0.0017086648960131143,0.55,-0.34886192109584174,5.080678463953012e-05,0.0022248846204592425,-0.35,0.39969191432374945,0.0008489309039709052,0.0023140355530966036,0.25,0.1422606318358816,-7.674040966738221e-05,0.0032092282130383606,0.15
761,"[0.3604874612, -0.3488644614, 0.3996494678, 0.1422644689]","[-0.001082974904, 5.079271295e-05, 0.0008487175854, -7.672175058e-05]","[0.001708658677, 0.002224882649, 0.002314015972, 0.003209170148]",0.0013789932231283615,0.005733706217214454,0.00019928343541298854,0.24160110397770188,0.360487461240861,-0.001082974904106921,0.0017086586766886162,0.55,-0.3488644614350737,5.0792712953722194e-05,0.002224882649324901,-0.35,0.3996494677785509,0.0008487175854233902,0.0023140159719951393,0.25,0.14226446885636498,-7.672175058249894e-05,0.0032091701480972987,0.15
762,"[0.36054161, -0.3488670011, 0.3996070319, 0.1422683049]","[-0.001082700595, 5.07786692e-05, 0.0008485043011, -7.670308356e-05]","[0.00170865246, 0.002224880679, 0.0023139964, 0.003209112111]",0.0013786449741019823,0.005733346772547936,0.0001991827264524849,0.24153220972656683,0.3605416099860664,-0.0010827005954040854,0.0017086524603423332,0.55,-0.3488670010707214,5.07786691986425e-05,0.0022248806793049836,-0.35,0.39960703189927976,0.0008485043011412245,0.002313996400165772,0.25,0.1422683049438941,-7.670308355960196e-05,0.0032091121105215165,0.15
763,"[0.360595745, -0.34886954, 0.3995646067, 0.1422721401]","[-0.001082426371, 5.076465289e-05, 0.0008482910515, -7.668440882e-05]","[0.001708646247, 0.00222487871, 0.002313976838, 0.0032090541]",0.0013782968130271567,0.005732987430939216,0.00019908207106211716,0.24146333290414557,0.3605957450158366,-0.0010824263708198018,0.0017086462469730298,0.55,-0.3488695400041813,5.076465289171215e-05,0.002224878710398676,-0.35,0.3995646066842227,0.0008482910514762443,0.0023139768376049838,0.25,0.1422721400980721,-7.66844088247518e-05,0.0032090541003011327,0.15
764,"[0.3606498663, -0.3488720782, 0.3995221921, 0.1422759743]","[-0.00108215223, 5.075066356e-05, 0.0008480778368, -7.66657266e-05]","[0.001708640037, 0.002224876743, 0.002313957284, 0.003208996117]",0.001377948739881618,0.005732628192537038,0.00019898146921668199,0.24139447350607457,0.36064986633437757,-0.0010821522300611382,0.0017086400365794727,0.55,-0.34887207823682587,5.075066355963338e-05,0.002224876742605178,-0.35,0.3995221921316489,0.0008480778367746102,0.002313957284309296,0.25,0.14227597431851333,-7.66657265992997e-05,0.003208996117426393,0.15
765,"[0.3607039739, -0.3488746158, 0.3994797882, 0.1422798076]","[-0.001081878173, 5.073670074e-05, 0.0008478646574, -7.66470371e-05]","[0.001708633829, 0.002224874776, 0.00231393774, 0.003208938162]",0.0013776007546429938,0.005732269057486453,0.000198880920890936,0.24132563152799108,0.3607039739458806,-0.001081878172840355,0.0017086338291604228,0.55,-0.34887461577000384,5.073670073831081e-05,0.002224874775923694,-0.35,0.3994797882398102,0.0008478646573754597,0.0023139377402752004,0.25,0.1422798076048433,-7.664703710089947e-05,0.003208938161887463,0.15
766,"[0.3607580679, -0.3488771526, 0.399437395, 0.14228364]","[-0.001081604199, 5.072276397e-05, 0.0008476515136, -7.662834054e-05]","[0.001708627625, 0.00222487281, 0.002313918205, 0.003208880234]",0.0013772528572888177,0.005731910025928898,0.00019878042605960206,0.24125680696553278,0.36075806785452263,-0.001081604198874869,0.0017086276247146362,0.55,-0.34887715260504076,5.0722763972673047e-05,0.0022248728103534225,-0.35,0.3994373950069414,0.0008476515136109813,0.00231391820549914,0.25,0.14228363995669835,-7.662834054349862e-05,0.0032088802336743263,0.15
767,"[0.3608121481, -0.3488796887, 0.3993950124, 0.1422874714]","[-0.001081330308, 5.070885282e-05, 0.0008474384058, -7.660963714e-05]","[0.001708621423, 0.002224870846, 0.00231389868, 0.003208822333]",0.0013769050477967074,0.005731551098002228,0.0001986799846973598,0.24118799981433803,0.3608121480644664,-0.0010813303078868013,0.001708621423240867,0.55,-0.3488796887432394,5.070885281640277e-05,0.0022248708458935764,-0.35,0.39939501243126085,0.0008474384058073364,0.0023138986799775734,0.25,0.14228747137372552,-7.660963713693896e-05,0.0032088223327770534,0.15
768,"[0.3608662146, -0.3488822242, 0.3993526405, 0.1422913019]","[-0.0010810565, 5.069496683e-05, 0.0008472253343, -7.659092709e-05]","[0.001708615225, 0.002224868883, 0.002313879164, 0.003208764459]",0.0013765573261443488,0.0057311922738408835,0.0001985795967788568,0.24111921007004578,0.36086621457986073,-0.001081056499603091,0.0017086152247378658,0.55,-0.3488822241858802,5.069496683188372e-05,0.0022248688825433688,-0.35,0.39935264051097047,0.0008472253342844443,0.0023138791637069356,0.25,0.14229130185558236,-7.659092708746246e-05,0.003208764459185605,0.15
769,"[0.3609202674, -0.3488847589, 0.3993102792, 0.1422951314]","[-0.001080782774, 5.068110559e-05, 0.0008470122994, -7.65722106e-05]","[0.001708609029, 0.00222486692, 0.002313859657, 0.003208706613]",0.001376209692309429,0.0057308335535758955,0.00019847926227870436,0.24105043772829557,0.3609202674048409,-0.001080782773755304,0.0017086090292043814,0.55,-0.34888475893422183,5.0681105589858436e-05,0.0022248669203020193,-0.35,0.39931027924425627,0.0008470122993561806,0.002313859656683662,0.25,0.14229513140193673,-7.657221059725322e-05,0.00320870661288998,0.15
770,"[0.3609743065, -0.348887293, 0.3992679286, 0.14229896]","[-0.00108050913, 5.066726867e-05, 0.0008467993013, -7.655348787e-05]","[0.001708602837, 0.002224864959, 0.002313840159, 0.003208648794]",0.0013758621462695052,0.005730474937334932,0.000198378981171481,0.2409816827847275,0.3609743065435287,-0.0010805091300798203,0.001708602836639157,0.55,-0.34888729298950133,5.066726866960809e-05,0.002224864959168746,-0.35,0.39926792862928845,0.0008467993013298068,0.002313840158904135,0.25,0.14229896001246659,-7.655348786562328e-05,0.003208648793879968,0.15
771,"[0.361028332, -0.3488898264, 0.3992255887, 0.1423027877]","[-0.001080235568, 5.065345566e-05, 0.0008465863405, -7.653475909e-05]","[0.001708596647, 0.002224862999, 0.00231382067, 0.003208591002]",0.0013755146880023836,0.005730116425242435,0.00019827875343172874,0.24091294523498244,0.3610283320000327,-0.0010802355683173013,0.0017085966470409347,0.55,-0.3488898263529348,5.065345565833266e-05,0.0022248629991427813,-0.35,0.399225588664222,0.0008465863405074476,0.002313820670364776,0.25,0.14230278768685986,-7.653475908741613e-05,0.003208591002145533,0.15
772,"[0.3610823438, -0.348892359, 0.3991832593, 0.1423066144]","[-0.001079962088, 5.063966615e-05, 0.0008463734172, -7.651602445e-05]","[0.00170859046, 0.00222486104, 0.002313801191, 0.003208533238]",0.00137516731748564,0.00572975801741961,0.00019817857903396072,0.2408442250747018,0.36108234377844856,-0.0010799620882131155,0.0017085904604084523,0.55,-0.34889235902571775,5.0639666151403354e-05,0.0022248610402233492,-0.35,0.3991832593471966,0.0008463734171845948,0.002313801191061939,0.25,0.14230661442481424,-7.651602445477872e-05,0.0032085332376763664,0.15
773,"[0.3611363419, -0.348894891, 0.3991409407, 0.1423104402]","[-0.00107968869, 5.062589975e-05, 0.0008461605317, -7.649728416e-05]","[0.001708584277, 0.002224859082, 0.002313781721, 0.0032084755]",0.0013748200346970596,0.0057293997139845326,0.00019807845795265637,0.24077552229952762,0.3611363418828592,-0.001079688689516729,0.0017085842767404478,0.55,-0.3488948910090253,5.062589975195506e-05,0.002224859082409687,-0.35,0.3991409406763374,0.0008461605316517356,0.0023137817209920087,0.25,0.14231044022603698,-7.649728415590807e-05,0.0032084755004623024,0.15
774,"[0.3611903263, -0.3488974223, 0.3990986326, 0.1423142651]","[-0.001079415372, 5.061215607e-05, 0.0008459476842, -7.647853838e-05]","[0.001708578096, 0.002224857126, 0.00231376226, 0.00320841779]",0.0013744728396142085,0.005729041515052249,0.00019797839016226756,0.24070683690510264,0.36119032631733505,-0.0010794153719822066,0.0017085780960356498,0.55,-0.34889742230401294,5.0612156070858205e-05,0.0022248571257010275,-0.35,0.3990986326497548,0.0008459476841929346,0.002313762260151312,0.25,0.14231426509024478,-7.647853837600823e-05,0.0032084177904929644,0.15
775,"[0.3612442971, -0.3488999529, 0.3990563353, 0.142318089]","[-0.001079142135, 5.059843473e-05, 0.0008457348751, -7.64597873e-05]","[0.001708571918, 0.00222485517, 0.002313742809, 0.003208360108]",0.0013741257322149945,0.0057286834207347145,0.00019787837563721254,0.2406381688870703,0.36124429708593414,-0.0010791421353673807,0.001708571918292793,0.55,-0.34889995291181647,5.059843472642184e-05,0.0022248551700966186,-0.35,0.3990563352655452,0.0008457348750879013,0.002313742808536223,0.25,0.14231808901716358,-7.645978729641114e-05,0.003208360107758161,0.15
776,"[0.3612982542, -0.3489024828, 0.3990140485, 0.142321912]","[-0.001078868979, 5.058473534e-05, 0.0008455221046, -7.64410311e-05]","[0.001708565744, 0.002224853216, 0.002313723366, 0.003208302452]",0.001373778712477136,0.005728325431140997,0.00019777841435188518,0.24056951824107456,0.3612982541927025,-0.00107886897943449,0.0017085657435106049,0.55,-0.3489024828335528,5.0584735344480594e-05,0.0022248532155957046,-0.35,0.3990140485217908,0.0008455221046102044,0.0023137233661430653,0.25,0.1423219120065284,-7.644103109573372e-05,0.0032083024522475,0.15
777,"[0.3613521976, -0.3489050121, 0.3989717724, 0.1423257341]","[-0.001078595904, 5.057105756e-05, 0.000845309373, -7.642226995e-05]","[0.001708559572, 0.002224851262, 0.002313703933, 0.003208244824]",0.0013734317803781764,0.005727967546377216,0.00019767850628064828,0.24050088496276015,0.36135219764167426,-0.0010785959039499833,0.0017085595716878066,0.55,-0.34890501207032004,5.0571057558058194e-05,0.00222485126219753,-0.35,0.3989717724165603,0.000845309373027614,0.002313703932968126,0.25,0.1423257340580832,-7.642226994932552e-05,0.0032082448239504975,0.15
778,"[0.3614061274, -0.3489075406, 0.3989295069, 0.1423295552]","[-0.001078322909, 5.055740101e-05, 0.0008450966806, -7.640350403e-05]","[0.001708553403, 0.00222484931, 0.002313684509, 0.003208187223]",0.0013730849358959425,0.005727609766546707,0.00019757865139783914,0.2404322690477726,0.3614061274368717,-0.0010783229086841052,0.0017085534028231212,0.55,-0.34890754062319795,5.055740100735736e-05,0.002224849309901345,-0.35,0.3989295069479089,0.0008450966806033679,0.002313684509007709,0.25,0.14232955517158066,-7.640350402937021e-05,0.0032081872228567065,0.15
779,"[0.3614600436, -0.3489100685, 0.3988872521, 0.1423333753]","[-0.001078049993, 5.054376534e-05, 0.0008448840276, -7.63847335e-05]","[0.001708547237, 0.002224847359, 0.002313665094, 0.003208129649]",0.0013727381790083607,0.005727252091750038,0.00019747884967776931,0.24036367049175802,0.36146004358230593,-0.0010780499934106968,0.001708547236915273,0.55,-0.34891006849324835,5.054376533938545e-05,0.002224847358706415,-0.35,0.39888725211387877,0.0008448840275961906,0.0023136650942581468,0.25,0.14233337534678214,-7.638473350443425e-05,0.003208129648955807,0.15
780,"[0.3615139461, -0.3489125957, 0.3988450079, 0.1423371946]","[-0.001077777158, 5.053015021e-05, 0.0008446714143, -7.636595854e-05]","[0.001708541074, 0.002224845409, 0.002313645689, 0.003208072102]",0.0013723915096930826,0.005726894522084943,0.0001973791010947249,0.2402950892903632,0.36151394608197646,-0.0010777771579078732,0.0017085410739629769,0.55,-0.34891259568151534,5.0530150208243764e-05,0.002224845408611993,-0.35,0.39884500791249894,0.0008446714142586678,0.002313645688715695,0.25,0.14233719458345737,-7.636595854096168e-05,0.0032080721022371777,0.15
781,"[0.3615678349, -0.3489151222, 0.3988027743, 0.1423410129]","[-0.001077504402, 5.051655527e-05, 0.0008444588408, -7.63471793e-05]","[0.001708534914, 0.00222484346, 0.002313626292, 0.003208014583]",0.001372044927927778,0.005726537057646614,0.00019727940562296533,0.2402265254392357,0.3615678349398718,-0.0010775044019575419,0.001708534913964946,0.55,-0.34891512218902576,5.051655527457811e-05,0.0022248434596173375,-0.35,0.398802774341786,0.000844458840838484,0.0023136262923765982,0.25,0.14234101288138443,-7.634717930202934e-05,0.0032080145826902024,0.15
782,"[0.3616217102, -0.348917648, 0.3987605514, 0.1423448302]","[-0.001077231725, 5.050298021e-05, 0.0008442463076, -7.632839595e-05]","[0.001708528757, 0.002224841512, 0.002313606905, 0.00320795709]",0.001371698433690443,0.005726179698527564,0.00019717976323672923,0.2401579789340238,0.3616217101599697,-0.0010772317253448299,0.001708528756919896,0.55,-0.3489176480167895,5.050298020551748e-05,0.0022248415117217236,-0.35,0.3987605513997441,0.0008442463075796743,0.0023136069052371623,0.25,0.14234483024034952,-7.632839594713469e-05,0.003207957090304484,0.15
783,"[0.3616755717, -0.3489201732, 0.3987183391, 0.1423486467]","[-0.001076959128, 5.048942467e-05, 0.0008440338147, -7.630960863e-05]","[0.001708522603, 0.002224839565, 0.002313587527, 0.003207899625]",0.0013713520269587475,0.005725822444817739,0.00019708017391023038,0.24008944977037644,0.36167557174623693,-0.0010769591278589365,0.0017085226028265364,0.55,-0.34892017316579976,5.04894246749058e-05,0.0022248395649244147,-0.35,0.3987183390843651,0.0008440338147202921,0.0023135875272936035,0.25,0.14234864666014688,-7.630960863412229e-05,0.0032078996250692747,0.15
784,"[0.3617294197, -0.3489226976, 0.3986761374, 0.1423524621]","[-0.001076686609, 5.047588836e-05, 0.0008438213625, -7.629081752e-05]","[0.001708516452, 0.002224837619, 0.002313568159, 0.003207842187]",0.001371005707710531,0.005725465296604624,0.00019698063761766055,0.24002093794394339,0.3617294197026299,-0.0010766866092924254,0.0017085164516835766,0.55,-0.3489226976370335,5.047588836279331e-05,0.0022248376192246827,-0.35,0.3986761373936291,0.0008438213624943181,0.002313568158542162,0.25,0.1423524621405786,-7.629081751727144e-05,0.003207842186973933,0.15
785,"[0.361783254, -0.3489252214, 0.3986339463, 0.1423562767]","[-0.001076414169, 5.046237096e-05, 0.0008436089511, -7.627202275e-05]","[0.001708510303, 0.002224835675, 0.002313548799, 0.003207784776]",0.0013706594759236143,0.005725108253973163,0.00019688115433319042,0.2399524434503751,0.3617832540330945,-0.001076414169441375,0.0017085103034897222,0.55,-0.3489252214314516,5.046237095536499e-05,0.0022248356746218047,-0.35,0.3986339463255044,0.0008436089511310843,0.0023135487989790677,0.25,0.14235627668145445,-7.627202274823162e-05,0.0032077847760078023,0.15
786,"[0.3618370747, -0.3489277445, 0.3985917659, 0.1423600903]","[-0.001076141808, 5.044887214e-05, 0.0008433965809, -7.625322448e-05]","[0.001708504158, 0.002224833731, 0.002313529449, 0.003207727392]",0.001370313331575855,0.005724751317005918,0.00019678172403096958,0.23988396628532285,0.36183707474156657,-0.0010761418081052796,0.001708504158243677,0.55,-0.34892774454999936,5.044887214494313e-05,0.0022248337311150585,-0.35,0.39859176587794787,0.0008433965808555019,0.0023135294486005442,0.25,0.14236009028259186,-7.625322447589226e-05,0.0032077273921601868,0.15
787,"[0.3618908818, -0.348930267, 0.398549596, 0.1423639029]","[-0.001075869525, 5.043539163e-05, 0.0008431842519, -7.623442285e-05]","[0.001708498016, 0.002224831789, 0.002313510107, 0.003207670035]",0.0013699672746450135,0.005724394485783133,0.0001966823466851278,0.2398155064444385,0.3618908818319718,-0.0010758695250870829,0.0017084980159441444,0.55,-0.34893026699360663,5.043539162976879e-05,0.002224831788703728,-0.35,0.3985495960489051,0.0008431842518878003,0.00231351010740279,0.25,0.14236390294381565,-7.623442284652528e-05,0.0032076700354203348,0.15
788,"[0.3619446753, -0.3489327888, 0.3985074368, 0.1423677147]","[-0.00107559732, 5.042192911e-05, 0.0008429719644, -7.6215618e-05]","[0.001708491877, 0.002224829847, 0.002313490775, 0.003207612706]",0.0013696213051089885,0.005724037760382675,0.00019658302226977395,0.23974706392337486,0.36194467530822616,-0.0010755973201928809,0.0017084918765898236,0.55,-0.3489327887631881,5.042192911404418e-05,0.002224829847387095,-0.35,0.39850743683631074,0.0008429719644442887,0.0023134907753820065,0.25,0.14236771466495798,-7.621561800377748e-05,0.003207612705777468,0.15
789,"[0.3619984552, -0.3489353099, 0.3984652882, 0.1423715254]","[-0.001075325193, 5.040848431e-05, 0.0008427597187, -7.619681009e-05]","[0.00170848574, 0.002224827907, 0.002313471453, 0.003207555403]",0.0013692754229456333,0.00572368114088017,0.0001964837507590004,0.2396786387177854,0.3619984551742358,-0.0010753251932321384,0.0017084857401794132,0.55,-0.3489353098596438,5.040848430772581e-05,0.0022248279071644464,-0.35,0.3984652882380885,0.0008427597187367603,0.0023134714525343755,0.25,0.14237152544585818,-7.619681008901623e-05,0.003207555403220745,0.15
790,"[0.3620522214, -0.3489378303, 0.3984231503, 0.1423753353]","[-0.001075053144, 5.039505693e-05, 0.000842547515, -7.617799924e-05]","[0.001708479607, 0.002224825968, 0.002313452139, 0.003207498128]",0.0013689296281327744,0.005723324627348971,0.00019638453212687877,0.23961023082332447,0.36205222143389737,-0.0010750531440175013,0.00170847960671161,0.55,-0.3489378302838592,5.039505692620668e-05,0.0022248259680350746,-0.35,0.3984231502521517,0.0008425475149728532,0.0023134521388560804,0.25,0.14237533528636262,-7.617799924056388e-05,0.0032074981277393803,0.15
791,"[0.3621059741, -0.34894035, 0.3983810229, 0.1423791442]","[-0.001074781172, 5.038164669e-05, 0.0008423353534, -7.615918559e-05]","[0.001708473476, 0.00222482403, 0.002313432834, 0.003207440879]",0.0013685839206482794,0.005722968219860331,0.000196285366347465,0.23954184023564704,0.36210597409109824,-0.0010747811723646173,0.0017084734761851081,0.55,-0.34894035003670554,5.038164669058946e-05,0.0022248240299982697,-0.35,0.39838102287640303,0.0008423353533562885,0.002313432834343284,0.25,0.14237914418632464,-7.615918559462066e-05,0.003207440879322463,0.15
792,"[0.3621597131, -0.3489428691, 0.3983389061, 0.1423829521]","[-0.001074509278, 5.036825333e-05, 0.0008421232341, -7.614036928e-05]","[0.001708467349, 0.002224822093, 0.002313413539, 0.003207383658]",0.0013682383004701194,0.0057226119184833335,0.0001961862533947982,0.239473466950409,0.36215971314971646,-0.001074509278092213,0.0017084673485986018,0.55,-0.34894286911904004,5.036825332727967e-05,0.002224822093053333,-0.35,0.39833890610873524,0.0008421232340869519,0.002313413538992169,0.25,0.14238295214560437,-7.614036928465369e-05,0.003207383657959193,0.15
793,"[0.3622134386, -0.3489453875, 0.3982967999, 0.1423867592]","[-0.001074237461, 5.035487657e-05, 0.0008419111574, -7.612155044e-05]","[0.001708461224, 0.002224820157, 0.002313394253, 0.003207326464]",0.0013678927675760152,0.0057222557232849145,0.00019608719324290058,0.23940511096326694,0.36221343861362104,-0.0010742374610223065,0.001708461223950779,0.55,-0.3489453875317064,5.035487656806879e-05,0.0022248201571995565,-0.35,0.3982967999470309,0.0008419111573599665,0.002313394252798856,0.25,0.1423867591640686,-7.612155044227069e-05,0.0032073264636385303,0.15
794,"[0.3622671505, -0.3489479053, 0.3982547044, 0.1423905652]","[-0.001073965721, 5.034151615e-05, 0.0008416991234, -7.61027292e-05]","[0.001708455102, 0.002224818222, 0.002313374976, 0.003207269296]",0.0013675473219439903,0.005721899634330046,0.00019598818586577809,0.2393367722698784,0.36226715048667213,-0.0010739657209794136,0.001708455102240333,0.55,-0.3489479052755348,5.0341516149805586e-05,0.0022248182224362473,-0.35,0.3982547043891629,0.000841699123367734,0.002313374975759516,0.25,0.14239056524159072,-7.610272919596996e-05,0.0032072692963496462,0.15
795,"[0.3623208488, -0.3489504224, 0.3982126194, 0.1423943704]","[-0.001073694058, 5.032817181e-05, 0.0008414871323, -7.608390567e-05]","[0.001708448983, 0.002224816289, 0.002313355708, 0.003207212156]",0.0013672019635519504,0.005721543651681633,0.00019588923123742212,0.23926845086590157,0.3623208487727211,-0.0010736940577912484,0.0017084489834659493,0.55,-0.3489504223513423,5.032817181461603e-05,0.0022248162887627087,-0.35,0.3982126194329945,0.0008414871322982224,0.002313355707870284,0.25,0.14239437037805053,-7.608390567251928e-05,0.003207212156081549,0.15
796,"[0.3623745335, -0.3489529388, 0.3981705451, 0.1423981746]","[-0.001073422471, 5.031484331e-05, 0.0008412751843, -7.606508e-05]","[0.001708442868, 0.002224814356, 0.002313336449, 0.003207155043]",0.0013668566923776453,0.0057211877754005875,0.00019579032933181095,0.23920014674699547,0.36237453347561066,-0.0010734224712884513,0.0017084428676263136,0.55,-0.34895293875993305,5.0314843309608234e-05,0.0022248143561782413,-0.35,0.3981705450763796,0.0008412751843353055,0.002313336449127258,0.25,0.14239817457333415,-7.606507999652439e-05,0.003207155042823142,0.15
797,"[0.3624282046, -0.3489554545, 0.3981284813, 0.1424019778]","[-0.001073150961, 5.030153039e-05, 0.0008410632797, -7.604625229e-05]","[0.001708436755, 0.002224812425, 0.0023133172, 0.003207097957]",0.0013665115083992094,0.00572083200554594,0.00019569148012290612,0.23913185990882,0.3624282045991751,-0.001073150961304125,0.0017084367547201124,0.55,-0.3489554545020985,5.030153038662636e-05,0.0022248124246821623,-0.35,0.39812848131716283,0.0008410632796603219,0.0023133171995266006,0.25,0.14240197782733396,-7.60462522896518e-05,0.003207097956563559,0.15
798,"[0.3624818621, -0.3489579696, 0.3980864282, 0.1424057801]","[-0.001072879528, 5.02882328e-05, 0.0008408514184, -7.602742267e-05]","[0.001708430645, 0.002224810494, 0.002313297959, 0.003207040897]",0.0013661664115943919,0.005720476342174807,0.00019559268358465873,0.2390635903470359,0.36248186214724026,-0.0010728795276744466,0.0017084306447460265,0.55,-0.34895796957861785,5.0288232802535316e-05,0.002224810494273778,-0.35,0.3980864281531798,0.0008408514184498832,0.0023132979590643936,0.25,0.14240578013994845,-7.602742267215923e-05,0.003207040897291652,0.15
799,"[0.3625355061, -0.348960484, 0.3980443856, 0.1424095815]","[-0.00107260817, 5.027495032e-05, 0.0008406396009, -7.600859126e-05]","[0.001708424538, 0.002224808565, 0.002313278728, 0.003206983865]",0.001365821401941272,0.0057201207853424954,0.00019549393969100514,0.2389953380573046,0.362535506123624,-0.0010726081702379698,0.0017084245377027407,0.55,-0.348960483990258,5.027495031878526e-05,0.0022248085649524065,-0.35,0.3980443855822573,0.0008406396008780831,0.002313278727736769,0.25,0.14240958151108207,-7.600859126149511e-05,0.003206983864996436,0.15
800,"[0.3625891365, -0.3489629977, 0.3980023536, 0.1424133819]","[-0.001072336889, 5.02616827e-05, 0.0008404278271, -7.598975817e-05]","[0.001708418434, 0.002224806637, 0.002313259506, 0.00320692686]",0.001365476479417688,0.0057197653351024275,0.00019539524841587032,0.2389271030352886,0.3625891365321359,-0.0010723368888362014,0.0017084184335889327,0.55,-0.3489629977377739,5.0261682701593546e-05,0.0022248066367173604,-0.35,0.3980023536022134,0.0008404278271146922,0.002313259505539804,0.25,0.14241338194064515,-7.598975817372666e-05,0.003206926859666739,0.15
801,"[0.3626427534, -0.3489655108, 0.3979603322, 0.1424171814]","[-0.001072065683, 5.024842972e-05, 0.0008402160973, -7.597092352e-05]","[0.001708412332, 0.00222480471, 0.002313240292, 0.003206869881]",0.0013651316440016217,0.005719409991506244,0.00019529660973316692,0.23885888527665097,0.36264275337657775,-0.001072065683313021,0.0017084123324032825,0.55,-0.34896551082190896,5.024842972148904e-05,0.002224804709567963,-0.35,0.3979603322108577,0.0008402160973266796,0.002313240292469603,0.25,0.14241718142855384,-7.597092352212018e-05,0.0032068698812915265,0.15
802,"[0.3626963567, -0.3489680232, 0.3979183214, 0.14242098]","[-0.001071794554, 5.023519115e-05, 0.0008400044117, -7.595208742e-05]","[0.001708406234, 0.002224802784, 0.002313221089, 0.00320681293]",0.0013647868956710026,0.005719054754603881,0.0001951980236167964,0.23879068477705584,0.3626963566607434,-0.001071794553515027,0.0017084062341444666,0.55,-0.34896802324339504,5.023519115370695e-05,0.0022248027835035313,-0.35,0.39791832140599137,0.000840004411677305,0.0023132210885222393,0.25,0.14242097997472994,-7.595208741852406e-05,0.0032068129298595855,0.15
803,"[0.3627499464, -0.348970535, 0.3978763212, 0.1424247776]","[-0.001071523499, 5.022196678e-05, 0.0008397927703, -7.593324997e-05]","[0.001708400139, 0.002224800859, 0.002313201894, 0.003206756005]",0.0013644422344037835,0.005718699624443565,0.00019509949004064962,0.23872250153216798,0.3627499463884192,-0.0010715234992912154,0.0017084001388111612,0.55,-0.3489705350029527,5.022196677765128e-05,0.0022248008585233907,-0.35,0.3978763211854075,0.0008397927703267775,0.002313201893693796,0.25,0.14242477757910085,-7.593324997231732e-05,0.0032067560053598092,0.15
804,"[0.3628035226, -0.3489730461, 0.3978343315, 0.1424285742]","[-0.00107125252, 5.020875638e-05, 0.0008395811734, -7.591441129e-05]","[0.001708394046, 0.002224798935, 0.002313182708, 0.003206699108]",0.0013640976601779929,0.00571834460107184,0.0001950010089786083,0.23865433553765328,0.3628035225633837,-0.001071252520492916,0.0017083940464020422,0.55,-0.3489730461012916,5.020875637709501e-05,0.0022247989346268686,-0.35,0.3978343315468912,0.0008395811734323526,0.0023131827079803527,0.25,0.14242857424159946,-7.591441129106469e-05,0.0032066991077810384,0.15
805,"[0.3628570852, -0.3489755565, 0.3977923525, 0.14243237]","[-0.001070981617, 5.019555974e-05, 0.0008393696211, -7.589557148e-05]","[0.001708387957, 0.002224797012, 0.002313163531, 0.003206642237]",0.001363753172971564,0.005717989684533592,0.00019490258040454262,0.23858618678917826,0.36285708518940835,-0.0010709816169741605,0.001708387956915782,0.55,-0.34897555653911044,5.0195559739982334e-05,0.002224797011813292,-0.35,0.3977923524882196,0.0008393696211475943,0.002313163531377967,0.25,0.14243236996216402,-7.589557148052289e-05,0.0032066422371120605,0.15
806,"[0.3629106343, -0.3489780663, 0.397750384, 0.1424361647]","[-0.001070710789, 5.018237666e-05, 0.0008391581136, -7.587673064e-05]","[0.00170838187, 0.00222479509, 0.002313144364, 0.003206585393]",0.0013634087727624627,0.00571763487487213,0.00019480420429231354,0.2385180552824103,0.36291063427025705,-0.0010707107885911155,0.001708381870351054,0.55,-0.34897806631709744,5.018237665843941e-05,0.00222479509008199,-0.35,0.3977503840071622,0.0008391581136233185,0.0023131443638826953,0.25,0.14243616474073806,-7.58767306445162e-05,0.003206585393341631,0.15
807,"[0.3629641698, -0.3489805754, 0.3977084261, 0.1424399586]","[-0.001070440035, 5.016920693e-05, 0.000838946651, -7.585788888e-05]","[0.001708375787, 0.002224793169, 0.002313125205, 0.003206528576]",0.001363064459528703,0.005717280172129134,0.0001947058806157753,0.2384499410130178,0.3629641698096866,-0.001070440035202348,0.0017083757867065283,0.55,-0.34898057543593036,5.016920692851512e-05,0.002224793169432296,-0.35,0.39770842610148105,0.0008389466510072957,0.002313125205490594,0.25,0.1424399585772703,-7.585788888492742e-05,0.0032065285764585434,0.15
808,"[0.3630176918, -0.3489830839, 0.3976664788, 0.1424437515]","[-0.001070169357, 5.015605035e-05, 0.0008387352334, -7.58390463e-05]","[0.001708369706, 0.00222479125, 0.002313106056, 0.003206471786]",0.0013627202332483347,0.005716925576344794,0.00019460760934877054,0.23838184397666998,0.3630176918114467,-0.0010701693566686052,0.001708369705980878,0.55,-0.3489830838962768,5.015605035031179e-05,0.0022247912498635464,-0.35,0.3976664787689307,0.0008387352334444857,0.002313106056197719,0.25,0.14244375147171454,-7.583904630189051e-05,0.0032064717864515517,0.15
809,"[0.3630712003, -0.3489855917, 0.397624542, 0.1424475434]","[-0.001069898753, 5.014290673e-05, 0.0008385238611, -7.582020299e-05]","[0.001708363628, 0.002224789331, 0.002313086916, 0.003206415023]",0.0013623760938993024,0.005716571087557748,0.00019450939046513664,0.23831376416903682,0.36307120027928014,-0.0010698987528530211,0.0017083636281727686,0.55,-0.34898559169879434,5.014290672769249e-05,0.002224789331375077,-0.35,0.39762454200725844,0.0008385238610765918,0.0023130869160001063,0.25,0.14244754342402963,-7.58202029934867e-05,0.003206415023309399,0.15
810,"[0.3631246952, -0.3489880988, 0.3975826158, 0.1424513344]","[-0.001069628224, 5.012977587e-05, 0.000838312534, -7.580135906e-05]","[0.001708357553, 0.002224787414, 0.002313067785, 0.003206358287]",0.001362032041459618,0.0057162167058051995,0.00019441122393870297,0.23824570158578934,0.3631246952169228,-0.0010696282236209058,0.001708357553280869,0.55,-0.34898809884413073,5.0129775868457894e-05,0.0022247874139662265,-0.35,0.3975826158142046,0.0008383125340425366,0.002313067784893789,0.25,0.1424513344341793,-7.580135905641484e-05,0.0032063582870207703,0.15
811,"[0.3631781766, -0.3489906053, 0.3975407002, 0.1424551245]","[-0.001069357769, 5.011665758e-05, 0.0008381012525, -7.578251459e-05]","[0.001708351481, 0.002224785498, 0.002313048663, 0.003206301578]",0.0013616880759072878,0.005715862431122837,0.00019431310974329,0.23817765622259934,0.36317817662810387,-0.0010693577688396286,0.0017083514813038471,0.55,-0.34899060533292414,5.0116657584122414e-05,0.002224785497636335,-0.35,0.3975407001875025,0.0008381012524785442,0.002313048662874796,0.25,0.1424551245021321,-7.578251458558397e-05,0.0032063015775743477,0.15
812,"[0.3632316445, -0.3489931112, 0.3974987951, 0.1424589136]","[-0.001069087388, 5.010355169e-05, 0.0008378900165, -7.576366967e-05]","[0.001708345412, 0.002224783582, 0.00231302955, 0.003206244895]",0.0013613441972204529,0.005715508263544992,0.0001942150478527143,0.23810962807513958,0.3632316445165458,-0.0010690873883786277,0.0017083454122403694,0.55,-0.34899311116580334,5.010355168976057e-05,0.002224783582384749,-0.35,0.39749879512487857,0.0008378900165183932,0.0023130295499391752,0.25,0.1424589136278614,-7.576366967381147e-05,0.003206244894958882,0.15
813,"[0.3632850989, -0.3489956163, 0.3974569006, 0.1424627018]","[-0.001068817082, 5.0090458e-05, 0.0008376788263, -7.574482441e-05]","[0.001708339346, 0.002224781668, 0.002313010446, 0.003206188239]",0.0013610004053769638,0.005715154203104518,0.00019411703824078461,0.23804161713908364,0.3632850988859648,-0.0010688170821097325,0.001708339346089098,0.55,-0.3489956163433878,5.0090458004165494e-05,0.0022247816682108073,-0.35,0.39745690062405264,0.0008376788262922014,0.0023130104460829097,0.25,0.14246270181134507,-7.574482441295622e-05,0.0032061882391629126,0.15
814,"[0.3633385397, -0.3489981209, 0.3974150167, 0.1424664891]","[-0.00106854685, 5.007737635e-05, 0.0008374676819, -7.572597889e-05]","[0.001708333283, 0.002224779755, 0.002312991351, 0.00320613161]",0.0013606567003549537,0.005714800249832997,0.0001940190808813035,0.23797362341010603,0.36333853974007024,-0.0010685468499064506,0.0017083332828487,0.55,-0.348998120866288,5.00773763495456e-05,0.0022247797551138604,-0.35,0.39741501668273804,0.0008374676819284105,0.0023129913513020364,0.25,0.14246648905256573,-7.57259788925316e-05,0.003206131610175155,0.15
815,"[0.3633919671, -0.3490006247, 0.3973731433, 0.1424702754]","[-0.001068276692, 5.006430655e-05, 0.0008372565836, -7.57071332e-05]","[0.001708327223, 0.002224777843, 0.002312972266, 0.003206075008]",0.0013603130821325151,0.00571444640376059,0.00019392117574806942,0.23790564688388216,0.36339196708256555,-0.0010682766916444225,0.0017083272225178379,0.55,-0.3490006247351055,5.006430655159192e-05,0.0022247778430932574,-0.35,0.3973731432986416,0.0008372565835525789,0.0023129722655925687,0.25,0.14247027535151036,-7.570713320078784e-05,0.0032060750079842375,0.15
816,"[0.3634453809, -0.349003128, 0.3973312805, 0.1424740607]","[-0.001068006607, 5.005124844e-05, 0.0008370455313, -7.568828742e-05]","[0.001708321165, 0.002224775932, 0.002312953189, 0.003206018433]",0.0013599695506875307,0.005714092664916218,0.00019382332281487396,0.23783768755608828,0.3634453809171478,-0.0010680066072014033,0.0017083211650951709,0.55,-0.3490031279504331,5.005124843942134e-05,0.0022247759321483446,-0.35,0.397331280469464,0.000837045531287156,0.0023129531889504906,0.25,0.1424740607081704,-7.568828742447196e-05,0.0032060184325787143,0.15
817,"[0.3634987812, -0.3490056305, 0.3972894282, 0.1424778451]","[-0.001067736596, 5.003820185e-05, 0.0008368345253, -7.566944165e-05]","[0.001708315111, 0.002224774022, 0.002312934121, 0.003205961884]",0.001359626105998297,0.005713739033327466,0.00019372552205550625,0.23776974542240173,0.36349878124750784,-0.001067736596456707,0.0017083151105793649,0.55,-0.34900563051285505,5.003820184537933e-05,0.002224774022278482,-0.35,0.39728942819289964,0.0008368345252532563,0.0023129341213718384,0.25,0.1424778451225416,-7.566944164838149e-05,0.0032059618839472906,0.15
818,"[0.3635521681, -0.3490081324, 0.3972475865, 0.1424816286]","[-0.001067466659, 5.002516661e-05, 0.0008366235656, -7.565059596e-05]","[0.001708309059, 0.002224772113, 0.002312915063, 0.003205905362]",0.0013592827480426659,0.005713385509020647,0.00019362777344374867,0.23770182047850053,0.36355216807733065,-0.0010674666592920164,0.0017083090589690775,0.55,-0.3490081324229473,5.002516660518963e-05,0.002224772113483015,-0.35,0.397247586466637,0.0008366235655681295,0.0023129150628525682,0.25,0.14248162859462402,-7.565059595638443e-05,0.0032059053620784074,0.15
819,"[0.3636055414, -0.3490106337, 0.3972057553, 0.1424854111]","[-0.001067196796, 5.001214256e-05, 0.0008364126523, -7.563175043e-05]","[0.00170830301, 0.002224770206, 0.002312896013, 0.003205848867]",0.0013589394767988632,0.005713032092020952,0.00019353007695338266,0.23763391272006373,0.3636055414102953,-0.0010671967955904074,0.0017083030102629697,0.55,-0.34901063368127755,5.001214255759101e-05,0.0022247702057613073,-0.35,0.3972057552883586,0.000836412652347885,0.0023128960133887103,0.25,0.14248541112442184,-7.563175043002438e-05,0.0032058488669607834,0.15
820,"[0.3636589013, -0.3490131343, 0.3971639347, 0.1424891927]","[-0.001066927005, 4.999912954e-05, 0.0008362017857, -7.561290515e-05]","[0.001708296964, 0.002224768299, 0.002312876973, 0.003205792399]",0.0013585962922448907,0.005712678782352189,0.0001934324325581824,0.23756602214277134,0.3636589012500748,-0.0010669270052371367,0.0017082969644597007,0.55,-0.3490131342884054,4.9999129544658976e-05,0.0022247682991127123,-0.35,0.39716393465574124,0.0008362017857053308,0.002312876972976233,0.25,0.14248919271194335,-7.561290515032575e-05,0.0032057923985828805,0.15
821,"[0.3637122476, -0.3490156342, 0.3971221246, 0.1424929734]","[-0.001066657288, 4.998612741e-05, 0.0008359909658, -7.55940602e-05]","[0.001708290922, 0.002224766394, 0.002312857942, 0.003205735957]",0.0013582531943587273,0.005712325580037098,0.00019333484023192102,0.23749814874230418,0.3637122476003366,-0.0010666572881191882,0.0017082909215579269,0.55,-0.34901563424488263,4.998612741140038e-05,0.0022247663935365865,-0.35,0.39712212456645596,0.0008359909657510303,0.002312857941611103,0.25,0.14249297335720087,-7.559406019639913e-05,0.0032057359569331915,0.15
822,"[0.3637655805, -0.3490181336, 0.397080325, 0.1424967531]","[-0.001066387644, 4.997313601e-05, 0.0008357801926, -7.557521565e-05]","[0.001708284882, 0.002224764489, 0.002312838919, 0.003205679542]",0.0013579101831187076,0.005711972485097271,0.00019323729994837,0.23743029251434405,0.36376558046474256,-0.0010663876441250086,0.0017082848815563074,0.55,-0.3490181335512532,4.9973136005758465e-05,0.0022247644890323005,-0.35,0.3970803250181684,0.0008357801925942543,0.0023128389192893415,0.25,0.1424967530602107,-7.557521564545671e-05,0.003205679542000406,0.15
823,"[0.3638188998, -0.3490206322, 0.397038536, 0.1425005318]","[-0.001066118073, 4.996015518e-05, 0.0008355694663, -7.555637157e-05]","[0.001708278844, 0.002224762586, 0.002312819906, 0.003205623154]",0.0013575672585028325,0.005711619497553085,0.0001931398116812943,0.2373624534545737,0.3638188998469488,-0.0010661180731450397,0.0017082788444535008,0.55,-0.3490206322080535,4.9960155178820256e-05,0.0022247625855992123,-0.35,0.3970385360085387,0.0008355694663410519,0.00231281990600691,0.25,0.14250053182099298,-7.555637157409154e-05,0.0032056231537729587,0.15
824,"[0.3638722058, -0.3490231302, 0.3969967575, 0.1425043096]","[-0.001065848575, 4.994718478e-05, 0.0008353587871, -7.553752806e-05]","[0.00170827281, 0.002224760683, 0.002312800902, 0.003205566792]",0.001357224420489045,0.005711266617423855,0.0001930423754044609,0.23729463155867678,0.3638722057506061,-0.0010658485750716289,0.0017082728102481588,0.55,-0.34902313021581244,4.994718478458182e-05,0.002224760683236681,-0.35,0.3969967575352217,0.000835358787094884,0.0023128009017597457,0.25,0.1425043096395717,-7.55375280576588e-05,0.0032055667922392377,0.15
825,"[0.3639254982, -0.3490256276, 0.3969549896, 0.1425080865]","[-0.00106557915, 4.993422468e-05, 0.000835148155, -7.551868517e-05]","[0.001708266779, 0.002224758782, 0.002312781907, 0.003205510457]",0.001356881669055629,0.0057109138447277805,0.00019294499109163233,0.2372268268223379,0.36392549817935965,-0.0010655791497982828,0.0017082667789389415,0.55,-0.3490256275750517,4.993422467959831e-05,0.002224758781944079,-0.35,0.39695498959586695,0.0008351481549583399,0.0023127819065438537,0.25,0.14250808651597457,-7.551868516920675e-05,0.0032055104573878667,0.15
826,"[0.3639787771, -0.3490281243, 0.3969132322, 0.1425118625]","[-0.001065309797, 4.992127472e-05, 0.00083493757, -7.549984298e-05]","[0.001708260751, 0.002224756882, 0.00231276292, 0.003205454149]",0.0013565390041806835,0.005710561179482033,0.00019284765871656936,0.23715903924124254,0.36397877713684956,-0.0010653097972203906,0.0017082607505245018,0.55,-0.34902812428628566,4.9921274723449846e-05,0.0022247568817207733,-0.35,0.396913232188119,0.0008349375700311869,0.0023127629203551956,0.25,0.14251186245023303,-7.549984298111809e-05,0.0032054541492073105,0.15
827,"[0.3640320426, -0.3490306204, 0.3968714853, 0.1425156374]","[-0.001065040517, 4.990833478e-05, 0.0008347270324, -7.548100156e-05]","[0.001708254725, 0.002224754983, 0.002312743943, 0.003205397868]",0.0013561964258422866,0.005710208621702698,0.000192750378253034,0.23709126881107717,0.3640320426267106,-0.0010650405172350481,0.001708254725003494,0.55,-0.3490306203500218,4.9908334778342456e-05,0.002224754982566132,-0.35,0.39687148530961747,0.000834727032410948,0.002312743943189724,0.25,0.1425156374423821,-7.548100156436224e-05,0.0032053978676860203,0.15
828,"[0.3640852947, -0.3490331158, 0.396829749, 0.1425194115]","[-0.00106477131, 4.989540471e-05, 0.0008345165422, -7.546216099e-05]","[0.001708248702, 0.002224753084, 0.002312724975, 0.003205341613]",0.0013558539340185712,0.005709856171404869,0.00019265314967478376,0.2370235155275292,0.36408529465257233,-0.0010647713097407677,0.0017082487023745727,0.55,-0.3490331157667607,4.9895404709213444e-05,0.002224753084479526,-0.35,0.39682974895799694,0.000834516542193374,0.0023127249750433984,0.25,0.14251941149246034,-7.546216098870219e-05,0.003205341612812433,0.15
829,"[0.3641385332, -0.3490356105, 0.3967880231, 0.1425231846]","[-0.001064502175, 4.988248438e-05, 0.0008343060995, -7.544332132e-05]","[0.001708242683, 0.002224751187, 0.002312706016, 0.003205285385]",0.001355511528687637,0.005709503828602573,0.0001925559729555777,0.23695577938628704,0.3641385332180594,-0.0010645021746376832,0.00170824268263639,0.55,-0.34903561053699617,4.988248438363381e-05,0.002224751187460326,-0.35,0.3967880231308873,0.0008343060994720409,0.002312706015912164,0.25,0.14252318460050978,-7.544332132272575e-05,0.003205285384574969,0.15
830,"[0.3641917583, -0.3490381047, 0.3967463078, 0.1425269568]","[-0.001064233112, 4.986957367e-05, 0.0008340957043, -7.542448263e-05]","[0.001708236666, 0.002224749292, 0.002312687066, 0.003205229183]",0.0013551692098277678,0.005709151593308929,0.0001924588480691735,0.23688806038303992,0.3641917583267913,-0.001064233111827245,0.001708236665787602,0.55,-0.3490381046612153,4.9869573671653875e-05,0.002224749291507911,-0.35,0.3967463078259137,0.0008340957043391484,0.002312687065792003,0.25,0.14252695676657592,-7.542448263330785e-05,0.0032052291829621593,0.15
831,"[0.36424497, -0.3490405981, 0.396704603, 0.142530728]","[-0.001063964121, 4.985667245e-05, 0.0008338853569, -7.540564499e-05]","[0.001708230652, 0.002224747397, 0.002312668125, 0.003205173008]",0.0013548269774169167,0.005708799465536002,0.00019236177498932952,0.2368203585134781,0.36424496998238265,-0.0010639641212128728,0.001708230651826856,0.55,-0.3490405981398989,4.9856672445856795e-05,0.0022247473966216505,-0.35,0.3967046030406967,0.0008338853568837553,0.002312668124678827,0.25,0.1425307279907076,-7.54056449866756e-05,0.003205173007962334,0.15
832,"[0.3642981682, -0.349043091, 0.3966629088, 0.1425344983]","[-0.001063695203, 4.984378058e-05, 0.0008336750572, -7.538680845e-05]","[0.001708224641, 0.002224745503, 0.002312649193, 0.00320511686]",0.0013544848314334076,0.005708447445295017,0.00019226475368980408,0.23675267377329284,0.3642981681884433,-0.001063695202698847,0.0017082246407528084,0.55,-0.3490430909735212,4.984378058138039e-05,0.002224745502800927,-0.35,0.39666290877285254,0.0008336750571944086,0.0023126491925686147,0.25,0.14253449827295692,-7.538680844749844e-05,0.0032051168595639947,0.15
833,"[0.3643513529, -0.3490455832, 0.396621225, 0.1425382676]","[-0.001063426356, 4.983089796e-05, 0.0008334648054, -7.536797308e-05]","[0.001708218633, 0.00222474361, 0.002312630269, 0.003205060738]",0.0013541427718552952,0.005708095532596189,0.000192167784144355,0.2366850061581762,0.36435135294857823,-0.0010634263561913808,0.001708218632564107,0.55,-0.3490455831625503,4.983089795574886e-05,0.002224743610045113,-0.35,0.3966212250199928,0.0008334648053566894,0.002312630269457283,0.25,0.1425382676133793,-7.536797307957925e-05,0.0032050607377554622,0.15
834,"[0.3644045243, -0.3490480747, 0.3965795518, 0.142542036]","[-0.001063157582, 4.981802445e-05, 0.0008332546015, -7.534913895e-05]","[0.001708212627, 0.002224741718, 0.002312611355, 0.003205004643]",0.00135380079866077,0.00570774372744889,0.00019207086632674184,0.23661735566382136,0.3644045242663878,-0.0010631575815977887,0.0017082126272594063,0.55,-0.3490480747074481,4.9818024448963934e-05,0.00222474171835359,-0.35,0.396579551779725,0.0008332546014549486,0.002312611355340778,0.25,0.14254203601203327,-7.534913894555771e-05,0.003205004642525138,0.15
835,"[0.3644576821, -0.3490505656, 0.396537889, 0.1425458035]","[-0.001062888879, 4.980515994e-05, 0.0008330444456, -7.533030611e-05]","[0.001708206625, 0.002224739828, 0.00231259245, 0.003204948574]",0.0013534589118279754,0.005707392029861561,0.00019197400021072415,0.23654972228592241,0.3644576821454677,-0.0010628888788269157,0.0017082066248373527,0.55,-0.34905056560867054,4.980515994309122e-05,0.002224739827725741,-0.35,0.39653788904965226,0.0008330444455715302,0.0023125924502150437,0.25,0.14254580346898055,-7.533030610646855e-05,0.0032049485738614657,0.15
836,"[0.3645108266, -0.3490530559, 0.3964962368, 0.14254957]","[-0.001062620248, 4.979230432e-05, 0.0008328343378, -7.531147462e-05]","[0.001708200625, 0.002224737938, 0.002312573554, 0.003204892532]",0.0013531171113351423,0.005707040439841762,0.00019187718577006333,0.2364821060201743,0.36451082658940903,-0.0010626202477888732,0.0017082006252965999,0.55,-0.3490530558666677,4.979230432272762e-05,0.0022247379381609474,-0.35,0.39649623682737367,0.0008328343377872042,0.002312573554076013,0.25,0.14254956998428586,-7.531147462276543e-05,0.0032048925317527985,0.15
837,"[0.3645639576, -0.3490555455, 0.3964545951, 0.1425533356]","[-0.001062351688, 4.977945747e-05, 0.0008326242782, -7.529264455e-05]","[0.001708194629, 0.00222473605, 0.002312554667, 0.003204836516]",0.0013527753971604712,0.005706688957396254,0.00019178042297852315,0.2364145068622731,0.3645639576017985,-0.0010623516883951267,0.0017081946286357965,0.55,-0.34905554548188383,4.97794574746309e-05,0.002224736049658593,-0.35,0.3964545951104843,0.0008326242781809496,0.00231255466691962,0.25,0.142553335558017,-7.529264455362285e-05,0.003204836516187507,0.15
838,"[0.3646170752, -0.3490580345, 0.3964129639, 0.1425571002]","[-0.001062083201, 4.976661929e-05, 0.0008324142668, -7.527381596e-05]","[0.001708188635, 0.002224734162, 0.002312535789, 0.003204780527]",0.001352433769282011,0.005706337582530919,0.00019168371180986601,0.23634692480791578,0.3646170751862183,-0.001062083200558602,0.0017081886348535905,0.55,-0.3490580344547576,4.9766619287798937e-05,0.002224734162218059,-0.35,0.39641296389657527,0.0008324142668295756,0.002312535788741774,0.25,0.14255710019024467,-7.527381595739281e-05,0.0032047805271538873,0.15
839,"[0.3646701793, -0.3490605228, 0.3963713432, 0.1425608639]","[-0.001061814784, 4.975378965e-05, 0.0008322043038, -7.525498889e-05]","[0.001708182644, 0.002224732276, 0.00231251692, 0.003204724565]",0.0013520922276781912,0.005705986315250844,0.00019158705223785977,0.2362793598528003,0.3646701793462462,-0.0010618147841931498,0.0017081826439486341,0.55,-0.34906052278572197,4.975378965321529e-05,0.002224732275838741,-0.35,0.3963713431832338,0.0008322043038093794,0.002312516919538446,0.25,0.14256086388104255,-7.525498889056086e-05,0.003204724564640454,0.15
840,"[0.3647232701, -0.3490630105, 0.396329733, 0.1425646266]","[-0.001061546439, 4.974096846e-05, 0.0008319943892, -7.523616341e-05]","[0.001708176656, 0.002224730391, 0.002312498059, 0.003204668629]",0.0013517507723269633,0.005705635155560292,0.0001914904442362724,0.23621181199262553,0.36472327008545585,-0.0010615464392143912,0.0017081766559195737,0.55,-0.3490630104752046,4.974096846433284e-05,0.002224730390520016,-0.35,0.39632973296804336,0.0008319943891934335,0.00231249805930551,0.25,0.14256462663048708,-7.523616341005377e-05,0.0032046686286353447,0.15
841,"[0.3647763474, -0.3490654975, 0.3962881332, 0.1425683884]","[-0.001061278166, 4.972815562e-05, 0.0008317845231, -7.521733957e-05]","[0.001708170671, 0.002224728506, 0.002312479208, 0.003204612719]",0.0013514094032067033,0.0057052841034627485,0.0001913938877788734,0.23614428122309136,0.36477634740741655,-0.0010612781655386962,0.0017081706707650587,0.55,-0.3490654975236278,4.972815561619043e-05,0.0022247285062612803,-0.35,0.3962881332485837,0.0008317845230546968,0.0023124792080389256,0.25,0.14256838843865757,-7.521733957007663e-05,0.0032046127191270703,0.15
842,"[0.3648294113, -0.3490679839, 0.396246544, 0.1425721493]","[-0.001061009963, 4.971535101e-05, 0.0008315747055, -7.519851743e-05]","[0.001708164688, 0.002224726623, 0.002312460366, 0.003204556836]",0.0013510681202955374,0.005704933158960956,0.0001912973828394382,0.2360767675398987,0.36482941131569346,-0.0010610099630839385,0.0017081646884837373,0.55,-0.34906798393140864,4.971535100632846e-05,0.00222472662306192,-0.35,0.396246544022431,0.0008315747054636078,0.002312460365734593,0.25,0.14257214930563608,-7.519851742532955e-05,0.0032045568361038492,0.15
843,"[0.3648824618, -0.3490704697, 0.3962049653, 0.1425759092]","[-0.001060741832, 4.970255453e-05, 0.0008313649365, -7.517969703e-05]","[0.001708158709, 0.002224724741, 0.002312441532, 0.00320450098]",0.0013507269235717154,0.005704582322056874,0.00019120092939174167,0.23600927093874932,0.36488246181384765,-0.0010607418317691022,0.0017081587090742568,0.55,-0.34907046969895894,4.970255453393393e-05,0.0022247247409213295,-0.35,0.3962049652871578,0.0008313649364894758,0.002312441532388442,0.25,0.14257590923150734,-7.517969702846475e-05,0.0032045009795540745,0.15
844,"[0.3649354989, -0.3490729548, 0.396163397, 0.1425796682]","[-0.001060473772, 4.96897661e-05, 0.0008311552162, -7.516087843e-05]","[0.001708152733, 0.00222472286, 0.002312422708, 0.003204445149]",0.001350385813013521,0.0057042315927517215,0.00019110452740956374,0.23594179141534605,0.3649354989054361,-0.0010604737715142888,0.001708152732535267,0.55,-0.34907295482668566,4.968976610037854e-05,0.0022247228598389008,-0.35,0.3961633970403333,0.0008311552162001315,0.002312422707996393,0.25,0.14257966821635876,-7.516087843187216e-05,0.0032044451494660426,0.15
845,"[0.3649885226, -0.3490754393, 0.3961218393, 0.1425834263]","[-0.001060205782, 4.967698561e-05, 0.0008309455447, -7.514206169e-05]","[0.001708146759, 0.00222472098, 0.002312403893, 0.003204389346]",0.001350044788599027,0.005703880971046039,0.0001910081768666861,0.23587432896539273,0.3649885225940118,-0.0010602057822409324,0.0017081467588654121,0.55,-0.3490754393149907,4.9676985608832115e-05,0.002224720979814024,-0.35,0.3961218392795233,0.0008309455446613629,0.0023124038925543375,0.25,0.14258342626028034,-7.51420616867472e-05,0.0032043893458280036,0.15
846,"[0.3650415329, -0.3490779232, 0.396080292, 0.1425871834]","[-0.001059937864, 4.966421296e-05, 0.0008307359219, -7.512324684e-05]","[0.001708140788, 0.002224719101, 0.002312385086, 0.003204333569]",0.0013497038503066168,0.005703530456939638,0.00019091187773689593,0.23580688358459415,0.36504153288312385,-0.001059937863871338,0.001708140788063342,0.55,-0.3490779231642711,4.966421296431057e-05,0.002224719100846099,-0.35,0.3960802920022903,0.0008307359219383546,0.0023123850860582128,0.25,0.14258718336336468,-7.512324684302995e-05,0.003204333568628354,0.15
847,"[0.3650945298, -0.3490804064, 0.3960387552, 0.1425909395]","[-0.001059670016, 4.965144807e-05, 0.0008305263481, -7.510443395e-05]","[0.00170813482, 0.002224717223, 0.002312366289, 0.003204277818]",0.0013493629981145292,0.005703180050431594,0.00019081562999398162,0.23573945526865603,0.3650945297763174,-0.001059670016329039,0.001708134820127704,0.55,-0.3490804063749193,4.965144807381179e-05,0.0022247172229345213,-0.35,0.39603875520619336,0.0008305263480943968,0.002312366288503931,0.25,0.14259093952570684,-7.510443395035608e-05,0.00320427781785537,0.15
848,"[0.3651475133, -0.3490828889, 0.3959972289, 0.1425946947]","[-0.00105940224, 4.963869085e-05, 0.0008303168232, -7.508562306e-05]","[0.001708128855, 0.002224715346, 0.0023123475, 0.003204222093]",0.0013490222320009047,0.005702829751520342,0.00019071943361173815,0.23567204401328515,0.36514751327713385,-0.0010594022395387951,0.001708128855057143,0.55,-0.34908288894732303,4.963869084595858e-05,0.002224715346078686,-0.35,0.39599722888878863,0.0008303168231910747,0.0023123474998873847,0.25,0.14259469474740435,-7.508562305707206e-05,0.0032042220934973106,0.15
849,"[0.3652004834, -0.3490853709, 0.395955713, 0.142598449]","[-0.001059134533, 4.962594119e-05, 0.0008301073473, -7.506681421e-05]","[0.001708122893, 0.00222471347, 0.00231232872, 0.003204166396]",0.0013486815519440662,0.0057024795602036394,0.0001906232885639611,0.23560464981418933,0.36520048338911076,-0.0010591345334262127,0.0017081228928503083,0.55,-0.3490853708818653,4.962594119139448e-05,0.002224713470277992,-0.35,0.39595571304762905,0.0008301073472891159,0.002312328720204489,0.25,0.1425984490285572,-7.506681421099957e-05,0.0032041663955424578,0.15
850,"[0.3652534401, -0.3490878522, 0.3959142077, 0.1426022024]","[-0.001058866898, 4.961319902e-05, 0.0008298979204, -7.504800746e-05]","[0.001708116934, 0.002224711596, 0.002312309949, 0.003204110724]",0.00134834095792227,0.005702129476478638,0.00019052719482445387,0.23553727266707722,0.3652534401157821,-0.0010588668979180983,0.0017081169335058433,0.55,-0.34908785217892485,4.9613199022218e-05,0.00222471159553184,-0.35,0.3959142076802646,0.0008298979204476442,0.0023123099494511525,0.25,0.14260220236926774,-7.504800745859947e-05,0.0032041107239791262,0.15
851,"[0.3653063835, -0.3490903328, 0.3958727128, 0.1426059548]","[-0.001058599333, 4.960046425e-05, 0.0008296885427, -7.502920285e-05]","[0.001708110977, 0.002224709722, 0.002312291188, 0.003204055079]",0.0013480004499137979,0.005701779500341798,0.00019043115236702188,0.2354699125676586,0.365306383460678,-0.0010585993329420929,0.0017081109770223993,0.55,-0.34909033283887597,4.960046425243847e-05,0.00222470972183963,-0.35,0.3958727127842422,0.0008296885427246794,0.0023122911876232825,0.25,0.14260595476964066,-7.502920284594409e-05,0.003204055078795572,0.15
852,"[0.3653593134, -0.3490928129, 0.3958312284, 0.1426097062]","[-0.001058331838, 4.95877368e-05, 0.0008294792142, -7.501040042e-05]","[0.001708105023, 0.002224707849, 0.002312272435, 0.00320399946]",0.0013476600278969158,0.005701429631788988,0.00019033516116547555,0.23540256951164415,0.36535931342732514,-0.0010583318384270646,0.0017081050233986193,0.55,-0.3490928128620886,4.958773679758312e-05,0.002224707849200766,-0.35,0.39583122835710594,0.0008294792141766763,0.0023122724347167858,0.25,0.14260970622978297,-7.501040041782662e-05,0.003203999459980106,0.15
853,"[0.36541223, -0.3490952922, 0.3957897544, 0.1426134567]","[-0.001058064414, 4.957501657e-05, 0.0008292699349, -7.499160022e-05]","[0.001708099073, 0.002224705978, 0.002312253691, 0.003203943868]",0.0013473196918497579,0.005701079870815408,0.00019023922119363164,0.23533524349474566,0.3654122300192465,-0.0010580644143029943,0.001708099072633148,0.55,-0.3490952922489285,4.9575016574990064e-05,0.0022247059776146433,-0.35,0.3957897543963971,0.0008292699348583469,0.0023122536907275327,0.25,0.14261345674980386,-7.499160021902786e-05,0.003203943867520862,0.15
854,"[0.3654651332, -0.349097771, 0.3957482909, 0.1426172063]","[-0.001057797061, 4.95623035e-05, 0.0008290607048, -7.497280229e-05]","[0.001708093125, 0.002224704107, 0.002312234956, 0.003203888301]",0.0013469794417508613,0.005700730217415748,0.00019014333242531038,0.23526793451267583,0.36546513323996166,-0.001057797060500254,0.0017080931247246362,0.55,-0.34909777099975725,4.9562303503366805e-05,0.002224704107080677,-0.35,0.39574829089965413,0.0008290607048246644,0.002312234955651477,0.25,0.1426172063298148,-7.49728022922621e-05,0.0032038883014063025,0.15
855,"[0.3655180231, -0.3491002491, 0.3957068379, 0.142620955]","[-0.001057529777, 4.95495975e-05, 0.0008288515241, -7.495400668e-05]","[0.00170808718, 0.002224702238, 0.002312216229, 0.003203832762]",0.0013466392775783298,0.00570038067158406,0.0001900474948343377,0.23520064256114842,0.3655180230929867,-0.0010575297769507995,0.0017080871796717274,0.55,-0.3491002491149324,4.954959750328312e-05,0.002224702237598264,-0.35,0.3957068378644129,0.0008288515241277181,0.002312216229484481,0.25,0.14262095496992944,-7.495400668076087e-05,0.0032038327616245314,0.15
856,"[0.3655708996, -0.3491027266, 0.3956653953, 0.1426247027]","[-0.001057262564, 4.95368985e-05, 0.0008286423928, -7.493521343e-05]","[0.001708081237, 0.002224700369, 0.002312197512, 0.003203777248]",0.0013462991993105859,0.005700031233313798,0.00018995170839454362,0.23513336763587814,0.36557089958183425,-0.001057262563587139,0.0017080812374730694,0.55,-0.34910272659480757,4.953689849661987e-05,0.0022247003691668143,-0.35,0.39566539528820655,0.000828642392819482,0.0023121975122224656,0.25,0.14262470267026348,-7.493521342609447e-05,0.0032037772481638923,0.15
857,"[0.3656237627, -0.3491052034, 0.3956239632, 0.1426284494]","[-0.00105699542, 4.952420641e-05, 0.0008284333109, -7.491642257e-05]","[0.001708075298, 0.002224698502, 0.002312178804, 0.003203721761]",0.0013459592069257915,0.005699681902597876,0.00018985597307976542,0.2350661097325807,0.3656237627100136,-0.0010569954203429924,0.0017080752981273057,0.55,-0.3491052034397324,4.952420640688275e-05,0.0022246985017857317,-0.35,0.3956239631685656,0.0008284333109498802,0.0023121788038613054,0.25,0.14262844943093478,-7.491642256964876e-05,0.0032037217610125447,0.15
858,"[0.3656766125, -0.3491076797, 0.3955825415, 0.1426321953]","[-0.001056728347, 4.951152116e-05, 0.0008282242786, -7.489763415e-05]","[0.001708069362, 0.002224696635, 0.002312160104, 0.0032036663]",0.0013456193004023436,0.005699332679428664,0.00018976028886384422,0.23499886884697285,0.3656766124810308,-0.001056728347152702,0.0017080693616330848,0.55,-0.34910767965005274,4.9511521158991146e-05,0.002224696635454427,-0.35,0.3955825415030181,0.0008282242785684486,0.0023121601043969166,0.25,0.14263219525206325,-7.489763415159889e-05,0.003203666300158815,0.15
859,"[0.3657294489, -0.3491101552, 0.3955411303, 0.1426359401]","[-0.001056461344, 4.949884268e-05, 0.0008280152957, -7.487884821e-05]","[0.001708063428, 0.00222469477, 0.002312141414, 0.003203610866]",0.0013452794797185134,0.005698983563797996,0.000189664655720629,0.23493164497477229,0.36572944889838843,-0.0010564613439517962,0.001708063427989051,0.55,-0.34911015522611066,4.9498842679422775e-05,0.002224694770172306,-0.35,0.39554113028908966,0.0008280152957229444,0.002312141413825178,0.25,0.14263594013377082,-7.48788482117713e-05,0.0032036108655908676,0.15
860,"[0.365782272, -0.3491126302, 0.3954997295, 0.1426396841]","[-0.001056194411, 4.94861709e-05, 0.0008278063625, -7.486006479e-05]","[0.001708057497, 0.002224692906, 0.002312122732, 0.003203555457]",0.001344939744852718,0.005698634555697188,0.0001895690736239734,0.2348644381116978,0.36578227196558605,-0.0010561944106762574,0.001708057497193852,0.55,-0.3491126301682446,4.948617089592339e-05,0.0022246929059387844,-0.35,0.3954997295243035,0.0008278063624608146,0.0023121227321420135,0.25,0.1426396840761814,-7.486006478878673e-05,0.003203555457297066,0.15
861,"[0.3658350817, -0.3491151045, 0.3954583392, 0.1426434271]","[-0.001055927547, 4.947350574e-05, 0.0008275974788, -7.484128392e-05]","[0.001708051569, 0.002224691043, 0.002312104059, 0.003203500075]",0.0013446000957830476,0.005698285655116963,0.00018947354254773648,0.23479724825346915,0.36583508168611983,-0.0010559275472634602,0.0017080515692461321,0.55,-0.3491151044767894,4.947350573787091e-05,0.002224691042753264,-0.35,0.39545833920618045,0.0008275974788270888,0.002312104059343271,0.25,0.14264342707942085,-7.484128392140783e-05,0.003203500075265455,0.15
862,"[0.3658878781, -0.3491175782, 0.3954169593, 0.1426471691]","[-0.001055660754, 4.946084714e-05, 0.0008273886449, -7.482250565e-05]","[0.001708045644, 0.002224689181, 0.002312085395, 0.003203444719]",0.0013442605324880282,0.005697936862047656,0.00018937806246578558,0.2347300753958071,0.365887878063483,-0.0010556607536511362,0.0017080456441445385,0.55,-0.3491175781520763,4.9460847135823056e-05,0.002224689180615163,-0.35,0.3954169593322391,0.000827388644867117,0.0023120853954248753,0.25,0.14264716914361691,-7.482250564686026e-05,0.003203444719484384,0.15
863,"[0.3659406611, -0.3491200512, 0.3953755899, 0.1426509103]","[-0.00105539403, 4.944819502e-05, 0.0008271798606, -7.480373e-05]","[0.001708039722, 0.00222468732, 0.00231206674, 0.00320338939]",0.0013439210549459637,0.005697588176479041,0.00018928263335199277,0.2346629195344333,0.3659406611011656,-0.0010553940297780636,0.0017080397218877177,0.55,-0.34912005119443307,4.94481950217197e-05,0.0022246873195238943,-0.35,0.3953755898999957,0.0008271798606245056,0.0023120667403827163,0.25,0.14265091026889926,-7.480373000198011e-05,0.0032033893899420752,0.15
864,"[0.3659934308, -0.3491225236, 0.3953342309, 0.1426546505]","[-0.001055127376, 4.943554933e-05, 0.0008269711261, -7.478495702e-05]","[0.001708033802, 0.002224685459, 0.002312048094, 0.003203334087]",0.0013435816631351706,0.005697239598400411,0.0001891872551802367,0.23459578066507072,0.3659934308026545,-0.0010551273755838584,0.0017080338024743147,0.55,-0.34912252360418417,4.943554932876133e-05,0.0022246854594788704,-0.35,0.3953342309069645,0.00082697112614181,0.002312048094212685,0.25,0.14265465045539935,-7.478495702279179e-05,0.003203334086626774,0.15
865,"[0.3660461872, -0.3491249954, 0.3952928824, 0.1426583897]","[-0.001054860791, 4.942290999e-05, 0.0008267624415, -7.476618675e-05]","[0.001708027886, 0.0022246836, 0.002312029457, 0.00320327881]",0.0013432423570340015,0.00569689112780054,0.00018909192792440337,0.23452865878344306,0.3660461871714337,-0.0010548607910088304,0.0017080278859029768,0.55,-0.3491249953816506,4.9422909991689304e-05,0.0022246836004795054,-0.35,0.3952928823506574,0.0008267624414606751,0.002312029456910667,0.25,0.14265838970325048,-7.476618674522322e-05,0.0032032788095266427,0.15
866,"[0.3660989302, -0.3491274665, 0.3952515442, 0.142662128]","[-0.001054594276, 4.941027695e-05, 0.0008265538066, -7.47474192e-05]","[0.001708021972, 0.002224681743, 0.002312010828, 0.003203223559]",0.0013429031366207949,0.005696542764667804,0.00018899665155838483,0.23446155388527518,0.36609893021098416,-0.0010545942759941976,0.0017080219721723495,0.55,-0.34912746652715015,4.941027694624127e-05,0.0022246817425252145,-0.35,0.3952515442285844,0.0008265538066216231,0.0023120108284725516,0.25,0.14266212801258774,-7.474741920390035e-05,0.0032032235586299204,0.15
867,"[0.3661516599, -0.349129937, 0.3952102165, 0.1426658654]","[-0.00105432783, 4.939765013e-05, 0.0008263452217, -7.472865443e-05]","[0.001708016061, 0.002224679886, 0.002311992209, 0.003203168334]",0.001342564001873855,0.005696194508990086,0.00018890142605608126,0.23439446596629282,0.3661516599247839,-0.0010543278304818598,0.0017080160612810789,0.55,-0.3491299370409975,4.9397650129478466e-05,0.0022246798856154146,-0.35,0.3952102165382533,0.0008263452216641966,0.0023119922088942276,0.25,0.14266586538354792,-7.472865443316385e-05,0.0032031683339248215,0.15
868,"[0.3662043763, -0.3491324069, 0.3951688993, 0.1426696018]","[-0.001054061454, 4.938502948e-05, 0.0008261366866, -7.470989247e-05]","[0.001708010153, 0.00222467803, 0.002311973598, 0.003203113135]",0.0013422249527717106,0.005695846360754875,0.00018880625139139855,0.23432739502222294,0.366204376316308,-0.001054061454414308,0.001708010153227813,0.55,-0.34913240692350395,4.938502947975654e-05,0.002224678029749526,-0.35,0.3951688992771701,0.0008261366866275493,0.0023119735981716053,0.25,0.1426696018162696,-7.470989246647464e-05,0.003203113135399632,0.15
869,"[0.3662570794, -0.3491348762, 0.3951275924, 0.1426733373]","[-0.001053795148, 4.937241494e-05, 0.0008259282015, -7.469113334e-05]","[0.001708004248, 0.002224676175, 0.002311954996, 0.003203057963]",0.0013418859892924974,0.0056954983199491134,0.0001887111275382502,0.23426034104879334,0.3662570793890287,-0.0010537951477352452,0.0017080042480111964,0.55,-0.34913487617497796,4.937241493660106e-05,0.0022246761749269584,-0.35,0.3951275924428387,0.0008259282015485784,0.0023119549963005297,0.25,0.1426733373108929,-7.469113333734176e-05,0.0032030579630423937,0.15
870,"[0.3663097691, -0.3491373448, 0.395086296, 0.1426770719]","[-0.00105352891, 4.935980644e-05, 0.0008257197665, -7.467237708e-05]","[0.001707998346, 0.002224674321, 0.002311936403, 0.003203002817]",0.0013415471114148077,0.005695150386559426,0.0001886160544705579,0.23419330404173297,0.36630976914641544,-0.0010535289103885254,0.0017079983456298777,0.55,-0.3491373447957248,4.935980644055359e-05,0.0022246743211471413,-0.35,0.39508629603276124,0.0008257197664648285,0.002311936403276938,0.25,0.14267707186755976,-7.467237707747605e-05,0.0032030028168415236,0.15
871,"[0.3663624456, -0.3491398128, 0.39504501, 0.1426808055]","[-0.001053262742, 4.934720393e-05, 0.0008255113814, -7.465362372e-05]","[0.001707992446, 0.002224672468, 0.002311917819, 0.003202947697]",0.0013412083191168887,0.005694802560571951,0.00018852103216224897,0.23412628399677163,0.36636244559193487,-0.0010532627423191217,0.0017079924460825023,0.55,-0.34913981278604683,4.9347203933547065e-05,0.002224672468409487,-0.35,0.395045010044438,0.0008255113814117193,0.0023119178190966864,0.25,0.14268080548641363,-7.465362371920627e-05,0.003202947696785087,0.15
872,"[0.3664151087, -0.3491422801, 0.3950037345, 0.1426845382]","[-0.001052996643, 4.933460736e-05, 0.0008253030464, -7.463487329e-05]","[0.001707986549, 0.002224670617, 0.002311899244, 0.003202892603]",0.001340869612377212,0.00569445484197246,0.00018842606058725963,0.23405928090964037,0.3664151087290508,-0.0010529966434724427,0.0017079865493677192,0.55,-0.3491422801462435,4.933460735852227e-05,0.002224670616713421,-0.35,0.3950037344753674,0.0008253030464245324,0.002311899243755682,0.25,0.14268453816759957,-7.463487329359245e-05,0.00320289260286136,0.15
873,"[0.3664677586, -0.3491447469, 0.3949624693, 0.1426882699]","[-0.001052730614, 4.932201666e-05, 0.0008250947615, -7.461612583e-05]","[0.001707980655, 0.002224668766, 0.002311880677, 0.003202837535]",0.0013405309911739961,0.0056941072307463165,0.00018833113971953469,0.23399229477607103,0.36646775856122443,-0.001052730613794945,0.0017079806554841715,0.55,-0.3491447468766114,4.932201665949985e-05,0.0022246687660583586,-0.35,0.3949624693230462,0.0008250947615367584,0.0023118806772497815,0.25,0.14268826991126426,-7.461612583145068e-05,0.0032028375350584624,0.15
874,"[0.3665203951, -0.349147213, 0.3949212146, 0.1426920007]","[-0.001052464653, 4.930943178e-05, 0.0008248865268, -7.459738136e-05]","[0.001707974764, 0.002224666916, 0.00231186212, 0.003202782493]",0.0013401924554858626,0.005693759726878443,0.00018823626953302398,0.23392532559179663,0.3665203950919142,-0.0010524646532333061,0.00170797476443051,0.55,-0.3491472129774444,4.9309431781598945e-05,0.0022246669164437288,-0.35,0.39492121458496937,0.0008248865267822747,0.0023118621195749086,0.25,0.14269200071755583,-7.459738136271116e-05,0.0032027824933647067,0.15
875,"[0.3665730183, -0.3491496784, 0.3948799703, 0.1426957306]","[-0.001052198762, 4.929685267e-05, 0.0008246783422, -7.457863992e-05]","[0.001707968876, 0.002224665068, 0.002311843571, 0.003202727478]",0.0013398540052910208,0.0056934123303533915,0.00018814145000168672,0.23385837335255114,0.36657301832457584,-0.0010521987617352424,0.0017079688762053806,0.55,-0.34914967844903344,4.929685267109533e-05,0.0022246650678689485,-0.35,0.39487997025863025,0.0008246783421929015,0.0023118435707269185,0.25,0.14269573058662396,-7.457863991723955e-05,0.00320272747776818,0.15
876,"[0.3666256283, -0.3491521433, 0.3948387363, 0.1426994595]","[-0.001051932939, 4.928427928e-05, 0.0008244702078, -7.455990152e-05]","[0.001707962991, 0.00222466322, 0.002311825031, 0.003202672488]",0.0013395156405681065,0.00569306504115539,0.000188046681099491,0.23379143805406966,0.3666256282626626,-0.0010519329392487601,0.0017079629908074321,0.55,-0.349152143291667,4.9284279275046236e-05,0.002224663220333451,-0.35,0.3948387363415206,0.0008244702078008597,0.002311825030701742,0.25,0.14269945951861981,-7.455990152350694e-05,0.0032026724882572672,0.15
877,"[0.3666782249, -0.3491546075, 0.3947975128, 0.1427031875]","[-0.001051667186, 4.927171154e-05, 0.0008242621236, -7.454116621e-05]","[0.001707957108, 0.002224661374, 0.002311806499, 0.003202617525]",0.0013391773612952292,0.005692717859268247,0.000187951962800412,0.2337245196920881,0.36667822490962504,-0.0010516671857230063,0.0017079571082353098,0.55,-0.34915460750563077,4.927171154187319e-05,0.0022246613738366484,-0.35,0.39479751283113057,0.0008242621236359211,0.0023118064994952065,0.25,0.14270318751369598,-7.454116621062942e-05,0.0032026175248199345,0.15
878,"[0.3667308083, -0.3491570711, 0.3947562997, 0.1427069146]","[-0.001051401501, 4.925914942e-05, 0.0008240540897, -7.452243401e-05]","[0.001707951228, 0.002224659528, 0.002311787977, 0.003202562587]",0.0013388391674510713,0.005692370784675434,0.00018785729507843251,0.23365761826234366,0.3667308082689112,-0.0010514015011071538,0.001707951228487665,0.55,-0.34915707109120786,4.925914942078512e-05,0.0022246595283779767,-0.35,0.3947562997249488,0.0008240540897288459,0.002311787977103249,0.25,0.14270691457200652,-7.452243400618337e-05,0.0032025625874445626,0.15
879,"[0.3667833783, -0.349159534, 0.394715097, 0.1427106407]","[-0.001051135885, 4.924659286e-05, 0.0008238461061, -7.450370494e-05]","[0.001707945352, 0.002224657684, 0.002311769464, 0.003202507676]",0.0013385010590138593,0.005692023817360038,0.00018776267790754538,0.23359073376057432,0.36678337834396657,-0.0010511358853515652,0.0017079453515631417,0.55,-0.3491595340486789,4.924659286207083e-05,0.002224657683956854,-0.35,0.39471509702046237,0.0008238461061080486,0.002311769463521715,0.25,0.14271064069370681,-7.450370493799412e-05,0.003202507676119201,0.15
880,"[0.3668359351, -0.3491619964, 0.3946739047, 0.1427143659]","[-0.001050870338, 4.923404182e-05, 0.0008236381728, -7.448497903e-05]","[0.001707939477, 0.002224655841, 0.002311750959, 0.003202452791]",0.0013381630359621949,0.00569167695730484,0.00018766811126174972,0.23352386618251933,0.36683593513823415,-0.0010508703384067024,0.001707939477460392,0.55,-0.349161996378322,4.923404181678214e-05,0.002224655840572715,-0.35,0.39467390471515695,0.0008236381728025043,0.0023117509587465323,0.25,0.14271436587895373,-7.448497903253045e-05,0.003202452790832218,0.15
881,"[0.3668884787, -0.3491644581, 0.3946327228, 0.1427180901]","[-0.00105060486, 4.922149624e-05, 0.0008234302898, -7.446625632e-05]","[0.001707933606, 0.002224653998, 0.002311732463, 0.003202397932]",0.0013378250982744192,0.005691330204492243,0.00018757359511505548,0.2334570155239188,0.3668884786551545,-0.001050604860223918,0.0017079336061780633,0.55,-0.34916445808041285,4.9221496237262025e-05,0.002224653998224982,-0.35,0.39463272280651684,0.0008234302898395086,0.0023117324627735607,0.25,0.14271809012790534,-7.446625631672939e-05,0.00320239793157168,0.15
882,"[0.3669410089, -0.3491669192, 0.3945915513, 0.1427218134]","[-0.001050339451, 4.920895608e-05, 0.0008232224572, -7.444753682e-05]","[0.001707927738, 0.002224652157, 0.002311713976, 0.003202343098]",0.0013374872459289778,0.0056909835589043474,0.0001874791294414791,0.2333901817805139,0.3669410088981657,-0.0010503394507551907,0.0017079277377148028,0.55,-0.34916691915522474,4.920895607647385e-05,0.0022246521569130842,-0.35,0.3945915512920249,0.0008232224572457959,0.0023117139755986895,0.25,0.14272181344072118,-7.444753681635828e-05,0.0032023430983258105,0.15
883,"[0.3669935259, -0.3491693796, 0.3945503902, 0.1427255358]","[-0.00105007411, 4.919642129e-05, 0.000823014675, -7.442882056e-05]","[0.001707921872, 0.002224650317, 0.002311695497, 0.003202288291]",0.0013371494789042868,0.005690637020522893,0.00018738471421504634,0.23332336494804687,0.3669935258707035,-0.0010500741099528697,0.0017079218720692608,0.55,-0.3491693796030286,4.91964212883506e-05,0.002224650316636452,-0.35,0.3945503901691626,0.000823014675047553,0.0023116954972178085,0.25,0.142725535817562,-7.442882055685056e-05,0.003202288291082828,0.15
884,"[0.3670460296, -0.3491718394, 0.3945092394, 0.1427292573]","[-0.001049808838, 4.918389183e-05, 0.0008228069433, -7.441010756e-05]","[0.001707916009, 0.002224648477, 0.002311677028, 0.00320223351]",0.0013368117971787902,0.005690290589329329,0.00018729034940979293,0.233256565022261,0.36704602957620114,-0.00104980883777004,0.0017079160092400864,0.55,-0.34917183942409297,4.91838918279569e-05,0.0022246484773945116,-0.35,0.3945092394354102,0.0008228069432700007,0.002311677027626791,0.25,0.14272925725858984,-7.441010756368387e-05,0.0032022335098308504,0.15
885,"[0.36709852, -0.3491742986, 0.3944680991, 0.1427329778]","[-0.001049543634, 4.917136765e-05, 0.0008225992619, -7.439139786e-05]","[0.001707910149, 0.002224646639, 0.002311658567, 0.003202178755]",0.0013364742007310542,0.005689944265304812,0.00018719603499976216,0.2331897819989005,0.3670985200180896,-0.0010495436341601242,0.0017079101492259298,0.55,-0.3491742986186844,4.9171367650848866e-05,0.002224646639186699,-0.35,0.3944680990882467,0.000822599261938224,0.0023116585668215483,0.25,0.14273297776396804,-7.439139786093539e-05,0.003202178754558177,0.15
886,"[0.3671509972, -0.3491767572, 0.3944269691, 0.1427366973]","[-0.001049278499, 4.915884871e-05, 0.0008223916311, -7.437269147e-05]","[0.001707904292, 0.002224644802, 0.002311640115, 0.003202124025]",0.0013361366895394517,0.005689598048430159,0.00018710177095900696,0.23312301587371073,0.36715099719979766,-0.001049278499077299,0.0017079042920254395,0.55,-0.3491767571870669,4.915884871366465e-05,0.0022246448020124426,-0.35,0.3944269691251498,0.0008223916310759478,0.002311640114797955,0.25,0.14273669733386107,-7.437269147291255e-05,0.003202124025252957,0.15
887,"[0.3672034611, -0.3491792151, 0.3943858495, 0.142740416]","[-0.001049013432, 4.914633497e-05, 0.0008221840507, -7.435398842e-05]","[0.001707898438, 0.002224642966, 0.002311621672, 0.003202069322]",0.0013357992635825164,0.005689251938685909,0.00018700755726158835,0.23305626664243806,0.3672034611247515,-0.0010490134324761125,0.0017078984376372665,0.55,-0.3491792151295026,4.91463349738187e-05,0.0022246429658711775,-0.35,0.394385849543596,0.0008221840507067061,0.0023116216715519085,0.25,0.14274041596843473,-7.43539884231598e-05,0.003202069321903435,0.15
888,"[0.3672559118, -0.3491816724, 0.3943447403, 0.1427441337]","[-0.001048748434, 4.913382639e-05, 0.0008219765209, -7.433528874e-05]","[0.001707892586, 0.002224641131, 0.002311603237, 0.003202014644]",0.0013354619228386649,0.005688905936052252,0.00018691339388157745,0.23298953430082983,0.3672559117963753,-0.001048748434311834,0.0017078925860600604,0.55,-0.3491816724462513,4.913382638962573e-05,0.002224641130762332,-0.35,0.39434474034106065,0.0008219765208528739,0.002311603237079282,0.25,0.14274413366785588,-7.433528873516448e-05,0.0032020146444977342,0.15
889,"[0.3673083492, -0.3491841291, 0.3943036415, 0.1427478504]","[-0.001048483505, 4.912132292e-05, 0.0008217690415, -7.431659243e-05]","[0.001707886737, 0.002224639297, 0.002311584811, 0.003201959993]",0.0013351246672863553,0.005688560040509183,0.00018681928079305457,0.23292281884463453,0.36730834921809086,-0.001048483504540083,0.0017078867372924715,0.55,-0.3491841291375708,4.912132292012056e-05,0.00222463929668534,-0.35,0.394303641515018,0.0008217690415364677,0.002311584811375964,0.25,0.14274785043229263,-7.43165924317e-05,0.0032019599930240596,0.15
890,"[0.3673607734, -0.3491865852, 0.3942625531, 0.1427515663]","[-0.001048218643, 4.910882453e-05, 0.0008215616128, -7.429789954e-05]","[0.001707880891, 0.002224637464, 0.002311566394, 0.003201905367]",0.001334787496904082,0.005688214252036362,0.00018672521797010851,0.2328561202696016,0.36736077339331785,-0.0010482186431169766,0.001707880891333152,0.55,-0.3491865852037168,4.910882452520152e-05,0.002224637463639636,-0.35,0.39426255306294117,0.0008215616127789046,0.0023115663944378454,0.25,0.1427515662619142,-7.429789953523043e-05,0.0032019053674706053,0.15
891,"[0.3674131843, -0.3491890406, 0.394221475, 0.1427552812]","[-0.00104795385, 4.909633117e-05, 0.0008213542346, -7.427921007e-05]","[0.001707875048, 0.002224635632, 0.002311547986, 0.003201850768]",0.001334450411670432,0.005687868570613211,0.00018663120538683887,0.23278943857148143,0.3674131843254737,-0.0010479538499991523,0.001707875048180752,0.55,-0.34918904064494305,4.909633116540495e-05,0.002224635631624658,-0.35,0.3942214749823022,0.0008213542346011257,0.0023115479862608297,0.25,0.14275528115689098,-7.427921006738662e-05,0.003201850767825641,0.15
892,"[0.367465582, -0.3491914955, 0.3941804073, 0.1427589951]","[-0.001047689125, 4.90838428e-05, 0.000821146907, -7.426052405e-05]","[0.001707869208, 0.002224633801, 0.002311529587, 0.003201796194]",0.0013341134115637157,0.005687522996218819,0.00018653724301735238,0.23272277374602565,0.3674655820179737,-0.0010476891251439077,0.0017078692078339218,0.55,-0.3491914954615013,4.9083842802211996e-05,0.0022246338006398354,-0.35,0.39418040727057213,0.0008211469070226842,0.0023115295868407736,0.25,0.14275899511739434,-7.426052405023838e-05,0.003201796194077235,0.15
893,"[0.3675179665, -0.3491939497, 0.3941393499, 0.1427627081]","[-0.001047424469, 4.90713594e-05, 0.0008209396301, -7.42418415e-05]","[0.00170786337, 0.002224631971, 0.002311511196, 0.003201741646]",0.0013337764965626708,0.0056871775288320735,0.00018644333083576832,0.2326561257889868,0.3675179664742309,-0.0010474244685086025,0.0017078633702913163,0.55,-0.3491939496536414,4.9071359397723704e-05,0.0022246319706846094,-0.35,0.394139349925221,0.0008209396300638204,0.002311511196173605,0.25,0.14276270814359684,-7.424184150464675e-05,0.003201741646213705,0.15
894,"[0.3675703377, -0.3491964032, 0.3940983029, 0.1427664202]","[-0.00104715988, 4.905888091e-05, 0.0008207324037, -7.422316245e-05]","[0.001707857536, 0.002224630142, 0.002311492814, 0.003201687124]",0.001333439666645642,0.005686832168431584,0.00018634946881621278,0.23258949469611856,0.36757033769765635,-0.0010471598800515314,0.0017078575355515845,0.55,-0.34919640322161133,4.9058880914698876e-05,0.002224630141758416,-0.35,0.3940983029437178,0.0008207324037429125,0.0023114928142551924,0.25,0.14276642023567207,-7.42231624513631e-05,0.0032016871242232185,0.15
895,"[0.3676226957, -0.3491988562, 0.3940572663, 0.1427701314]","[-0.00104689536, 4.904640732e-05, 0.0008205252281, -7.420448691e-05]","[0.001707851704, 0.002224628314, 0.002311474441, 0.003201632628]",0.0013331029217911227,0.005686486914995695,0.00018625565693282286,0.2325228804631755,0.3676226956916589,-0.001046895359731203,0.0017078517036133792,0.55,-0.34919885616565705,4.904640731691356e-05,0.0022246283138606876,-0.35,0.39405726632353066,0.0008205252280782475,0.002311474441081418,0.25,0.14277013139379463,-7.420448691114526e-05,0.0032016326280938975,0.15
896,"[0.3676750405, -0.3492013085, 0.3940162401, 0.1427738416]","[-0.001046630908, 4.903393857e-05, 0.0008203181031, -7.41858149e-05]","[0.001707845874, 0.002224626487, 0.002311456077, 0.003201578158]",0.0013327662619777344,0.005686141768502537,0.00018616189515974508,0.23245628308591335,0.36767504045964544,-0.0010466309075065935,0.0017078458744753538,0.55,-0.3492013084860229,4.903393856844252e-05,0.002224626486990869,-0.35,0.39401624006212677,0.0008203181030878152,0.002311456076648193,0.25,0.1427738416181402,-7.4185814903543e-05,0.0032015781578140557,0.15
897,"[0.367727372, -0.3492037602, 0.3939752242, 0.1427775509]","[-0.001046366523, 4.902147463e-05, 0.0008201110288, -7.416714645e-05]","[0.001707840048, 0.002224624661, 0.002311437721, 0.003201523713]",0.0013324296871838916,0.005685796728929961,0.00018606818347113662,0.2323897025600888,0.36772737200502076,-0.0010463665233371605,0.0017078400481361615,0.55,-0.3492037601829513,4.9021474634504805e-05,0.0022246246611483896,-0.35,0.3939752241569724,0.000820111028788511,0.0023114377209513784,0.25,0.14277755090888536,-7.41671464489187e-05,0.00320152371337173,0.15
898,"[0.3677796903, -0.3492062113, 0.3939342186, 0.1427812593]","[-0.001046102207, 4.900901548e-05, 0.0008199040052, -7.414848157e-05]","[0.001707834225, 0.002224622836, 0.002311419374, 0.003201469295]",0.0013320931973882211,0.005685451796255625,0.00018597452184116375,0.2323231388814596,0.3677796903311876,-0.0010461022071826562,0.0017078342245944553,0.55,-0.349206211256683,4.900901548050061e-05,0.0022246228363326987,-0.35,0.39393421860553296,0.0008199040051973601,0.0023114193739869064,0.25,0.1427812592662078,-7.41484815657667e-05,0.0032014692947553197,0.15
899,"[0.3678319954, -0.3492086617, 0.3938932234, 0.1427849667]","[-0.001045837959, 4.899656107e-05, 0.0008196970323, -7.412982027e-05]","[0.001707828404, 0.002224621013, 0.002311401036, 0.003201414902]",0.0013317567925691567,0.005685106970456935,0.00018588091024400178,0.2322565920457846,0.36783199544154677,-0.0010458379590036183,0.0017078284038488875,0.55,-0.349208661707457,4.8996561072873935e-05,0.0022246210125432286,-0.35,0.3938932234052731,0.0008196970323299167,0.002311401035750632,0.25,0.1427849666902861,-7.412982027358284e-05,0.0032014149019528623,0.15
900,"[0.3678842873, -0.3492111115, 0.3938522386, 0.1427886732]","[-0.001045573779, 4.898411138e-05, 0.0008194901102, -7.411116259e-05]","[0.001707822586, 0.00222461919, 0.002311382706, 0.003201360535]",0.0013314204727053393,0.0056847622515110345,0.0001857873486538372,0.23219006204882361,0.36788428733949696,-0.0010455737787604881,0.001707822585898115,0.55,-0.34921111153551065,4.8984111378488135e-05,0.002224619189779424,-0.35,0.3938522385536566,0.000819490110202283,0.002311382706238478,0.25,0.14278867318129976,-7.411116259061969e-05,0.0032013605349526836,0.15
901,"[0.367936566, -0.3492135607, 0.393811264, 0.1427923787]","[-0.001045309666, 4.897166637e-05, 0.0008192832388, -7.409250854e-05]","[0.001707816771, 0.002224617368, 0.002311364385, 0.003201306194]",0.001331084237775292,0.005684417639394932,0.00018569383704486686,0.23212354888633757,0.367936566028435,-0.0010453096664145467,0.0017078167707407907,0.55,-0.34921356074107957,4.897166636500959e-05,0.0022246173680407245,-0.35,0.3938112640481465,0.0008192832388292402,0.0023113643854463265,0.25,0.1427923787394293,-7.409250853523514e-05,0.0032013061937429346,0.15
902,"[0.3679888315, -0.3492160093, 0.3937702999, 0.1427960834]","[-0.001045045622, 4.8959226e-05, 0.0008190764182, -7.407385813e-05]","[0.001707810958, 0.002224615547, 0.002311346073, 0.003201251878]",0.0013307480877575236,0.005684073134085335,0.00018560037539129708,0.23205705255408837,0.3679888315117557,-0.0010450456219273391,0.0017078109583755683,0.55,-0.34921600932439784,4.8959226000647446e-05,0.002224615547326571,-0.35,0.39377029988620504,0.0008190764182252037,0.0023113460733700645,0.25,0.14279608336485605,-7.407385812549325e-05,0.003201251878311792,0.15
903,"[0.3680410838, -0.3492184573, 0.3937293461, 0.1427997871]","[-0.001044781645, 4.894679025e-05, 0.0008188696484, -7.405521138e-05]","[0.001707805149, 0.002224613728, 0.00231132777, 0.003201197589]",0.0013304120226305483,0.005683728735558796,0.00018550696366734495,0.23199057304783902,0.36804108379285205,-0.001044781645260783,0.001707805148801104,0.55,-0.3492184572856979,4.894679025422416e-05,0.0022246137276364032,-0.35,0.3937293460652938,0.000818869648404139,0.0023113277700055872,0.25,0.14279978705776233,-7.405521137886764e-05,0.0032011975886474704,0.15
904,"[0.3680933229, -0.3492209046, 0.3936884026, 0.1428034898]","[-0.001044517736, 4.89343591e-05, 0.0008186629294, -7.403656831e-05]","[0.001707799342, 0.002224611909, 0.002311309475, 0.003201143325]",0.0013300760423730087,0.005683384443791615,0.0001854136018472361,0.2319241103633535,0.3680933228751151,-0.0010445177363772016,0.001707799342016052,0.55,-0.3492209046252106,4.89343590950985e-05,0.0022246119089696682,-0.35,0.3936884025828736,0.0008186629293797067,0.002311309475348798,0.25,0.14280348981833127,-7.403656831243127e-05,0.0032011433247382216,0.15
905,"[0.3681455488, -0.3492233513, 0.3936474694, 0.1428071916]","[-0.001044253895, 4.892193249e-05, 0.0008184562612, -7.401792894e-05]","[0.001707793538, 0.002224610091, 0.002311291189, 0.003201089087]",0.0013297401469635109,0.005683040258759936,0.00018532028990520747,0.2318576644963969,0.36814554876193395,-0.0010442538952391864,0.0017077935380190713,0.55,-0.34922335134316534,4.892193249335955e-05,0.002224610091325809,-0.35,0.3936474694364046,0.000818456261165131,0.002311291189395603,0.25,0.14280719164674688,-7.401792894316601e-05,0.0032010890865722583,0.15
906,"[0.3681977615, -0.3492257974, 0.3936065466, 0.1428108925]","[-0.001043990122, 4.890951042e-05, 0.0008182496438, -7.399929329e-05]","[0.001707787737, 0.002224608275, 0.002311272912, 0.003201034874]",0.0013294043363804504,0.005682696180439699,0.0001852270278155087,0.23179123544273533,0.3681977614566959,-0.001043990121809998,0.0017077877368088137,0.55,-0.34922579743979,4.890951041961596e-05,0.002224608274704264,-0.35,0.3936065466233464,0.0008182496437724246,0.0023112729121418677,0.25,0.14281089254319404,-7.399929328787305e-05,0.003201034874137697,0.15
907,"[0.368249961, -0.3492282429, 0.3935656341, 0.1428145925]","[-0.001043726416, 4.889709284e-05, 0.0008180430772, -7.398066136e-05]","[0.001707781938, 0.002224606459, 0.002311254644, 0.003200980687]",0.001329068610602539,0.005682352208806606,0.00018513381555239643,0.2317248231981359,0.3682499609627864,-0.0010437264160530167,0.0017077819383839383,0.55,-0.34922824291531096,4.8897092844966066e-05,0.0022246064591044815,-0.35,0.39356563414115775,0.000818043077213992,0.0023112546435835107,0.25,0.14281459250785844,-7.398066136269866e-05,0.0032009806874228187,0.15
908,"[0.3683021473, -0.3492306878, 0.393524732, 0.1428182915]","[-0.001043462778, 4.888467974e-05, 0.0008178365615, -7.396203318e-05]","[0.001707776143, 0.002224604645, 0.002311236384, 0.003200926526]",0.0013287329696084068,0.00568200834383621,0.00018504065309013856,0.23165842775836681,0.36830214728358907,-0.0010434627779319016,0.001707776142743103,0.55,-0.3492306877699532,4.888467974113591e-05,0.002224604644525909,-0.35,0.39352473198729704,0.0008178365615017318,0.0023112363837164444,0.25,0.14281829154092657,-7.39620331835559e-05,0.0032009265264158846,0.15
909,"[0.3683543204, -0.349233132, 0.3934838402, 0.1428219896]","[-0.001043199207, 4.887227108e-05, 0.0008176300966, -7.394340877e-05]","[0.00170777035, 0.002224602831, 0.002311218133, 0.003200872391]",0.00132839741337655,0.005681664585503879,0.00018494754040301417,0.2315920491191973,0.36835432042248567,-0.001043199207410983,0.001707770349884963,0.55,-0.34923313200394024,4.887227108029191e-05,0.00222460283096799,-0.35,0.39348384015922194,0.0008176300966464742,0.0023112181325365536,0.25,0.14282198964258574,-7.394340876600927e-05,0.0032008723911050876,0.15
910,"[0.3684064804, -0.3492355756, 0.3934429587, 0.1428256868]","[-0.001042935704, 4.885986684e-05, 0.0008174236827, -7.392478813e-05]","[0.00170776456, 0.002224601018, 0.00231119989, 0.003200818281]",0.0013280619418855975,0.005681320933784761,0.00018485447746531308,0.23152568727639772,0.3684064803828562,-0.0010429357044547207,0.0017077645598081782,0.55,-0.34923557561749424,4.885986683538121e-05,0.0022246010184301685,-0.35,0.3934429586543896,0.0008174236826590362,0.002311199890039736,0.25,0.14282568681302404,-7.39247881258233e-05,0.0032008182814785863,0.15
911,"[0.3684586272, -0.3492380186, 0.3934020875, 0.1428293831]","[-0.001042672269, 4.884746698e-05, 0.0008172173195, -7.390617128e-05]","[0.001707758773, 0.002224599207, 0.002311181656, 0.003200764198]",0.0013277265551141653,0.005680977388653894,0.00018476146425133518,0.23145934222573933,0.368458627168079,-0.0010426722690279322,0.0017077587725114053,0.55,-0.34923801861083603,4.8847466979545305e-05,0.0022245992069118946,-0.35,0.3934020874702567,0.0008172173195498349,0.002311181656221905,0.25,0.14282938305243034,-7.390617127775536e-05,0.0032007641975246946,0.15
912,"[0.3685107608, -0.349240461, 0.3933612266, 0.1428330784]","[-0.001042408901, 4.883507149e-05, 0.0008170110073, -7.388755824e-05]","[0.001707752988, 0.002224597396, 0.002311163431, 0.003200710139]",0.001327391253040679,0.005680633950086067,0.0001846685007353917,0.23139301396299453,0.3685107607815304,-0.001042408901096012,0.0017077529879933016,0.55,-0.349240460984185,4.8835071486788266e-05,0.0022245973964126068,-0.35,0.3933612266042792,0.0008170110073281443,0.0023111634310789236,0.25,0.14283307836099424,-7.388755823709456e-05,0.003200710139231458,0.15
913,"[0.3685628812, -0.3492429027, 0.3933203761, 0.1428367727]","[-0.001042145601, 4.882268033e-05, 0.000816804746, -7.386894902e-05]","[0.001707747206, 0.002224595587, 0.002311145215, 0.003200656107]",0.00132705603564403,0.005680290618055964,0.00018457558689180385,0.23132670248393677,0.3685628812265852,-0.0010421456006242265,0.0017077472062525284,0.55,-0.3492429027377593,4.882268033124491e-05,0.0022245955869317634,-0.35,0.3933203760539128,0.0008168047460042718,0.0023111452146067483,0.25,0.1428367727389061,-7.386894901776295e-05,0.0032006561065873085,0.15
914,"[0.3686149885, -0.3492453439, 0.3932795358, 0.1428404662]","[-0.001041882368, 4.881029349e-05, 0.0008165985356, -7.385034363e-05]","[0.001707741427, 0.002224593778, 0.002311127007, 0.0032006021]",0.0013267209029026708,0.0056799473925380276,0.00018448272269490246,0.23126040778434048,0.3686149885066164,-0.0010418823675785434,0.001707741427287745,0.55,-0.34924534387177586,4.881029348783773e-05,0.0022245937784688085,-0.35,0.39327953581661257,0.000816598535586804,0.002311127006801254,0.25,0.14284046618635698,-7.385034363443903e-05,0.003200602099580363,0.15
915,"[0.3686670826, -0.3492477844, 0.3932387059, 0.1428441587]","[-0.001041619202, 4.879791093e-05, 0.0008163923761, -7.38317421e-05]","[0.001707735651, 0.002224591971, 0.002311108808, 0.003200548118]",0.0013263858547952034,0.005679604273506626,0.0001843899081190322,0.2311941298599812,0.3686670826249953,-0.001041619201925199,0.001707735651097609,0.55,-0.34924778438645027,4.8797910931830666e-05,0.002224591971023188,-0.35,0.39323870588983323,0.000816392376084271,0.002311108807658341,0.25,0.1428441587035387,-7.38317421010858e-05,0.0032005481181988397,0.15
916,"[0.3687191636, -0.3492502243, 0.3931978863, 0.1428478503]","[-0.001041356104, 4.878553264e-05, 0.0008161862675, -7.381314443e-05]","[0.001707729878, 0.002224590165, 0.002311090617, 0.003200494162]",0.001326050891300379,0.005679261260935938,0.00018429714313854633,0.2311278687066355,0.36871916358509155,-0.0010413561036304768,0.0017077298776807836,0.55,-0.34925022428199687,4.87855326389457e-05,0.0022245901645943558,-0.35,0.39319788627102903,0.0008161862675054044,0.002311090617173939,0.25,0.14284785029064376,-7.381314443113782e-05,0.0032004941624310533,0.15
917,"[0.3687712314, -0.3492526636, 0.393157077, 0.1428515409]","[-0.001041093073, 4.877315859e-05, 0.0008159802099, -7.379455064e-05]","[0.001707724107, 0.002224588359, 0.002311072435, 0.003200440232]",0.0013257160123966265,0.005678918354799963,0.00018420442772780973,0.23106162432008093,0.36877123139027307,-0.0010410930726614317,0.0017077241070359267,0.55,-0.34925266355862883,4.877315858553489e-05,0.0022245883591817542,-0.35,0.3931570769576538,0.0008159802098573387,0.0023110724353439154,0.25,0.1428515409478653,-7.37945506386145e-05,0.0032004402322650866,0.15
918,"[0.368823286, -0.3492551022, 0.3931162779, 0.1428552307]","[-0.001040830109, 4.876078875e-05, 0.0008157742031, -7.377596074e-05]","[0.001707718339, 0.002224586555, 0.002311054262, 0.003200386328]",0.0013253812180628638,0.00567857555507255,0.0001841117618611972,0.2309953966960962,0.36882328604390613,-0.0010408301089848686,0.0017077183391617009,0.55,-0.3492551022165581,4.8760788748061304e-05,0.0022245865547848467,-0.35,0.3931162779471609,0.0008157742031484663,0.002311054262164236,0.25,0.14285523067539724,-7.377596073585741e-05,0.003200386327689423,0.15
919,"[0.3688753275, -0.3492575403, 0.3930754892, 0.1428589195]","[-0.001040567213, 4.87484231e-05, 0.0008155682474, -7.375737474e-05]","[0.001707712574, 0.002224584751, 0.002311036098, 0.003200332449]",0.0013250465082774439,0.005678232861727419,0.00018401914551309655,0.23092918583046101,0.36887532754935537,-0.0010405672125683872,0.0017077125740567682,0.55,-0.3492575402559955,4.8748423103975915e-05,0.002224584751403068,-0.35,0.3930754892370035,0.0008155682473850341,0.0023110360976307453,0.25,0.14285891947343404,-7.375737473691766e-05,0.003200332448691994,0.15
920,"[0.3689273559, -0.3492599777, 0.3930347108, 0.1428626073]","[-0.001040304383, 4.873606163e-05, 0.0008153623426, -7.373879265e-05]","[0.001707706812, 0.002224582949, 0.002311017942, 0.003200278595]",0.001324711883019194,0.0056778902747381356,0.00018392657865790423,0.23086299171895608,0.36892735590998377,-0.0010403043833795993,0.0017077068117197893,0.55,-0.34925997767715067,4.873606163058284e-05,0.0022245829490358795,-0.35,0.3930347108246342,0.0008153623425742455,0.0023110179417393933,0.25,0.14286260734217088,-7.373879265372391e-05,0.0032002785952612474,0.15
921,"[0.3689793711, -0.3492624145, 0.3929939427, 0.1428662943]","[-0.001040041621, 4.872370431e-05, 0.0008151564887, -7.37202145e-05]","[0.001707701052, 0.002224581148, 0.002310999794, 0.003200224767]",0.001324377342266739,0.005677547794078152,0.00018383406127002967,0.23079681435736324,0.36897937112915274,-0.001040041621386421,0.0017077010521494272,0.55,-0.3492624144802322,4.872370430591783e-05,0.002224581147682732,-0.35,0.3929939427075055,0.0008151564887224817,0.0023109997944860882,0.25,0.14286629428180356,-7.372021449887552e-05,0.003200224767385408,0.15
922,"[0.3690313732, -0.3492648507, 0.3929531849, 0.1428699803]","[-0.001039778927, 4.871135111e-05, 0.0008149506858, -7.370164028e-05]","[0.001707695295, 0.002224579347, 0.002310981656, 0.003200170965]",0.0013240428859986968,0.005677205419720744,0.00018374159332389155,0.23073065374146537,0.36903137321022206,-0.001039778926557131,0.0017076952953443449,0.55,-0.3492648506654475,4.8711351108487474e-05,0.0022245793473430757,-0.35,0.39295318488306935,0.0008149506858356344,0.0023109816558667287,0.25,0.1428699802925285,-7.370164028482262e-05,0.0032001709650526533,0.15
923,"[0.3690833622, -0.3492672862, 0.3929124373, 0.1428736654]","[-0.001039516299, 4.869900202e-05, 0.0008147449339, -7.368307002e-05]","[0.001707689541, 0.002224577548, 0.002310963526, 0.003200117188]",0.0013237085141937746,0.0056768631516390475,0.00018364917479392237,0.2306645098670463,0.3690833621565499,-0.0010395162988602676,0.0017076895413032055,0.55,-0.3492672862330029,4.869900201707666e-05,0.0022245775480163633,-0.35,0.39291243734877757,0.0008147449339194454,0.0023109635258772346,0.25,0.14287366537454274,-7.36830700234485e-05,0.003200117188251262,0.15
924,"[0.369135338, -0.3492697212, 0.3928717001, 0.1428773495]","[-0.001039253738, 4.868665701e-05, 0.000814539233, -7.366450373e-05]","[0.00170768379, 0.00222457575, 0.002310945405, 0.003200063437]",0.0013233742268305634,0.005676520989806119,0.0001835568056545635,0.23059838272989103,0.36913533797149295,-0.0010392537382646532,0.0017076837900246726,0.55,-0.34926972118310373,4.868665701092595e-05,0.0022245757497020464,-0.35,0.3928717001020816,0.0008145392329790823,0.00231094540451351,0.25,0.1428773495280439,-7.366450372658657e-05,0.003200063436969459,0.15
925,"[0.3691873007, -0.3492721555, 0.3928309731, 0.1428810328]","[-0.001038991245, 4.867431607e-05, 0.000814333583, -7.364594141e-05]","[0.001707678042, 0.002224573952, 0.002310927292, 0.003200009711]",0.0013230400238878467,0.005676178934194799,0.00018346448588026724,0.23053227232578558,0.36918730065840616,-0.001038991244739242,0.0017076780415074115,0.55,-0.34927215551595425,4.867431606960238e-05,0.0022245739523995825,-0.35,0.39283097314043264,0.0008143335830198779,0.0023109272917714893,0.25,0.14288103275323022,-7.364594140560874e-05,0.003200009711195556,0.15
926,"[0.3692392502, -0.3492745892, 0.3927902565, 0.1428847151]","[-0.001038728818, 4.866197917e-05, 0.000814127984, -7.362738307e-05]","[0.001707672296, 0.002224572156, 0.002310909188, 0.003199956011]",0.0013227059053442165,0.005675836984777903,0.00018337221544549898,0.23046617865051688,0.36923925022064313,-0.0010387288182534928,0.0017076722957500845,0.55,-0.34927458923175775,4.866197917320537e-05,0.0022245721561084215,-0.35,0.39279025646128163,0.0008141279840461592,0.0023109091876470653,0.25,0.1428847150503005,-7.362738307212336e-05,0.0031999560109177293,0.15
927,"[0.3692911867, -0.3492770223, 0.3927495501, 0.1428883964]","[-0.001038466459, 4.86496463e-05, 0.0008139224361, -7.360882874e-05]","[0.001707666553, 0.002224570361, 0.002310891092, 0.003199902336]",0.001322371871178486,0.005675495141528051,0.00018327999432473396,0.23040010169987318,0.3692911866615558,-0.00103846645877673,0.001707666552751361,0.55,-0.3492770223307164,4.864964630200495e-05,0.002224570360828026,-0.35,0.39274955006207934,0.0008139224360628612,0.0023108910921361926,0.25,0.1428883964194541,-7.36088287367487e-05,0.003199902336124381,0.15
928,"[0.36934311, -0.3492794548, 0.3927088539, 0.1428920769]","[-0.001038204166, 4.863731744e-05, 0.0008137169391, -7.359027841e-05]","[0.001707660813, 0.002224568567, 0.002310873005, 0.003199848687]",0.001322037921369117,0.005675153404417757,0.00018318782249245955,0.2303340414696435,0.36934310998449466,-0.0010382041662791532,0.0017076608125099009,0.55,-0.34927945481303146,4.863731743698205e-05,0.0022245685665578372,-0.35,0.3927088539402762,0.000813716939073096,0.0023108730052347325,0.25,0.14289207686089095,-7.359027841114102e-05,0.0031998486868035367,0.15
929,"[0.3693950202, -0.3492818867, 0.3926681681, 0.1428957564]","[-0.001037941941, 4.862499256e-05, 0.0008135114931, -7.357173211e-05]","[0.001707655075, 0.002224566773, 0.002310854927, 0.003199795063]",0.0013217040558950513,0.005674811773419418,0.00018309569992317355,0.23026799795561806,0.3693950201928086,-0.001037941940730568,0.001707655075024374,0.55,-0.3492818866789033,4.8624992559016233e-05,0.002224566773297324,-0.35,0.39266816809332256,0.0008135114930814247,0.0023108549269386584,0.25,0.1428957563748115,-7.35717321051886e-05,0.003199795062943694,0.15
930,"[0.3694469173, -0.3492843179, 0.3926274925, 0.142899435]","[-0.001037679782, 4.861267165e-05, 0.0008133060981, -7.355318983e-05]","[0.00170764934, 0.002224564981, 0.002310836857, 0.003199741465]",0.0013213702747348608,0.005674470248505315,0.00018300362659138565,0.23020197115358815,0.36944691728984513,-0.0010376797821013627,0.0017076493402934467,0.55,-0.34928431792853126,4.861267164971271e-05,0.0022245649810459373,-0.35,0.39262749251866846,0.0008133060980909329,0.002310836857243867,0.25,0.14289943496141677,-7.355318982973325e-05,0.0031997414645330174,0.15
931,"[0.3694988013, -0.3492867486, 0.3925868272, 0.1429031126]","[-0.00103741769, 4.860035469e-05, 0.0008131007541, -7.35346516e-05]","[0.001707643608, 0.00222456319, 0.002310818796, 0.003199687892]",0.0013210365778672814,0.005674128829647637,0.0001829116024716181,0.23013596105934608,0.3694988012789502,-0.001037417690362071,0.0017076436083157858,0.55,-0.3492867485621137,4.8600354691006216e-05,0.002224563189803131,-0.35,0.3925868272137639,0.0008131007541048032,0.00231081879614628,0.25,0.14290311262090827,-7.353465159523596e-05,0.0031996878915597536,0.15
932,"[0.3695506722, -0.3492891786, 0.3925461722, 0.1429067894]","[-0.001037155665, 4.858804166e-05, 0.0008128954611, -7.351611741e-05]","[0.001707637879, 0.0022245614, 0.002310800744, 0.003199634344]",0.001320702965270938,0.005673787516818426,0.00018281962753840167,0.23006996766868515,0.36955067216346826,-0.0010371556654835872,0.0017076378790900574,0.55,-0.34928917857984826,4.858804166496771e-05,0.0022245613995683627,-0.35,0.3925461721760587,0.0008128954611256251,0.0023108007436418135,0.25,0.14290678935348802,-7.351611741153594e-05,0.0031996343440121766,0.15
933,"[0.3696025299, -0.349291608, 0.3925055274, 0.1429104652]","[-0.001036893707, 4.857573255e-05, 0.0008126902192, -7.349758729e-05]","[0.001707632153, 0.00222455961, 0.0023107827, 0.003199580822]",0.0013203694369246614,0.005673446309989655,0.00018272770176628092,0.23000399097739976,0.3696025299467424,-0.00103689370743685,0.0017076321526149306,0.55,-0.3492916079819315,4.857573255416694e-05,0.002224559610341091,-0.35,0.39250552740300243,0.0008126902191562261,0.0023107826997264005,0.25,0.1429104651593586,-7.349758728858121e-05,0.0031995808218785826,0.15
934,"[0.3696543746, -0.3492940368, 0.3924648929, 0.14291414]","[-0.001036631816, 4.856342734e-05, 0.0008124850282, -7.347906124e-05]","[0.001707626429, 0.002224557822, 0.002310764664, 0.003199527325]",0.001320035992807189,0.005673105209133167,0.0001826358251298116,0.22993803098128532,0.36965437463211426,-0.001036631816193018,0.001707626428889075,0.55,-0.3492940367685592,4.856342734137424e-05,0.002224557822120778,-0.35,0.3924648928920446,0.0008124850281990341,0.002310764664395984,0.25,0.14291414003872302,-7.347906123583393e-05,0.003199527325147327,0.15
935,"[0.3697062062, -0.3492964649, 0.3924242686, 0.142917814]","[-0.001036369992, 4.855112601e-05, 0.0008122798883, -7.346053926e-05]","[0.001707620708, 0.002224556035, 0.002310746638, 0.003199473854]",0.0013197026328971636,0.0056727642142206875,0.00018254399760356046,0.2298720876761384,0.3697062062229239,-0.001036369991723761,0.0017076207079111572,0.55,-0.3492964649399263,4.8551126009893366e-05,0.0022245560349068738,-0.35,0.3924242686406347,0.0008122798882556017,0.0023107466376464593,0.25,0.1429178139917848,-7.346053926316928e-05,0.003199473853806556,0.15
936,"[0.3697580247, -0.3492988925, 0.3923836546, 0.142921487]","[-0.001036108234, 4.853882854e-05, 0.0008120747993, -7.344202138e-05]","[0.00170761499, 0.002224554249, 0.002310728619, 0.003199420408]",0.0013193693571733952,0.0056724233252239,0.00018245221916210583,0.22980616105775642,0.36975802472251007,-0.001036108234000616,0.0017076149896798488,0.55,-0.34929889249622675,4.853882854317603e-05,0.0022245542486988425,-0.35,0.3923836546462219,0.0008120747993279869,0.0023107286194737763,0.25,0.14292148701874796,-7.344202137964971e-05,0.0031994204078446406,0.15
937,"[0.3698098301, -0.3493013194, 0.3923430509, 0.1429251591]","[-0.001035846543, 4.852653492e-05, 0.0008118697614, -7.342350759e-05]","[0.001707609274, 0.002224552463, 0.00231071061, 0.003199366987]",0.0013190361656145767,0.005672082542114319,0.00018236048978003707,0.2297402511219381,0.3698098301342101,-0.001035846542995518,0.0017076092741938184,0.55,-0.3493013194376539,4.8526534924987805e-05,0.002224552463496142,-0.35,0.3923430509062555,0.0008118697614175224,0.002310710609873856,0.25,0.14292515911981693,-7.342350759442554e-05,0.0031993669872498556,0.15
938,"[0.3698616225, -0.3493037458, 0.3923024574, 0.1429288303]","[-0.001035584919, 4.851424514e-05, 0.0008116647745, -7.340499792e-05]","[0.001707603561, 0.002224550679, 0.002310692609, 0.003199313592]",0.0013187030581994518,0.0056717418648634015,0.0001822688094319567,0.22967435786448304,0.3698616224613599,-0.001035584918680637,0.0017076035614517367,0.55,-0.34930374576440015,4.8514245139502085e-05,0.0022245506792982297,-0.35,0.3923024574181846,0.0008116647745253136,0.0023106926088426283,0.25,0.14292883029519665,-7.340499791650081e-05,0.0031993135920104715,0.15
939,"[0.3699134017, -0.3493061715, 0.3922618742, 0.1429325005]","[-0.001035323361, 4.850195917e-05, 0.0008114598387, -7.338649235e-05]","[0.001707597851, 0.002224548896, 0.002310674616, 0.003199260222]",0.0013183700349067632,0.005671401293442525,0.00018217717809247737,0.22960848128119193,0.3699134017072939,-0.0010353233610282554,0.0017075978514522745,0.55,-0.3493061714766571,4.850195917116047e-05,0.002224548896104567,-0.35,0.39226187417945835,0.000811459838652317,0.002310674616376021,0.25,0.1429325005450925,-7.338649235473285e-05,0.003199260222114768,0.15
940,"[0.3699651679, -0.3493085966, 0.3922213012, 0.1429361699]","[-0.00103506187, 4.8489677e-05, 0.0008112549538, -7.336799092e-05]","[0.001707592144, 0.002224547114, 0.002310656632, 0.003199206878]",0.0013180370957153117,0.005671060827822923,0.00018208559573622328,0.22954262136786652,0.36996516787534534,-0.0010350618700108517,0.0017075921441941043,0.55,-0.34930859657461566,4.84896770045715e-05,0.002224547113914616,-0.35,0.39222130118752574,0.0008112549537993665,0.0023106566324699795,0.25,0.14293616986971022,-7.336799091751585e-05,0.003199206877551102,0.15
941,"[0.370016921, -0.3493110211, 0.3921807384, 0.1429398383]","[-0.001034800446, 4.847739862e-05, 0.00081105012, -7.334949361e-05]","[0.00170758644, 0.002224545333, 0.002310638657, 0.003199153558]",0.0013177042406038112,0.005670720467975775,0.00018199406233783237,0.22947677812030962,0.37001692096884586,-0.0010348004456011968,0.001707586439675898,0.55,-0.3493110210584659,4.847739862480491e-05,0.002224545332727836,-0.35,0.39218073843983575,0.0008110501199667327,0.0023106386571204295,0.25,0.1429398382692561,-7.33494936134636e-05,0.003199153558307727,0.15
942,"[0.370068661, -0.3493134449, 0.3921401859, 0.1429435057]","[-0.001034539088, 4.846512402e-05, 0.0008108453372, -7.333100045e-05]","[0.001707580738, 0.002224543553, 0.00231062069, 0.003199100264]",0.0013173714695510596,0.005670380213872178,0.0001819025778719517,0.22941095153432509,0.3700686609911259,-0.001034539087772243,0.0017075807378963256,0.55,-0.34931344492839717,4.846512401712393e-05,0.0022245435525436864,-0.35,0.3921401859338374,0.0008108453371546199,0.0023106206903233057,0.25,0.14294350574393677,-7.333100045076098e-05,0.0031991002643729574,0.15
943,"[0.3701203879, -0.3493158682, 0.3920996437, 0.1429471723]","[-0.001034277796, 4.845285317e-05, 0.0008106406054, -7.331251144e-05]","[0.001707575039, 0.002224541773, 0.002310602732, 0.003199046996]",0.0013170387825358202,0.0056700400654831305,0.0001818111423132409,0.22934514160571784,0.3701203879455145,-0.0010342777964970375,0.0017075750388540632,0.55,-0.34931586818459803,4.8452853167066986e-05,0.0022245417733616317,-0.35,0.3920996436669797,0.0008106406053630511,0.0023106027320745517,0.25,0.1429471722939593,-7.331251143744195e-05,0.0031990469957351195,0.15
944,"[0.3701721018, -0.3493182908, 0.3920591116, 0.1429508379]","[-0.001034016572, 4.844058606e-05, 0.0008104359246, -7.329402658e-05]","[0.001707569343, 0.002224539995, 0.002310584782, 0.003198993752]",0.0013167061795368734,0.005669700022779556,0.00018171975563637186,0.22927934833029376,0.37017210183533933,-0.0010340165717488833,0.001707569342547782,0.55,-0.3493182908272564,4.844058606047832e-05,0.0022245399951811335,-0.35,0.39205911163671153,0.0008104359245917344,0.0023105847823701037,0.25,0.1429508379195312,-7.329402658152652e-05,0.0031989937523825168,0.15
945,"[0.3702238027, -0.3493207129, 0.3920185898, 0.1429545026]","[-0.001033755414, 4.842832268e-05, 0.0008102312948, -7.327554589e-05]","[0.001707563649, 0.002224538218, 0.002310566841, 0.003198940534]",0.001316373660532963,0.005669360085732276,0.00018162841781602812,0.22921357170385984,0.3702238026639268,-0.0010337554135013034,0.0017075636489761578,0.55,-0.3493207128565594,4.842832268349929e-05,0.0022245382180016513,-0.35,0.39201858984048193,0.0008102312948400322,0.002310566841205894,0.25,0.14295450262086026,-7.327554589089826e-05,0.0031989405343034296,0.15
946,"[0.3702754904, -0.3493231343, 0.3919780783, 0.1429581664]","[-0.001033494322, 4.841606302e-05, 0.0008100267161, -7.325706937e-05]","[0.001707557958, 0.002224536442, 0.002310548909, 0.003198887341]",0.0013160412255029564,0.005669020254312064,0.00018153712882690328,0.22914781172222423,0.37027549043460184,-0.0010334943217278922,0.0017075579581378646,0.55,-0.34932313427269357,4.841606302243744e-05,0.002224536441822652,-0.35,0.39197807827573994,0.0008100267161074513,0.002310548908577877,0.25,0.1429581663981548,-7.325706937294822e-05,0.0031988873414862313,0.15
947,"[0.3703271652, -0.3493255551, 0.3919375769, 0.1429618293]","[-0.001033233296, 4.840380706e-05, 0.0008098221884, -7.323859704e-05]","[0.00170755227, 0.002224534667, 0.002310530984, 0.003198834174]",0.001315708874425647,0.005668680528489596,0.00018144588864370582,0.22908206838119596,0.37032716515068825,-0.0010332332964025175,0.0017075522700315767,0.55,-0.3493255550758447,4.840380706384128e-05,0.0022245346666435986,-0.35,0.3919375769399346,0.0008098221883930135,0.0023105309844819967,0.25,0.14296182925162346,-7.323859703508464e-05,0.0031988341739192573,0.15
948,"[0.3703788268, -0.3493279753, 0.3918970858, 0.1429654912]","[-0.001032972337, 4.839155479e-05, 0.0008096177117, -7.322012889e-05]","[0.001707546585, 0.002224532892, 0.002310513069, 0.003198781032]",0.0013153766072796053,0.005668340908235451,0.00018135469724115346,0.22901634167658516,0.3703788268155084,-0.0010329723374994065,0.0017075465846559687,0.55,-0.34932797526619785,4.839155479476963e-05,0.0022245328924639465,-0.35,0.3918970858305149,0.0008096177116948324,0.0023105130689141527,0.25,0.14296549118147522,-7.322012888533686e-05,0.0031987810315906523,0.15
949,"[0.3704304754, -0.3493303948, 0.3918566049, 0.1429691522]","[-0.001032711445, 4.83793062e-05, 0.000809413286, -7.320166493e-05]","[0.001707540902, 0.002224531119, 0.002310495162, 0.003198727914]",0.001315044424043912,0.0056680013935202075,0.0001812635545939777,0.22895063160420318,0.37043047543238333,-0.0010327114449924703,0.001707540902009719,0.55,-0.3493303948439376,4.8379306202171554e-05,0.0022245311192831694,-0.35,0.3918566049449302,0.0008094132860124065,0.0023104951618703423,0.25,0.1429691521879195,-7.320166493012709e-05,0.003198727914488939,0.15
950,"[0.370482111, -0.3493328138, 0.3918161343, 0.1429728123]","[-0.001032450619, 4.836706127e-05, 0.0008092089113, -7.318320518e-05]","[0.001707535222, 0.002224529347, 0.002310477263, 0.003198674823]",0.0013147123246973452,0.005667661984314289,0.0001811724606769188,0.2288849381598621,0.37048211100463296,-0.001032450618856125,0.0017075352220915043,0.55,-0.3493328138092477,4.83670612733847e-05,0.0022245293471007312,-0.35,0.39181613428062956,0.0008092089113440091,0.0023104772633465082,0.25,0.142972812271166,-7.318320517661321e-05,0.003198674822602448,0.15
951,"[0.3705337335, -0.3493352322, 0.3917756738, 0.1429764714]","[-0.001032189859, 4.835482e-05, 0.0008090045877, -7.316474963e-05]","[0.001707529545, 0.002224527576, 0.002310459373, 0.003198621756]",0.001314380309218576,0.005667322680588073,0.0001810814154647317,0.22881926133937527,0.3705337335355758,-0.0010321898590650172,0.0017075295448999992,0.55,-0.3493352321623114,4.8354819996029206e-05,0.0022245275759160926,-0.35,0.39177567383506234,0.0008090045876874376,0.002310459373338574,0.25,0.14297647143142483,-7.316474963184097e-05,0.003198621755919426,0.15
952,"[0.370585343, -0.3493376499, 0.3917352236, 0.1429801297]","[-0.001031929166, 4.834258236e-05, 0.000808800315, -7.31462983e-05]","[0.00170752387, 0.002224525806, 0.002310441492, 0.003198568714]",0.0013140483775865278,0.005666983482311894,0.00018099041893218363,0.22875360113855717,0.370585343028529,-0.00103192916559378,0.0017075238704338826,0.55,-0.3493376499033112,4.834258235794484e-05,0.002224525805728721,-0.35,0.391735223605678,0.0008088003150409353,0.002310441491842503,0.25,0.1429801296689064,-7.314629830251143e-05,0.003198568714428255,0.15
953,"[0.3706369395, -0.349340067, 0.3916947836, 0.142983787]","[-0.001031668538, 4.833034835e-05, 0.0008085960934, -7.31278512e-05]","[0.001707518199, 0.002224524037, 0.002310423619, 0.003198515698]",0.0013137165297800717,0.005666644389455994,0.00018089947105405082,0.22868795755322308,0.3706369394868087,-0.0010316685384171612,0.0017075181986918352,0.55,-0.3493400670324291,4.83303483471432e-05,0.002224524036538083,-0.35,0.39169478358992593,0.0008085960934025207,0.002310423618854255,0.25,0.14298378698382153,-7.3127851195137e-05,0.003198515698117303,0.15
954,"[0.3706885229, -0.3493424835, 0.3916543538, 0.1429874434]","[-0.001031407978, 4.831811795e-05, 0.0008083919228, -7.310940832e-05]","[0.00170751253, 0.002224522268, 0.002310405754, 0.003198462707]",0.0013133847657778273,0.0056663054019905675,0.0001808085718051235,0.22862233057918951,0.37068852291372956,-0.001031407977510455,0.0017075125296725307,0.55,-0.3493424835498464,4.831811795196134e-05,0.002224522268343639,-0.35,0.3916543537852558,0.0008083919227690628,0.002310405754369747,0.25,0.14298744337638128,-7.310940831650242e-05,0.0031984627069748064,0.15
955,"[0.3707400933, -0.3493448995, 0.3916139342, 0.1429910988]","[-0.001031147483, 4.830589116e-05, 0.0008081878031, -7.309096967e-05]","[0.001707506863, 0.002224520501, 0.002310387898, 0.003198409741]",0.001313053085558878,0.0056659665198857635,0.00018071772116020365,0.2285567202122739,0.3707400933126051,-0.0010311474828484967,0.0017075068633746527,0.55,-0.34934489945574404,4.830589116079353e-05,0.0022245205011448624,-0.35,0.3916139341891174,0.0008081878031388434,0.0023103878983849737,0.25,0.14299109884679712,-7.309096967253172e-05,0.0031984097409892497,0.15
956,"[0.3707916507, -0.3493473148, 0.3915735248, 0.1429947534]","[-0.001030887054, 4.829366796e-05, 0.0008079837345, -7.307253527e-05]","[0.0017075012, 0.002224518735, 0.002310370051, 0.0031983568]",0.0013127214891018753,0.005665627743111592,0.00018062691909410443,0.22849112644829495,0.3707916506867475,-0.0010308870544068925,0.001707501199796878,0.55,-0.34934731475030206,4.82936679624165e-05,0.002224518734941216,-0.35,0.39157352479896046,0.0008079837345083794,0.0023103700508958613,0.25,0.14299475339528075,-7.307253526978619e-05,0.0031983568001488927,0.15
957,"[0.370843195, -0.3493497294, 0.3915331256, 0.142998407]","[-0.001030626692, 4.828144835e-05, 0.0008077797169, -7.305410511e-05]","[0.001707495539, 0.00222451697, 0.002310352212, 0.003198303884]",0.0013123899763858088,0.005665289071638067,0.0001805361655816511,0.22842554928307213,0.3708431950394679,-0.0010306266921609078,0.0017074955389378892,0.55,-0.3493497294337002,4.828144834569174e-05,0.002224516969732169,-0.35,0.391533125612235,0.0008077797168752252,0.002310352211898385,0.25,0.14299840702204425,-7.305410511417139e-05,0.0031983038844421497,0.15
958,"[0.3708947264, -0.3493521435, 0.3914927366, 0.1430020597]","[-0.001030366396, 4.82692323e-05, 0.0008075757502, -7.303567921e-05]","[0.001707489881, 0.002224515206, 0.002310334381, 0.003198250994]",0.0013120585473894398,0.005664950505435131,0.00018044546059768252,0.2283599887124262,0.37089472637407594,-0.0010303663960862738,0.0017074898807963648,0.55,-0.3493521435061175,4.8269232299652944e-05,0.002224515205517188,-0.35,0.3914927366263913,0.0008075757502359668,0.0023103343813884953,0.25,0.14300205972729996,-7.303567921152068e-05,0.0031982509938573854,0.15
959,"[0.3709462447, -0.349354557, 0.3914523578, 0.1430057115]","[-0.001030106166, 4.825701981e-05, 0.0008073718346, -7.301725757e-05]","[0.001707484225, 0.002224513442, 0.002310316559, 0.003198198128]",0.0013117272020916572,0.00566461204447266,0.0001803548041170471,0.2282944447321788,0.37094624469388027,-0.0010301061661587144,0.0017074842253709888,0.55,-0.3493545569677325,4.8257019813796175e-05,0.00222451344229574,-0.35,0.3914523578388795,0.0008073718345873473,0.002310316559362148,0.25,0.14300571151126054,-7.301725756801667e-05,0.0031981981283829026,0.15
960,"[0.37099775, -0.3493569698, 0.3914119892, 0.1430093624]","[-0.001029846002, 4.824481088e-05, 0.0008071679699, -7.299884019e-05]","[0.001707478573, 0.00222451168, 0.002310298746, 0.003198145288]",0.001311395940471271,0.005664273688720483,0.00018026419611460597,0.22822891733815276,0.3709977500021882,-0.0010298460023541918,0.0017074785726604409,0.55,-0.34935696981872316,4.824481087754664e-05,0.002224511680067292,-0.35,0.39141198924715015,0.0008071679699257378,0.0023102987458153,0.25,0.14300936237413894,-7.29988401892307e-05,0.003198145288007089,0.15
961,"[0.3710492423, -0.3493593821, 0.3913716308, 0.1430130123]","[-0.001029585905, 4.823260548e-05, 0.0008069641562, -7.298042708e-05]","[0.001707472923, 0.002224509919, 0.002310280941, 0.003198092473]",0.0013110647625073557,0.005663935438148345,0.00018017363656523357,0.2281634065261719,0.3710492423023059,-0.0010295859046485381,0.0017074729226634062,0.55,-0.34935938205926703,4.8232605480535604e-05,0.0022245099188313213,-0.35,0.39137163084865384,0.0008069641562481183,0.0023102809407439494,0.25,0.1430130123161484,-7.298042708043124e-05,0.003198092472718441,0.15
962,"[0.3711007216, -0.3493617937, 0.3913312826, 0.1430166613]","[-0.001029325873, 4.822040361e-05, 0.0008067603935, -7.296201825e-05]","[0.001707467275, 0.002224508159, 0.002310263144, 0.003198039683]",0.0013107336681784988,0.0056635972927259835,0.0001800831254438146,0.22809791229206103,0.3711007215975383,-0.0010293258730182104,0.0017074672753785653,0.55,-0.34936179368954107,4.8220403612764476e-05,0.002224508158587286,-0.35,0.39133128264084144,0.0008067603935497976,0.0023102631441440126,0.25,0.14301666133750243,-7.29620182475776e-05,0.0031980396825051637,0.15
963,"[0.3711521879, -0.3493642047, 0.3912909446, 0.1430203094]","[-0.001029065907, 4.820820526e-05, 0.0008065566818, -7.29436137e-05]","[0.001707461631, 0.002224506399, 0.002310245356, 0.003197986917]",0.0013104026574637974,0.005663259252423062,0.00017999266272524756,0.22803243463164602,0.37115218789118926,-0.0010290659074393387,0.0017074616308046027,0.55,-0.3493642047097217,4.8208205264273044e-05,0.0022245063993346632,-0.35,0.3912909446211639,0.0008065566818274087,0.002310245356011487,0.25,0.14302030943841482,-7.294361369572142e-05,0.0031979869173557507,0.15
964,"[0.3712036412, -0.3493666151, 0.3912506168, 0.1430239566]","[-0.001028806008, 4.819601043e-05, 0.0008063530211, -7.292521343e-05]","[0.001707455989, 0.002224504641, 0.002310227576, 0.003197934177]",0.0013100717303419843,0.005662921317209192,0.0001799022483844408,0.22796697354075396,0.37120364118656124,-0.001028806007888481,0.001707455988940202,0.55,-0.3493666151199849,4.819601042532071e-05,0.0022245046410729183,-0.35,0.39125061678707257,0.0008063530210764029,0.0023102275763423196,0.25,0.1430239566190996,-7.29252134302536e-05,0.0031979341772585233,0.15
965,"[0.3712550815, -0.3493690249, 0.3912102991, 0.1430276029]","[-0.001028546174, 4.818381909e-05, 0.0008061494113, -7.290681746e-05]","[0.00170745035, 0.002224502884, 0.002310209805, 0.003197881462]",0.0013097408867920786,0.0056625834870539125,0.0001798118823963159,0.22790152901521282,0.3712550814869557,-0.0010285461743421004,0.0017074503497840497,0.55,-0.34936902492050614,4.8183819086385526e-05,0.0022245028838015234,-0.35,0.39121029913601874,0.0008061494112928296,0.0023102098051324973,0.25,0.14302760287977112,-7.290681745628898e-05,0.003197881462201919,0.15
966,"[0.3713065088, -0.3493714341, 0.3911699917, 0.1430312482]","[-0.001028286407, 4.817163124e-05, 0.0008059458525, -7.288842578e-05]","[0.001707444713, 0.002224501128, 0.002310192042, 0.003197828772]",0.001309410126792826,0.00566224576192676,0.00017972156473580834,0.2278361010508516,0.3713065087956728,-0.001028286406777082,0.0017074447133348279,0.55,-0.3493714341114605,4.817163123806497e-05,0.0022245011275199454,-0.35,0.3911699916654541,0.000805945852471748,0.0023101920423779627,0.25,0.14303124822064395,-7.288842577894548e-05,0.003197828772174243,0.15
967,"[0.3713579231, -0.3493738427, 0.3911296944, 0.1430348926]","[-0.001028026705, 4.815944687e-05, 0.0008057423446, -7.28700384e-05]","[0.00170743908, 0.002224499372, 0.002310174288, 0.003197776107]",0.0013090794503232551,0.005661908141797181,0.00017963129537786182,0.22777068964350053,0.3713579231160116,-0.001028026705170079,0.0017074390795912247,0.55,-0.3493738426930224,4.8159446871154336e-05,0.00222449937222766,-0.35,0.39112969437283046,0.0008057423446089888,0.0023101742880747146,0.25,0.1430348926419329,-7.2870038403044e-05,0.003197776107163989,0.15
968,"[0.3714093245, -0.3493762507, 0.3910894073, 0.1430385361]","[-0.001027767069, 4.814726598e-05, 0.0008055388877, -7.285165533e-05]","[0.001707433449, 0.002224497618, 0.002310156542, 0.003197723467]",0.0013087488573621908,0.005661570626634606,0.000179541074297435,0.22770529478899074,0.3714093244512701,-0.001027767069498153,0.0017074334485519252,0.55,-0.349376250665366,4.814726597656317e-05,0.002224497617924137,-0.35,0.3910894072556,0.0008055388876995293,0.002310156542218712,0.25,0.14303853614385303,-7.28516553333283e-05,0.0031977234671595215,0.15
969,"[0.3714607128, -0.349378658, 0.3910491303, 0.1430421787]","[-0.0010275075, 4.813508855e-05, 0.0008053354817, -7.283327657e-05]","[0.00170742782, 0.002224495865, 0.002310138805, 0.003197670852]",0.001308418347888658,0.0056612332164084405,0.00017945090146949795,0.2276399164831544,0.371460712804745,-0.001027507499738232,0.001707427820215619,0.55,-0.3493786580286648,4.8135088545501917e-05,0.002224495864608849,-0.35,0.391049130311215,0.0008053354817388235,0.002310138804805945,0.25,0.1430421787266197,-7.283327657455633e-05,0.003197670852149274,0.15
970,"[0.3715120882, -0.3493810648, 0.3910088635, 0.1430458204]","[-0.001027247996, 4.812291457e-05, 0.0008051321267, -7.281490213e-05]","[0.001707422195, 0.002224494112, 0.002310121076, 0.003197618262]",0.0013080879218814033,0.0056608959110879984,0.00017936077686903342,0.2275745547218249,0.3715120881797319,-0.0010272479958676828,0.0017074221945809897,0.55,-0.34938106478309205,4.812291456921972e-05,0.0022244941122812633,-0.35,0.3910088635371281,0.0008051321267213153,0.0023101210758323634,0.25,0.14304582039044844,-7.281490213145256e-05,0.003197618262121579,0.15
971,"[0.3715634506, -0.3493834709, 0.3909686069, 0.1430494611]","[-0.001026988558, 4.811074404e-05, 0.0008049288226, -7.279653201e-05]","[0.001707416572, 0.002224492361, 0.002310103355, 0.003197565697]",0.0013077575793194627,0.005660558710642533,0.0001792707004710342,0.22750920950083636,0.3715634505795253,-0.001026988557863797,0.0017074165716467265,0.55,-0.3493834709288205,4.811074403913649e-05,0.002224492360940857,-0.35,0.39096860693079205,0.0008049288226420328,0.002310103355293963,0.25,0.143049461135555,-7.279653200840471e-05,0.0031975656970649174,0.15
972,"[0.3716148, -0.3493858765, 0.3909283605, 0.143053101]","[-0.001026729186, 4.809857695e-05, 0.0008047255695, -7.277816621e-05]","[0.001707410951, 0.002224490611, 0.002310085643, 0.003197513157]",0.001307427320181805,0.0056602216150413425,0.00017918067225050705,0.2274438808160243,0.3716148000074185,-0.001026729185703822,0.0017074109514115194,0.55,-0.3493858764660224,4.809857694683522e-05,0.0022244906105871034,-0.35,0.39092836048965995,0.0008047255694959537,0.0023100856431867343,0.25,0.14305310096215543,-7.277816620968745e-05,0.003197513156967744,0.15
973,"[0.3716661365, -0.3493882814, 0.3908881242, 0.1430567399]","[-0.001026469879, 4.808641328e-05, 0.0008045223673, -7.275980474e-05]","[0.001707405334, 0.002224488861, 0.00231006794, 0.003197460642]",0.0013070971444472316,0.005659884624253592,0.0001790906921824697,0.22737856866322506,0.37166613646670366,-0.0010264698793654634,0.001707405333874057,0.55,-0.34938828139486977,4.80864132841165e-05,0.0022244888612194718,-0.35,0.3908881242111852,0.0008045223672771543,0.0023100679395066325,0.25,0.1430567398704659,-7.275980473991904e-05,0.0031974606418183798,0.15
974,"[0.37171746, -0.3493906857, 0.3908478981, 0.1430603779]","[-0.001026210639, 4.807425304e-05, 0.000804319216, -7.27414476e-05]","[0.001707399719, 0.002224487113, 0.002310050244, 0.003197408152]",0.0013067670520947516,0.005659547738248462,0.00017900076024195404,0.2273132730382762,0.3717174599606719,-0.0010262106388263718,0.0017073997190330278,0.55,-0.349390685715534,4.8074253042887595e-05,0.0022244871128374363,-0.35,0.39084789809282133,0.0008043192159801514,0.002310050244249649,0.25,0.14306037786070291,-7.27414476032739e-05,0.003197408151605285,0.15
975,"[0.3717687705, -0.3493930894, 0.3908076821, 0.1430640149]","[-0.001025951464, 4.806209622e-05, 0.0008041161156, -7.27230948e-05]","[0.001707394107, 0.002224485365, 0.002310032557, 0.003197355686]",0.0013064370431033255,0.005659210956995079,0.00017891087640400195,0.22724799393701614,0.3717687704926132,-0.0010259514640642252,0.0017073941068871236,0.55,-0.34939308942818614,4.806209621520789e-05,0.0022244853654404713,-0.35,0.3908076821320223,0.00080411611559935,0.002310032557411773,0.25,0.14306401493308307,-7.27230948038237e-05,0.0031973556863169024,0.15
976,"[0.3718200681, -0.3493954925, 0.3907674763, 0.1430676511]","[-0.001025692355, 4.804994279e-05, 0.0008039130661, -7.270474635e-05]","[0.001707388497, 0.002224483619, 0.002310014879, 0.003197303246]",0.0013061071174518648,0.005658874280462563,0.00017882104064366849,0.22718273135528444,0.3718200680658164,-0.0010256923550569074,0.0017073884974350335,0.55,-0.3493954925329969,4.804994279317199e-05,0.0022244836190280525,-0.35,0.39076747632624237,0.0008039130661288322,0.00231001487898899,0.25,0.14306765108782327,-7.270474634538735e-05,0.0031973032459416905,0.15
977,"[0.3718713527, -0.349397895, 0.3907272807, 0.1430712863]","[-0.001025433312, 4.803779277e-05, 0.0008037100676, -7.268640223e-05]","[0.001707382891, 0.002224481874, 0.002309997209, 0.00319725083]",0.0013057772751193118,0.00565853770861994,0.0001787312529360205,0.22711748528892178,0.37187135268356925,-0.0010254333117824103,0.0017073828906754506,0.55,-0.3493978950301366,4.803779276927279e-05,0.0022244818735996505,-0.35,0.39072728067293594,0.0008037100675625144,0.002309997208977277,0.25,0.14307128632514055,-7.2686402232385e-05,0.003197250830468011,0.15
978,"[0.3719226243, -0.3494002969, 0.3906870952, 0.1430749206]","[-0.001025174334, 4.802564614e-05, 0.0008035071199, -7.266806247e-05]","[0.001707377287, 0.002224480129, 0.002309979547, 0.00319719844]",0.0013054475160846537,0.005658201241436219,0.0001786415132561369,0.22705225573376978,0.37192262434915835,-0.0010251743342188221,0.0017073772866070661,0.55,-0.34940029691977503,4.8025646135836155e-05,0.0022244801291547434,-0.35,0.3906870951695578,0.0008035071198943596,0.0023099795473726305,0.25,0.14307492064525215,-7.266806246827921e-05,0.0031971984398843707,0.15
979,"[0.3719738831, -0.3494026982, 0.3906469198, 0.143078554]","[-0.001024915422, 4.801350289e-05, 0.0008033042231, -7.264972706e-05]","[0.001707371685, 0.002224478386, 0.002309961894, 0.003197146074]",0.0013051178403268903,0.005657864878880448,0.00017855182157910964,0.22698704268567113,0.3719738830658693,-0.0010249154223442203,0.0017073716852285727,0.55,-0.3494026982020818,4.8013502885578065e-05,0.002224478385692805,-0.35,0.3906469198135631,0.0008033042231182992,0.0023099618941710446,0.25,0.14307855404837558,-7.26497270570024e-05,0.0031971460741791993,0.15
980,"[0.3720251288, -0.3494050989, 0.3906067546, 0.1430821865]","[-0.001024656576, 4.800136301e-05, 0.0008031013772, -7.2631396e-05]","[0.001707366087, 0.002224476643, 0.002309944249, 0.003197093733]",0.0013047882478249278,0.005657528620921524,0.00017846217788004175,0.22692184614046965,0.3720251288369865,-0.001024656576136991,0.0017073660865386628,0.55,-0.3494050988772261,4.800136301111588e-05,0.002224476643213312,-0.35,0.3906067546024072,0.0008031013772277598,0.0023099442493685063,0.25,0.14308218653472843,-7.263139600210057e-05,0.0031970937333409663,0.15
981,"[0.3720763617, -0.3494074989, 0.3905665995, 0.1430858181]","[-0.001024397796, 4.798922651e-05, 0.0008028985822, -7.261306931e-05]","[0.001707360491, 0.002224474902, 0.002309926613, 0.003197041417]",0.0013044587385577493,0.005657192467528367,0.00017837258213404916,0.22685666609401012,0.3720763616657934,-0.0010243977955754844,0.0017073604905360302,0.55,-0.34940749894537665,4.798922650542054e-05,0.002224474901715738,-0.35,0.3905665995335458,0.0008028985822162978,0.002309926612961007,0.25,0.14308581810452853,-7.261306930734201e-05,0.0031970414173580868,0.15
982,"[0.3721275816, -0.3494098984, 0.3905264546, 0.1430894488]","[-0.001024139081, 4.797709336e-05, 0.0008026958381, -7.259474698e-05]","[0.001707354897, 0.002224473161, 0.002309908985, 0.003196989126]",0.001304129312504356,0.00565685641866991,0.00017828303431626007,0.2267915025421384,0.3721275815555722,-0.0010241390806381026,0.0017073548972193699,0.55,-0.34940989840670195,4.7977093361434027e-05,0.002224473161199561,-0.35,0.39052645460443497,0.0008026958380774618,0.0023099089849445463,0.25,0.1430894487579939,-7.259474697617727e-05,0.003196989126219056,0.15
983,"[0.3721787885, -0.3494122973, 0.3904863198, 0.1430930785]","[-0.001023880431, 4.796496357e-05, 0.0008024931448, -7.257642901e-05]","[0.001707349307, 0.002224471422, 0.002309891365, 0.00319693686]",0.0013037999696437067,0.0056565204743149475,0.00017819353440181427,0.2267263554807014,0.37217878850960406,-0.0010238804313034977,0.0017073493065873754,0.55,-0.34941229726137,4.7964963572302064e-05,0.0022244714216642547,-0.35,0.39048631981253107,0.0008024931448043999,0.0023098913653151146,0.25,0.1430930784953427,-7.257642901208565e-05,0.003196936859912299,0.15
984,"[0.3722299825, -0.3494146955, 0.3904461952, 0.1430967073]","[-0.001023621848, 4.795283713e-05, 0.0008022905024, -7.255811542e-05]","[0.001707343719, 0.002224469683, 0.002309873754, 0.003196884618]",0.0013034707099548871,0.005656184634432361,0.00017810408236586394,0.2266612249055471,0.37222998253116923,-0.0010236218475502292,0.0017073437186387438,0.55,-0.3494146955095486,4.795283713125999e-05,0.0022244696831093006,-0.35,0.39044619515529083,0.0008022905023906004,0.002309873754068724,0.25,0.1430967073167933,-7.255811541829206e-05,0.0031968846184263432,0.15
985,"[0.3722811636, -0.3494170932, 0.3904060806, 0.1431003352]","[-0.001023363329, 4.794071403e-05, 0.0008020879108, -7.25398062e-05]","[0.001707338133, 0.002224467946, 0.002309856151, 0.003196832402]",0.0013031415334167759,0.005655848898990929,0.0001780146781835736,0.22659611081252448,0.37228116362354674,-0.001023363329357108,0.0017073381333721704,0.55,-0.3494170931514052,4.7940714031714206e-05,0.0022244679455341717,-0.35,0.3904060806301713,0.0008020879108288586,0.0023098561512013595,0.25,0.1431003352225642,-7.253980619830355e-05,0.003196832401749596,0.15
986,"[0.3723323318, -0.3494194902, 0.3903659762, 0.1431039622]","[-0.001023104877, 4.792859427e-05, 0.0008018853701, -7.252150136e-05]","[0.001707332551, 0.002224466209, 0.002309838557, 0.00319678021]",0.0013028124400083344,0.005655513267959443,0.0001779253218301207,0.22653101319748362,0.37233233179001457,-0.0010231048767029996,0.0017073325507863501,0.55,-0.3494194901871068,4.7928594267110645e-05,0.002224466208938344,-0.35,0.3903659762346299,0.000801885370112066,0.0023098385567090164,0.25,0.14310396221287414,-7.252150135527773e-05,0.0031967802098705153,0.15
987,"[0.372383487, -0.3494218866, 0.390325882, 0.1431075883]","[-0.00102284649, 4.791647783e-05, 0.0008016828802, -7.250320089e-05]","[0.001707326971, 0.002224464473, 0.002309820971, 0.003196728043]",0.0013024834297086906,0.005655177741306642,0.00017783601328069396,0.22646593205627558,0.3723834870338497,-0.0010228464895668092,0.0017073269708799811,0.55,-0.3494218866168201,4.791647783100556e-05,0.0022244644733213,-0.35,0.3903258819661243,0.0008016828802333468,0.002309820970587715,0.25,0.1431075882879419,-7.250320089213373e-05,0.003196728042777661,0.15
988,"[0.3724346294, -0.3494242824, 0.3902857978, 0.1431112134]","[-0.001022588168, 4.790436472e-05, 0.0008014804412, -7.248490481e-05]","[0.001707321394, 0.002224462739, 0.002309803393, 0.0031966759]",0.001302154502496839,0.005654842319001218,0.00017774675251049362,0.22640086738475249,0.37243462935832805,-0.0010225881679274665,0.001707321393651762,0.55,-0.34942428244071166,4.790436471715977e-05,0.0022244627386825157,-0.35,0.3902857978221126,0.0008014804411855333,0.0023098033928334576,0.25,0.1431112134479865,-7.248490481215023e-05,0.0031966759004594804,0.15
989,"[0.3724857588, -0.3494266777, 0.3902457238, 0.1431148377]","[-0.001022329912, 4.789225492e-05, 0.000801278053, -7.246661312e-05]","[0.001707315819, 0.002224461005, 0.002309785823, 0.003196623783]",0.0013018256583518272,0.005654507001011886,0.00017765753949473413,0.22633581917876758,0.3724857587667244,-0.001022329911764056,0.0017073158191003913,0.55,-0.3494266776589475,4.789225491935899e-05,0.0022244610050214716,-0.35,0.3902457238000533,0.0008012780529613913,0.0023097858234422592,0.25,0.1431148376932271,-7.246661311808852e-05,0.003196623782904506,0.15
990,"[0.3725368753, -0.3494290723, 0.3902056599, 0.143118461]","[-0.001022071721, 4.788014843e-05, 0.0008010757156, -7.244832581e-05]","[0.001707310247, 0.002224459272, 0.002309768262, 0.00319657169]",0.0013014968972525666,0.00565417178730732,0.0001775683742086413,0.22627078743417509,0.3725368752623126,-0.0010220717210559225,0.0017073102472245651,0.55,-0.3494290722716935,4.788014843158355e-05,0.0022244592723376423,-0.35,0.39020565989740524,0.0008010757155530859,0.0023097682624101034,0.25,0.143118461023883,-7.24483258131145e-05,0.003196571690101145,0.15
991,"[0.3725879788, -0.3494314663, 0.3901656061, 0.1431220834]","[-0.001021813596, 4.786804525e-05, 0.000800873429, -7.24300429e-05]","[0.001707304678, 0.002224457541, 0.00230975071, 0.003196519622]",0.0013011682191781952,0.005653836677856151,0.00017747925662745176,0.2262057721468303,0.3725879788483654,-0.0010218135957821759,0.0017073046780229852,0.55,-0.3494314662791151,4.786804524779766e-05,0.002224457540630511,-0.35,0.3901656061116276,0.0008008734289535024,0.002309750709733023,0.25,0.14312208344017366,-7.243004289982098e-05,0.0031965196220379776,0.15
992,"[0.3726390695, -0.3494338597, 0.3901255624, 0.1431257049]","[-0.001021555536, 4.785594536e-05, 0.0008006711932, -7.241176438e-05]","[0.001707299111, 0.00222445581, 0.002309733165, 0.003196467579]",0.0013008396241076128,0.0056535016726270045,0.00017739018672641708,0.22614077331258958,0.3726390695281545,-0.0010215555359222622,0.0017072991114943507,0.55,-0.34943385968137747,4.7855945362211997e-05,0.002224455809899553,-0.35,0.39012556244017993,0.0008006711931546559,0.0023097331654070093,0.25,0.14312570494231866,-7.241176438123903e-05,0.0031964675787034364,0.15
993,"[0.3726901473, -0.3494362525, 0.3900855289, 0.1431293255]","[-0.001021297541, 4.784384877e-05, 0.0008004690081, -7.239349026e-05]","[0.001707293548, 0.00222445408, 0.002309715629, 0.00319641556]",0.001300511112019994,0.005653166771588459,0.0001773011644807989,0.22607579092731023,0.37269014730495065,-0.0010212975414555451,0.0017072935476373618,0.55,-0.34943625247864557,4.78438487690756e-05,0.002224454080144249,-0.35,0.39008552888052217,0.0008004690081491461,0.002309715629428085,0.25,0.14312932553053773,-7.23934902599974e-05,0.003196415560086043,0.15
994,"[0.3727412122, -0.3494386447, 0.3900455054, 0.1431329452]","[-0.001021039612, 4.783175546e-05, 0.0008002668739, -7.237522054e-05]","[0.001707287986, 0.002224452351, 0.002309698102, 0.003196363566]",0.001300182682894308,0.0056528319747091325,0.00017721218986587215,0.22601082498685077,0.37274121218202344,-0.0010210396123615311,0.0017072879864507204,0.55,-0.34943864467108404,4.78317554626385e-05,0.002224452351364083,-0.35,0.39004550543011474,0.000800266873929073,0.00230969810179227,0.25,0.14313294520505074,-7.237522053856847e-05,0.0031963635661743576,0.15
995,"[0.3727922642, -0.3494410363, 0.3900054921, 0.143136564]","[-0.001020781749, 4.781966544e-05, 0.0008000647905, -7.235695522e-05]","[0.001707282428, 0.002224450624, 0.002309680582, 0.003196311597]",0.0012998543367095934,0.005652497281957512,0.0001771232628569234,0.22594587548707065,0.3727922641626415,-0.0010207817486198633,0.0017072824279331274,0.55,-0.3494410362588572,4.781966543740746e-05,0.00222445062355853,-0.35,0.39000549208641827,0.0008000647904864302,0.0023096805824955697,0.25,0.14313656396607766,-7.235695521973595e-05,0.0031963115969568336,0.15
996,"[0.3728433033, -0.3494434272, 0.3899654888, 0.1431401818]","[-0.00102052395, 4.780757869e-05, 0.0007998627578, -7.233869431e-05]","[0.001707276872, 0.002224448897, 0.002309663072, 0.003196259652]",0.0012995260734449318,0.005652162693302195,0.00017703438342925255,0.22588094242383044,0.3728433032500725,-0.0010205239502101351,0.0017072768720832858,0.55,-0.34944342724212907,4.780757868795469e-05,0.0022244488967270728,-0.35,0.38996548884689397,0.0007998627578133632,0.0023096630715340053,0.25,0.14314018181383864,-7.233869430602184e-05,0.003196259652422003,0.15
997,"[0.3728943294, -0.3494458176, 0.3899254957, 0.1431437987]","[-0.001020266217, 4.779549521e-05, 0.0007996607759, -7.23204378e-05]","[0.001707271319, 0.002224447171, 0.002309645569, 0.003196207733]",0.001299197893079419,0.005651828208711674,0.00017694555155817003,0.2258160257929916,0.372894329447583,-0.0010202662171120277,0.0017072713188998982,0.55,-0.34944581762106347,4.7795495208838765e-05,0.0022244471708691947,-0.35,0.3899254957090033,0.0007996607759019572,0.0023096455689036056,0.25,0.14314379874855393,-7.232043779967048e-05,0.0031962077325584396,0.15
998,"[0.3729453428, -0.3494482074, 0.3898855127, 0.1431474148]","[-0.001020008549, 4.778341499e-05, 0.0007994588447, -7.23021857e-05]","[0.001707265768, 0.002224445446, 0.002309628075, 0.003196155837]",0.0012988697955920935,0.005651493828154426,0.0001768567672189999,0.2257511255904168,0.3729453427584386,-0.0010200085493053872,0.0017072657683816685,0.55,-0.34944820739582394,4.778341499477351e-05,0.0022244454459843747,-0.35,0.3898855126702082,0.0007994588447439699,0.002309628074600388,0.25,0.1431474147704439,-7.23021857030639e-05,0.0031961558373546444,0.15
999,"[0.3729963432, -0.3494505966, 0.3898455397, 0.1431510299]","[-0.001019750947, 4.777133804e-05, 0.0007992569643, -7.228393802e-05]","[0.001707260221, 0.002224443722, 0.002309610589, 0.003196103967]",0.0012985417809619954,0.005651159551598947,0.00017676803038707914,0.22568624181196975,0.37299634318590386,-0.0010197509467701025,0.0017072602205273001,0.55,-0.3494505965665737,4.7771338040665854e-05,0.0022244437220720944,-0.35,0.38984553972797104,0.0007992569643310811,0.00230961058862037,0.25,0.14315102987972905,-7.228393801876303e-05,0.003196103966799128,0.15
1000,"[0.3730473307, -0.3494529851, 0.3898055769, 0.1431546441]","[-0.001019493409, 4.775926434e-05, 0.0007990551347, -7.226569475e-05]","[0.001707254675, 0.002224441999, 0.002309593111, 0.003196052121]",0.001298213849168203,0.005650825379013681,0.00017667934103775428,0.2256213744535151,0.37304733073324237,-0.0010194934094861212,0.0017072546753354977,0.55,-0.3494529851334757,4.7759264341366594e-05,0.002224441999131835,-0.35,0.3898055768797545,0.0007990551346549952,0.0023095931109595744,0.25,0.14315464407662998,-7.226569474892728e-05,0.0031960521208804216,0.15
